ISO-10303-21;
HEADER;
/* Generated by software containing ST-Developer
 * from STEP Tools, Inc. (www.steptools.com) 
 */

FILE_DESCRIPTION(
/* description */ (''),
/* implementation_level */ '2;1');

FILE_NAME(
/* name */ 'HackpadBottom.step',
/* time_stamp */ '2025-12-06T15:18:22+05:30',
/* author */ (''),
/* organization */ (''),
/* preprocessor_version */ 'ST-DEVELOPER v20.1',
/* originating_system */ 'Autodesk Translation Framework v14.21.0.0',
/* authorisation */ '');

FILE_SCHEMA (('AUTOMOTIVE_DESIGN { 1 0 10303 214 3 1 1 }'));
ENDSEC;

DATA;
#10=MECHANICAL_DESIGN_GEOMETRIC_PRESENTATION_REPRESENTATION('',(#70,#71),
#1843);
#11=SHAPE_REPRESENTATION_RELATIONSHIP('SRR','None',#1850,#12);
#12=ADVANCED_BREP_SHAPE_REPRESENTATION('',(#72,#73),#1842);
#13=B_SPLINE_CURVE_WITH_KNOTS('',3,(#1401,#1402,#1403,#1404,#1405),
 .UNSPECIFIED.,.F.,.F.,(4,1,4),(0.,0.145363186227938,0.290206913973597),
 .UNSPECIFIED.);
#14=B_SPLINE_CURVE_WITH_KNOTS('',3,(#1409,#1410,#1411,#1412,#1413),
 .UNSPECIFIED.,.F.,.F.,(4,1,4),(-0.290206913973597,-0.145363186227938,0.),
 .UNSPECIFIED.);
#15=B_SPLINE_CURVE_WITH_KNOTS('',3,(#1426,#1427,#1428,#1429,#1430),
 .UNSPECIFIED.,.F.,.F.,(4,1,4),(0.,0.170545113252729,0.384203781415023),
 .UNSPECIFIED.);
#16=B_SPLINE_CURVE_WITH_KNOTS('',3,(#1432,#1433,#1434,#1435,#1436),
 .UNSPECIFIED.,.F.,.F.,(4,1,4),(-0.384203781415023,-0.170545113252729,0.),
 .UNSPECIFIED.);
#17=B_SPLINE_CURVE_WITH_KNOTS('',3,(#1449,#1450,#1451,#1452,#1453),
 .UNSPECIFIED.,.F.,.F.,(4,1,4),(0.,0.210476483055076,0.382398290166405),
 .UNSPECIFIED.);
#18=B_SPLINE_CURVE_WITH_KNOTS('',3,(#1455,#1456,#1457,#1458,#1459),
 .UNSPECIFIED.,.F.,.F.,(4,1,4),(-0.382398290166405,-0.210476483055076,0.),
 .UNSPECIFIED.);
#19=B_SPLINE_CURVE_WITH_KNOTS('',3,(#1472,#1473,#1474,#1475,#1476),
 .UNSPECIFIED.,.F.,.F.,(4,1,4),(0.,0.144801014982756,0.287523171616377),
 .UNSPECIFIED.);
#20=B_SPLINE_CURVE_WITH_KNOTS('',3,(#1478,#1479,#1480,#1481,#1482),
 .UNSPECIFIED.,.F.,.F.,(4,1,4),(-0.287523171616377,-0.144801014982756,0.),
 .UNSPECIFIED.);
#21=B_SPLINE_CURVE_WITH_KNOTS('',3,(#1495,#1496,#1497,#1498,#1499),
 .UNSPECIFIED.,.F.,.F.,(4,1,4),(0.,0.143510932522537,0.294867871666755),
 .UNSPECIFIED.);
#22=B_SPLINE_CURVE_WITH_KNOTS('',3,(#1501,#1502,#1503,#1504,#1505),
 .UNSPECIFIED.,.F.,.F.,(4,1,4),(-0.294867871666755,-0.143510932522537,0.),
 .UNSPECIFIED.);
#23=B_SPLINE_CURVE_WITH_KNOTS('',3,(#1518,#1519,#1520,#1521,#1522),
 .UNSPECIFIED.,.F.,.F.,(4,1,4),(0.,0.178220918872186,0.398712103208523),
 .UNSPECIFIED.);
#24=B_SPLINE_CURVE_WITH_KNOTS('',3,(#1524,#1525,#1526,#1527,#1528),
 .UNSPECIFIED.,.F.,.F.,(4,1,4),(-0.398712103208523,-0.178220918872186,0.),
 .UNSPECIFIED.);
#25=B_SPLINE_CURVE_WITH_KNOTS('',3,(#1541,#1542,#1543,#1544,#1545),
 .UNSPECIFIED.,.F.,.F.,(4,1,4),(0.,0.212522542111962,0.380670411451761),
 .UNSPECIFIED.);
#26=B_SPLINE_CURVE_WITH_KNOTS('',3,(#1547,#1548,#1549,#1550,#1551),
 .UNSPECIFIED.,.F.,.F.,(4,1,4),(-0.380670411451761,-0.212522542111962,0.),
 .UNSPECIFIED.);
#27=B_SPLINE_CURVE_WITH_KNOTS('',3,(#1563,#1564,#1565,#1566,#1567),
 .UNSPECIFIED.,.F.,.F.,(4,1,4),(0.,0.143256232437967,0.285505976964006),
 .UNSPECIFIED.);
#28=B_SPLINE_CURVE_WITH_KNOTS('',3,(#1568,#1569,#1570,#1571,#1572),
 .UNSPECIFIED.,.F.,.F.,(4,1,4),(-0.285505976964006,-0.143256232437967,0.),
 .UNSPECIFIED.);
#29=B_SPLINE_CURVE_WITH_KNOTS('',3,(#1593,#1594,#1595,#1596,#1597),
 .UNSPECIFIED.,.F.,.F.,(4,1,4),(0.,0.309282048105256,0.671234266436016),
 .UNSPECIFIED.);
#30=B_SPLINE_CURVE_WITH_KNOTS('',3,(#1599,#1600,#1601,#1602,#1603),
 .UNSPECIFIED.,.F.,.F.,(4,1,4),(-0.671234266436016,-0.309282048105256,0.),
 .UNSPECIFIED.);
#31=B_SPLINE_CURVE_WITH_KNOTS('',3,(#1616,#1617,#1618,#1619,#1620),
 .UNSPECIFIED.,.F.,.F.,(4,1,4),(0.,0.408400269805735,0.671570606984117),
 .UNSPECIFIED.);
#32=B_SPLINE_CURVE_WITH_KNOTS('',3,(#1622,#1623,#1624,#1625,#1626),
 .UNSPECIFIED.,.F.,.F.,(4,1,4),(-0.671570606984117,-0.408400269805735,0.),
 .UNSPECIFIED.);
#33=B_SPLINE_CURVE_WITH_KNOTS('',3,(#1645,#1646,#1647,#1648,#1649),
 .UNSPECIFIED.,.F.,.F.,(4,1,4),(0.,0.129519111824086,0.251457082998913),
 .UNSPECIFIED.);
#34=B_SPLINE_CURVE_WITH_KNOTS('',3,(#1651,#1652,#1653,#1654,#1655),
 .UNSPECIFIED.,.F.,.F.,(4,1,4),(-0.251457082998913,-0.129519111824086,0.),
 .UNSPECIFIED.);
#35=B_SPLINE_CURVE_WITH_KNOTS('',3,(#1668,#1669,#1670,#1671,#1672),
 .UNSPECIFIED.,.F.,.F.,(4,1,4),(0.,0.255141676769679,0.53194003390637),
 .UNSPECIFIED.);
#36=B_SPLINE_CURVE_WITH_KNOTS('',3,(#1674,#1675,#1676,#1677,#1678),
 .UNSPECIFIED.,.F.,.F.,(4,1,4),(-0.53194003390637,-0.255141676769679,0.),
 .UNSPECIFIED.);
#37=B_SPLINE_CURVE_WITH_KNOTS('',3,(#1691,#1692,#1693,#1694,#1695),
 .UNSPECIFIED.,.F.,.F.,(4,1,4),(0.,0.226355819186689,0.448313159122027),
 .UNSPECIFIED.);
#38=B_SPLINE_CURVE_WITH_KNOTS('',3,(#1697,#1698,#1699,#1700,#1701),
 .UNSPECIFIED.,.F.,.F.,(4,1,4),(-0.448313159122027,-0.226355819186689,0.),
 .UNSPECIFIED.);
#39=B_SPLINE_CURVE_WITH_KNOTS('',3,(#1714,#1715,#1716,#1717,#1718),
 .UNSPECIFIED.,.F.,.F.,(4,1,4),(0.,0.244374755272145,0.529552225485145),
 .UNSPECIFIED.);
#40=B_SPLINE_CURVE_WITH_KNOTS('',3,(#1720,#1721,#1722,#1723,#1724),
 .UNSPECIFIED.,.F.,.F.,(4,1,4),(-0.529552225485145,-0.244374755272145,0.),
 .UNSPECIFIED.);
#41=B_SPLINE_CURVE_WITH_KNOTS('',3,(#1737,#1738,#1739,#1740,#1741),
 .UNSPECIFIED.,.F.,.F.,(4,1,4),(0.,0.289914687964581,0.531917881442716),
 .UNSPECIFIED.);
#42=B_SPLINE_CURVE_WITH_KNOTS('',3,(#1743,#1744,#1745,#1746,#1747),
 .UNSPECIFIED.,.F.,.F.,(4,1,4),(-0.531917881442716,-0.289914687964581,0.),
 .UNSPECIFIED.);
#43=B_SPLINE_CURVE_WITH_KNOTS('',3,(#1760,#1761,#1762,#1763,#1764),
 .UNSPECIFIED.,.F.,.F.,(4,1,4),(0.,0.219695209224725,0.447670465902685),
 .UNSPECIFIED.);
#44=B_SPLINE_CURVE_WITH_KNOTS('',3,(#1766,#1767,#1768,#1769,#1770),
 .UNSPECIFIED.,.F.,.F.,(4,1,4),(-0.447670465902685,-0.219695209224725,0.),
 .UNSPECIFIED.);
#45=B_SPLINE_CURVE_WITH_KNOTS('',3,(#1783,#1784,#1785,#1786,#1787),
 .UNSPECIFIED.,.F.,.F.,(4,1,4),(0.,0.14021829850392,0.260675715284682),
 .UNSPECIFIED.);
#46=B_SPLINE_CURVE_WITH_KNOTS('',3,(#1789,#1790,#1791,#1792,#1793),
 .UNSPECIFIED.,.F.,.F.,(4,1,4),(-0.260675715284682,-0.14021829850392,0.),
 .UNSPECIFIED.);
#47=B_SPLINE_CURVE_WITH_KNOTS('',3,(#1806,#1807,#1808,#1809,#1810),
 .UNSPECIFIED.,.F.,.F.,(4,1,4),(0.,0.121934164751275,0.262375035329489),
 .UNSPECIFIED.);
#48=B_SPLINE_CURVE_WITH_KNOTS('',3,(#1812,#1813,#1814,#1815,#1816),
 .UNSPECIFIED.,.F.,.F.,(4,1,4),(-0.262375035329489,-0.121934164751275,0.),
 .UNSPECIFIED.);
#49=B_SPLINE_CURVE_WITH_KNOTS('',3,(#1828,#1829,#1830,#1831,#1832),
 .UNSPECIFIED.,.F.,.F.,(4,1,4),(0.,0.0794474134200592,0.230427279332586),
 .UNSPECIFIED.);
#50=B_SPLINE_CURVE_WITH_KNOTS('',3,(#1833,#1834,#1835,#1836,#1837),
 .UNSPECIFIED.,.F.,.F.,(4,1,4),(-0.230427279332586,-0.0794474134200592,
0.),.UNSPECIFIED.);
#51=B_SPLINE_SURFACE_WITH_KNOTS('',3,1,((#1389,#1390),(#1391,#1392),(#1393,
#1394),(#1395,#1396),(#1397,#1398)),.UNSPECIFIED.,.F.,.F.,.F.,(4,1,4),(2,
2),(-0.290206913973597,-0.145363186227938,0.),(0.,0.02),.UNSPECIFIED.);
#52=B_SPLINE_SURFACE_WITH_KNOTS('',3,1,((#1415,#1416),(#1417,#1418),(#1419,
#1420),(#1421,#1422),(#1423,#1424)),.UNSPECIFIED.,.F.,.F.,.F.,(4,1,4),(2,
2),(-0.384203781415023,-0.170545113252729,0.),(0.,0.02),.UNSPECIFIED.);
#53=B_SPLINE_SURFACE_WITH_KNOTS('',3,1,((#1438,#1439),(#1440,#1441),(#1442,
#1443),(#1444,#1445),(#1446,#1447)),.UNSPECIFIED.,.F.,.F.,.F.,(4,1,4),(2,
2),(-0.382398290166405,-0.210476483055076,0.),(0.,0.02),.UNSPECIFIED.);
#54=B_SPLINE_SURFACE_WITH_KNOTS('',3,1,((#1461,#1462),(#1463,#1464),(#1465,
#1466),(#1467,#1468),(#1469,#1470)),.UNSPECIFIED.,.F.,.F.,.F.,(4,1,4),(2,
2),(-0.287523171616377,-0.144801014982756,0.),(0.,0.02),.UNSPECIFIED.);
#55=B_SPLINE_SURFACE_WITH_KNOTS('',3,1,((#1484,#1485),(#1486,#1487),(#1488,
#1489),(#1490,#1491),(#1492,#1493)),.UNSPECIFIED.,.F.,.F.,.F.,(4,1,4),(2,
2),(-0.294867871666755,-0.143510932522537,0.),(0.,0.02),.UNSPECIFIED.);
#56=B_SPLINE_SURFACE_WITH_KNOTS('',3,1,((#1507,#1508),(#1509,#1510),(#1511,
#1512),(#1513,#1514),(#1515,#1516)),.UNSPECIFIED.,.F.,.F.,.F.,(4,1,4),(2,
2),(-0.398712103208523,-0.178220918872186,0.),(0.,0.02),.UNSPECIFIED.);
#57=B_SPLINE_SURFACE_WITH_KNOTS('',3,1,((#1530,#1531),(#1532,#1533),(#1534,
#1535),(#1536,#1537),(#1538,#1539)),.UNSPECIFIED.,.F.,.F.,.F.,(4,1,4),(2,
2),(-0.380670411451761,-0.212522542111962,0.),(0.,0.02),.UNSPECIFIED.);
#58=B_SPLINE_SURFACE_WITH_KNOTS('',3,1,((#1553,#1554),(#1555,#1556),(#1557,
#1558),(#1559,#1560),(#1561,#1562)),.UNSPECIFIED.,.F.,.F.,.F.,(4,1,4),(2,
2),(-0.285505976964006,-0.143256232437967,0.),(0.,0.02),.UNSPECIFIED.);
#59=B_SPLINE_SURFACE_WITH_KNOTS('',3,1,((#1582,#1583),(#1584,#1585),(#1586,
#1587),(#1588,#1589),(#1590,#1591)),.UNSPECIFIED.,.F.,.F.,.F.,(4,1,4),(2,
2),(-0.671234266436016,-0.309282048105256,0.),(0.,0.02),.UNSPECIFIED.);
#60=B_SPLINE_SURFACE_WITH_KNOTS('',3,1,((#1605,#1606),(#1607,#1608),(#1609,
#1610),(#1611,#1612),(#1613,#1614)),.UNSPECIFIED.,.F.,.F.,.F.,(4,1,4),(2,
2),(-0.671570606984117,-0.408400269805735,0.),(0.,0.02),.UNSPECIFIED.);
#61=B_SPLINE_SURFACE_WITH_KNOTS('',3,1,((#1634,#1635),(#1636,#1637),(#1638,
#1639),(#1640,#1641),(#1642,#1643)),.UNSPECIFIED.,.F.,.F.,.F.,(4,1,4),(2,
2),(-0.251457082998913,-0.129519111824086,0.),(0.,0.02),.UNSPECIFIED.);
#62=B_SPLINE_SURFACE_WITH_KNOTS('',3,1,((#1657,#1658),(#1659,#1660),(#1661,
#1662),(#1663,#1664),(#1665,#1666)),.UNSPECIFIED.,.F.,.F.,.F.,(4,1,4),(2,
2),(-0.53194003390637,-0.255141676769679,0.),(0.,0.02),.UNSPECIFIED.);
#63=B_SPLINE_SURFACE_WITH_KNOTS('',3,1,((#1680,#1681),(#1682,#1683),(#1684,
#1685),(#1686,#1687),(#1688,#1689)),.UNSPECIFIED.,.F.,.F.,.F.,(4,1,4),(2,
2),(-0.448313159122027,-0.226355819186689,0.),(0.,0.02),.UNSPECIFIED.);
#64=B_SPLINE_SURFACE_WITH_KNOTS('',3,1,((#1703,#1704),(#1705,#1706),(#1707,
#1708),(#1709,#1710),(#1711,#1712)),.UNSPECIFIED.,.F.,.F.,.F.,(4,1,4),(2,
2),(-0.529552225485145,-0.244374755272145,0.),(0.,0.02),.UNSPECIFIED.);
#65=B_SPLINE_SURFACE_WITH_KNOTS('',3,1,((#1726,#1727),(#1728,#1729),(#1730,
#1731),(#1732,#1733),(#1734,#1735)),.UNSPECIFIED.,.F.,.F.,.F.,(4,1,4),(2,
2),(-0.531917881442716,-0.289914687964581,0.),(0.,0.02),.UNSPECIFIED.);
#66=B_SPLINE_SURFACE_WITH_KNOTS('',3,1,((#1749,#1750),(#1751,#1752),(#1753,
#1754),(#1755,#1756),(#1757,#1758)),.UNSPECIFIED.,.F.,.F.,.F.,(4,1,4),(2,
2),(-0.447670465902685,-0.219695209224725,0.),(0.,0.02),.UNSPECIFIED.);
#67=B_SPLINE_SURFACE_WITH_KNOTS('',3,1,((#1772,#1773),(#1774,#1775),(#1776,
#1777),(#1778,#1779),(#1780,#1781)),.UNSPECIFIED.,.F.,.F.,.F.,(4,1,4),(2,
2),(-0.260675715284682,-0.14021829850392,0.),(0.,0.02),.UNSPECIFIED.);
#68=B_SPLINE_SURFACE_WITH_KNOTS('',3,1,((#1795,#1796),(#1797,#1798),(#1799,
#1800),(#1801,#1802),(#1803,#1804)),.UNSPECIFIED.,.F.,.F.,.F.,(4,1,4),(2,
2),(-0.262375035329489,-0.121934164751275,0.),(0.,0.02),.UNSPECIFIED.);
#69=B_SPLINE_SURFACE_WITH_KNOTS('',3,1,((#1818,#1819),(#1820,#1821),(#1822,
#1823),(#1824,#1825),(#1826,#1827)),.UNSPECIFIED.,.F.,.F.,.F.,(4,1,4),(2,
2),(-0.230427279332586,-0.0794474134200592,0.),(0.,0.02),.UNSPECIFIED.);
#70=STYLED_ITEM('',(#1859),#72);
#71=STYLED_ITEM('',(#1859),#73);
#72=MANIFOLD_SOLID_BREP('Body1',#970);
#73=MANIFOLD_SOLID_BREP('Body5',#971);
#74=FACE_BOUND('',#193,.T.);
#75=FACE_BOUND('',#198,.T.);
#76=FACE_BOUND('',#205,.T.);
#77=FACE_BOUND('',#206,.T.);
#78=FACE_BOUND('',#207,.T.);
#79=FACE_BOUND('',#208,.T.);
#80=FACE_BOUND('',#211,.T.);
#81=FACE_BOUND('',#214,.T.);
#82=FACE_BOUND('',#217,.T.);
#83=FACE_BOUND('',#220,.T.);
#84=FACE_BOUND('',#221,.T.);
#85=FACE_BOUND('',#222,.T.);
#86=FACE_BOUND('',#223,.T.);
#87=FACE_BOUND('',#224,.T.);
#88=FACE_BOUND('',#226,.T.);
#89=FACE_BOUND('',#249,.T.);
#90=FACE_BOUND('',#251,.T.);
#91=CIRCLE('',#993,3.);
#92=CIRCLE('',#994,3.);
#93=CIRCLE('',#996,3.);
#94=CIRCLE('',#997,3.);
#95=CIRCLE('',#999,3.);
#96=CIRCLE('',#1000,3.);
#97=CIRCLE('',#1002,3.);
#98=CIRCLE('',#1003,3.);
#99=CIRCLE('',#1008,4.99999999999999);
#100=CIRCLE('',#1009,4.99999999999999);
#101=CIRCLE('',#1012,4.99999999999999);
#102=CIRCLE('',#1013,4.99999999999999);
#103=CIRCLE('',#1016,4.99999999999999);
#104=CIRCLE('',#1017,4.99999999999999);
#105=CIRCLE('',#1020,5.);
#106=CIRCLE('',#1021,5.);
#107=CIRCLE('',#1024,1.7);
#108=CIRCLE('',#1025,1.7);
#109=CIRCLE('',#1028,1.7);
#110=CIRCLE('',#1029,1.7);
#111=CIRCLE('',#1032,1.7);
#112=CIRCLE('',#1033,1.7);
#113=CIRCLE('',#1036,1.7);
#114=CIRCLE('',#1037,1.7);
#115=CYLINDRICAL_SURFACE('',#992,3.);
#116=CYLINDRICAL_SURFACE('',#995,3.);
#117=CYLINDRICAL_SURFACE('',#998,3.);
#118=CYLINDRICAL_SURFACE('',#1001,3.);
#119=CYLINDRICAL_SURFACE('',#1007,4.99999999999999);
#120=CYLINDRICAL_SURFACE('',#1011,4.99999999999999);
#121=CYLINDRICAL_SURFACE('',#1015,4.99999999999999);
#122=CYLINDRICAL_SURFACE('',#1019,5.);
#123=CYLINDRICAL_SURFACE('',#1023,1.7);
#124=CYLINDRICAL_SURFACE('',#1027,1.7);
#125=CYLINDRICAL_SURFACE('',#1031,1.7);
#126=CYLINDRICAL_SURFACE('',#1035,1.7);
#127=FACE_OUTER_BOUND('',#181,.T.);
#128=FACE_OUTER_BOUND('',#182,.T.);
#129=FACE_OUTER_BOUND('',#183,.T.);
#130=FACE_OUTER_BOUND('',#184,.T.);
#131=FACE_OUTER_BOUND('',#185,.T.);
#132=FACE_OUTER_BOUND('',#186,.T.);
#133=FACE_OUTER_BOUND('',#187,.T.);
#134=FACE_OUTER_BOUND('',#188,.T.);
#135=FACE_OUTER_BOUND('',#189,.T.);
#136=FACE_OUTER_BOUND('',#190,.T.);
#137=FACE_OUTER_BOUND('',#191,.T.);
#138=FACE_OUTER_BOUND('',#192,.T.);
#139=FACE_OUTER_BOUND('',#194,.T.);
#140=FACE_OUTER_BOUND('',#195,.T.);
#141=FACE_OUTER_BOUND('',#196,.T.);
#142=FACE_OUTER_BOUND('',#197,.T.);
#143=FACE_OUTER_BOUND('',#199,.T.);
#144=FACE_OUTER_BOUND('',#200,.T.);
#145=FACE_OUTER_BOUND('',#201,.T.);
#146=FACE_OUTER_BOUND('',#202,.T.);
#147=FACE_OUTER_BOUND('',#203,.T.);
#148=FACE_OUTER_BOUND('',#204,.T.);
#149=FACE_OUTER_BOUND('',#209,.T.);
#150=FACE_OUTER_BOUND('',#210,.T.);
#151=FACE_OUTER_BOUND('',#212,.T.);
#152=FACE_OUTER_BOUND('',#213,.T.);
#153=FACE_OUTER_BOUND('',#215,.T.);
#154=FACE_OUTER_BOUND('',#216,.T.);
#155=FACE_OUTER_BOUND('',#218,.T.);
#156=FACE_OUTER_BOUND('',#219,.T.);
#157=FACE_OUTER_BOUND('',#225,.T.);
#158=FACE_OUTER_BOUND('',#227,.T.);
#159=FACE_OUTER_BOUND('',#228,.T.);
#160=FACE_OUTER_BOUND('',#229,.T.);
#161=FACE_OUTER_BOUND('',#230,.T.);
#162=FACE_OUTER_BOUND('',#231,.T.);
#163=FACE_OUTER_BOUND('',#232,.T.);
#164=FACE_OUTER_BOUND('',#233,.T.);
#165=FACE_OUTER_BOUND('',#234,.T.);
#166=FACE_OUTER_BOUND('',#235,.T.);
#167=FACE_OUTER_BOUND('',#236,.T.);
#168=FACE_OUTER_BOUND('',#237,.T.);
#169=FACE_OUTER_BOUND('',#238,.T.);
#170=FACE_OUTER_BOUND('',#239,.T.);
#171=FACE_OUTER_BOUND('',#240,.T.);
#172=FACE_OUTER_BOUND('',#241,.T.);
#173=FACE_OUTER_BOUND('',#242,.T.);
#174=FACE_OUTER_BOUND('',#243,.T.);
#175=FACE_OUTER_BOUND('',#244,.T.);
#176=FACE_OUTER_BOUND('',#245,.T.);
#177=FACE_OUTER_BOUND('',#246,.T.);
#178=FACE_OUTER_BOUND('',#247,.T.);
#179=FACE_OUTER_BOUND('',#248,.T.);
#180=FACE_OUTER_BOUND('',#250,.T.);
#181=EDGE_LOOP('',(#623,#624,#625,#626));
#182=EDGE_LOOP('',(#627,#628,#629,#630));
#183=EDGE_LOOP('',(#631,#632,#633,#634));
#184=EDGE_LOOP('',(#635,#636,#637,#638));
#185=EDGE_LOOP('',(#639,#640,#641,#642));
#186=EDGE_LOOP('',(#643,#644,#645,#646));
#187=EDGE_LOOP('',(#647,#648,#649,#650));
#188=EDGE_LOOP('',(#651,#652,#653,#654));
#189=EDGE_LOOP('',(#655,#656,#657,#658));
#190=EDGE_LOOP('',(#659,#660,#661,#662));
#191=EDGE_LOOP('',(#663,#664,#665,#666));
#192=EDGE_LOOP('',(#667,#668,#669,#670));
#193=EDGE_LOOP('',(#671,#672,#673,#674));
#194=EDGE_LOOP('',(#675,#676,#677,#678));
#195=EDGE_LOOP('',(#679,#680,#681,#682));
#196=EDGE_LOOP('',(#683,#684,#685,#686));
#197=EDGE_LOOP('',(#687,#688,#689,#690));
#198=EDGE_LOOP('',(#691,#692,#693,#694));
#199=EDGE_LOOP('',(#695,#696,#697,#698));
#200=EDGE_LOOP('',(#699,#700,#701,#702));
#201=EDGE_LOOP('',(#703,#704,#705,#706));
#202=EDGE_LOOP('',(#707,#708,#709,#710));
#203=EDGE_LOOP('',(#711,#712,#713,#714));
#204=EDGE_LOOP('',(#715,#716,#717,#718,#719,#720,#721,#722));
#205=EDGE_LOOP('',(#723));
#206=EDGE_LOOP('',(#724));
#207=EDGE_LOOP('',(#725));
#208=EDGE_LOOP('',(#726));
#209=EDGE_LOOP('',(#727,#728,#729,#730));
#210=EDGE_LOOP('',(#731));
#211=EDGE_LOOP('',(#732));
#212=EDGE_LOOP('',(#733,#734,#735,#736));
#213=EDGE_LOOP('',(#737));
#214=EDGE_LOOP('',(#738));
#215=EDGE_LOOP('',(#739,#740,#741,#742));
#216=EDGE_LOOP('',(#743));
#217=EDGE_LOOP('',(#744));
#218=EDGE_LOOP('',(#745,#746,#747,#748));
#219=EDGE_LOOP('',(#749,#750,#751,#752,#753,#754,#755,#756));
#220=EDGE_LOOP('',(#757));
#221=EDGE_LOOP('',(#758));
#222=EDGE_LOOP('',(#759,#760,#761,#762));
#223=EDGE_LOOP('',(#763));
#224=EDGE_LOOP('',(#764));
#225=EDGE_LOOP('',(#765));
#226=EDGE_LOOP('',(#766));
#227=EDGE_LOOP('',(#767,#768,#769,#770));
#228=EDGE_LOOP('',(#771,#772,#773,#774));
#229=EDGE_LOOP('',(#775,#776,#777,#778));
#230=EDGE_LOOP('',(#779,#780,#781,#782));
#231=EDGE_LOOP('',(#783,#784,#785,#786));
#232=EDGE_LOOP('',(#787,#788,#789,#790));
#233=EDGE_LOOP('',(#791,#792,#793,#794));
#234=EDGE_LOOP('',(#795,#796,#797,#798));
#235=EDGE_LOOP('',(#799,#800,#801,#802));
#236=EDGE_LOOP('',(#803,#804,#805,#806));
#237=EDGE_LOOP('',(#807,#808,#809,#810));
#238=EDGE_LOOP('',(#811,#812,#813,#814));
#239=EDGE_LOOP('',(#815,#816,#817,#818));
#240=EDGE_LOOP('',(#819,#820,#821,#822));
#241=EDGE_LOOP('',(#823,#824,#825,#826));
#242=EDGE_LOOP('',(#827,#828,#829,#830));
#243=EDGE_LOOP('',(#831,#832,#833,#834));
#244=EDGE_LOOP('',(#835,#836,#837,#838));
#245=EDGE_LOOP('',(#839,#840,#841,#842));
#246=EDGE_LOOP('',(#843,#844,#845,#846));
#247=EDGE_LOOP('',(#847,#848,#849,#850));
#248=EDGE_LOOP('',(#851,#852,#853,#854,#855,#856,#857,#858,#859,#860,#861,
#862,#863));
#249=EDGE_LOOP('',(#864,#865,#866,#867,#868,#869,#870,#871));
#250=EDGE_LOOP('',(#872,#873,#874,#875,#876,#877,#878,#879,#880,#881,#882,
#883,#884));
#251=EDGE_LOOP('',(#885,#886,#887,#888,#889,#890,#891,#892));
#252=LINE('',#1241,#325);
#253=LINE('',#1243,#326);
#254=LINE('',#1245,#327);
#255=LINE('',#1246,#328);
#256=LINE('',#1249,#329);
#257=LINE('',#1251,#330);
#258=LINE('',#1252,#331);
#259=LINE('',#1255,#332);
#260=LINE('',#1257,#333);
#261=LINE('',#1258,#334);
#262=LINE('',#1260,#335);
#263=LINE('',#1261,#336);
#264=LINE('',#1265,#337);
#265=LINE('',#1267,#338);
#266=LINE('',#1269,#339);
#267=LINE('',#1270,#340);
#268=LINE('',#1273,#341);
#269=LINE('',#1275,#342);
#270=LINE('',#1276,#343);
#271=LINE('',#1279,#344);
#272=LINE('',#1280,#345);
#273=LINE('',#1285,#346);
#274=LINE('',#1291,#347);
#275=LINE('',#1297,#348);
#276=LINE('',#1303,#349);
#277=LINE('',#1307,#350);
#278=LINE('',#1308,#351);
#279=LINE('',#1310,#352);
#280=LINE('',#1314,#353);
#281=LINE('',#1316,#354);
#282=LINE('',#1318,#355);
#283=LINE('',#1319,#356);
#284=LINE('',#1325,#357);
#285=LINE('',#1328,#358);
#286=LINE('',#1330,#359);
#287=LINE('',#1331,#360);
#288=LINE('',#1337,#361);
#289=LINE('',#1340,#362);
#290=LINE('',#1342,#363);
#291=LINE('',#1343,#364);
#292=LINE('',#1349,#365);
#293=LINE('',#1352,#366);
#294=LINE('',#1354,#367);
#295=LINE('',#1355,#368);
#296=LINE('',#1364,#369);
#297=LINE('',#1371,#370);
#298=LINE('',#1378,#371);
#299=LINE('',#1385,#372);
#300=LINE('',#1407,#373);
#301=LINE('',#1414,#374);
#302=LINE('',#1437,#375);
#303=LINE('',#1460,#376);
#304=LINE('',#1483,#377);
#305=LINE('',#1506,#378);
#306=LINE('',#1529,#379);
#307=LINE('',#1552,#380);
#308=LINE('',#1576,#381);
#309=LINE('',#1578,#382);
#310=LINE('',#1580,#383);
#311=LINE('',#1581,#384);
#312=LINE('',#1604,#385);
#313=LINE('',#1627,#386);
#314=LINE('',#1630,#387);
#315=LINE('',#1632,#388);
#316=LINE('',#1633,#389);
#317=LINE('',#1656,#390);
#318=LINE('',#1679,#391);
#319=LINE('',#1702,#392);
#320=LINE('',#1725,#393);
#321=LINE('',#1748,#394);
#322=LINE('',#1771,#395);
#323=LINE('',#1794,#396);
#324=LINE('',#1817,#397);
#325=VECTOR('',#1048,10.);
#326=VECTOR('',#1049,10.);
#327=VECTOR('',#1050,10.);
#328=VECTOR('',#1051,10.);
#329=VECTOR('',#1054,10.);
#330=VECTOR('',#1055,10.);
#331=VECTOR('',#1056,10.);
#332=VECTOR('',#1059,10.);
#333=VECTOR('',#1060,10.);
#334=VECTOR('',#1061,10.);
#335=VECTOR('',#1064,10.);
#336=VECTOR('',#1065,10.);
#337=VECTOR('',#1068,10.);
#338=VECTOR('',#1069,10.);
#339=VECTOR('',#1070,10.);
#340=VECTOR('',#1071,10.);
#341=VECTOR('',#1074,10.);
#342=VECTOR('',#1075,10.);
#343=VECTOR('',#1076,10.);
#344=VECTOR('',#1079,10.);
#345=VECTOR('',#1080,10.);
#346=VECTOR('',#1085,3.);
#347=VECTOR('',#1092,3.);
#348=VECTOR('',#1099,3.);
#349=VECTOR('',#1106,3.);
#350=VECTOR('',#1111,10.);
#351=VECTOR('',#1112,10.);
#352=VECTOR('',#1115,10.);
#353=VECTOR('',#1118,10.);
#354=VECTOR('',#1119,10.);
#355=VECTOR('',#1120,10.);
#356=VECTOR('',#1121,10.);
#357=VECTOR('',#1128,10.);
#358=VECTOR('',#1131,10.);
#359=VECTOR('',#1132,10.);
#360=VECTOR('',#1133,10.);
#361=VECTOR('',#1140,10.);
#362=VECTOR('',#1143,10.);
#363=VECTOR('',#1144,10.);
#364=VECTOR('',#1145,10.);
#365=VECTOR('',#1152,10.);
#366=VECTOR('',#1155,10.);
#367=VECTOR('',#1156,10.);
#368=VECTOR('',#1157,10.);
#369=VECTOR('',#1170,1.7);
#370=VECTOR('',#1179,1.7);
#371=VECTOR('',#1188,1.7);
#372=VECTOR('',#1197,1.7);
#373=VECTOR('',#1204,10.);
#374=VECTOR('',#1205,10.);
#375=VECTOR('',#1206,10.);
#376=VECTOR('',#1207,10.);
#377=VECTOR('',#1208,10.);
#378=VECTOR('',#1209,10.);
#379=VECTOR('',#1210,10.);
#380=VECTOR('',#1211,10.);
#381=VECTOR('',#1214,10.);
#382=VECTOR('',#1215,10.);
#383=VECTOR('',#1216,10.);
#384=VECTOR('',#1217,10.);
#385=VECTOR('',#1218,10.);
#386=VECTOR('',#1219,10.);
#387=VECTOR('',#1222,10.);
#388=VECTOR('',#1223,10.);
#389=VECTOR('',#1224,10.);
#390=VECTOR('',#1225,10.);
#391=VECTOR('',#1226,10.);
#392=VECTOR('',#1227,10.);
#393=VECTOR('',#1228,10.);
#394=VECTOR('',#1229,10.);
#395=VECTOR('',#1230,10.);
#396=VECTOR('',#1231,10.);
#397=VECTOR('',#1232,10.);
#398=VERTEX_POINT('',#1239);
#399=VERTEX_POINT('',#1240);
#400=VERTEX_POINT('',#1242);
#401=VERTEX_POINT('',#1244);
#402=VERTEX_POINT('',#1248);
#403=VERTEX_POINT('',#1250);
#404=VERTEX_POINT('',#1254);
#405=VERTEX_POINT('',#1256);
#406=VERTEX_POINT('',#1263);
#407=VERTEX_POINT('',#1264);
#408=VERTEX_POINT('',#1266);
#409=VERTEX_POINT('',#1268);
#410=VERTEX_POINT('',#1272);
#411=VERTEX_POINT('',#1274);
#412=VERTEX_POINT('',#1278);
#413=VERTEX_POINT('',#1282);
#414=VERTEX_POINT('',#1284);
#415=VERTEX_POINT('',#1288);
#416=VERTEX_POINT('',#1290);
#417=VERTEX_POINT('',#1294);
#418=VERTEX_POINT('',#1296);
#419=VERTEX_POINT('',#1300);
#420=VERTEX_POINT('',#1302);
#421=VERTEX_POINT('',#1306);
#422=VERTEX_POINT('',#1312);
#423=VERTEX_POINT('',#1313);
#424=VERTEX_POINT('',#1315);
#425=VERTEX_POINT('',#1317);
#426=VERTEX_POINT('',#1321);
#427=VERTEX_POINT('',#1323);
#428=VERTEX_POINT('',#1327);
#429=VERTEX_POINT('',#1329);
#430=VERTEX_POINT('',#1333);
#431=VERTEX_POINT('',#1335);
#432=VERTEX_POINT('',#1339);
#433=VERTEX_POINT('',#1341);
#434=VERTEX_POINT('',#1345);
#435=VERTEX_POINT('',#1347);
#436=VERTEX_POINT('',#1351);
#437=VERTEX_POINT('',#1353);
#438=VERTEX_POINT('',#1361);
#439=VERTEX_POINT('',#1363);
#440=VERTEX_POINT('',#1368);
#441=VERTEX_POINT('',#1370);
#442=VERTEX_POINT('',#1375);
#443=VERTEX_POINT('',#1377);
#444=VERTEX_POINT('',#1382);
#445=VERTEX_POINT('',#1384);
#446=VERTEX_POINT('',#1399);
#447=VERTEX_POINT('',#1400);
#448=VERTEX_POINT('',#1406);
#449=VERTEX_POINT('',#1408);
#450=VERTEX_POINT('',#1425);
#451=VERTEX_POINT('',#1431);
#452=VERTEX_POINT('',#1448);
#453=VERTEX_POINT('',#1454);
#454=VERTEX_POINT('',#1471);
#455=VERTEX_POINT('',#1477);
#456=VERTEX_POINT('',#1494);
#457=VERTEX_POINT('',#1500);
#458=VERTEX_POINT('',#1517);
#459=VERTEX_POINT('',#1523);
#460=VERTEX_POINT('',#1540);
#461=VERTEX_POINT('',#1546);
#462=VERTEX_POINT('',#1574);
#463=VERTEX_POINT('',#1575);
#464=VERTEX_POINT('',#1577);
#465=VERTEX_POINT('',#1579);
#466=VERTEX_POINT('',#1592);
#467=VERTEX_POINT('',#1598);
#468=VERTEX_POINT('',#1615);
#469=VERTEX_POINT('',#1621);
#470=VERTEX_POINT('',#1629);
#471=VERTEX_POINT('',#1631);
#472=VERTEX_POINT('',#1644);
#473=VERTEX_POINT('',#1650);
#474=VERTEX_POINT('',#1667);
#475=VERTEX_POINT('',#1673);
#476=VERTEX_POINT('',#1690);
#477=VERTEX_POINT('',#1696);
#478=VERTEX_POINT('',#1713);
#479=VERTEX_POINT('',#1719);
#480=VERTEX_POINT('',#1736);
#481=VERTEX_POINT('',#1742);
#482=VERTEX_POINT('',#1759);
#483=VERTEX_POINT('',#1765);
#484=VERTEX_POINT('',#1782);
#485=VERTEX_POINT('',#1788);
#486=VERTEX_POINT('',#1805);
#487=VERTEX_POINT('',#1811);
#488=EDGE_CURVE('',#398,#399,#252,.T.);
#489=EDGE_CURVE('',#400,#398,#253,.T.);
#490=EDGE_CURVE('',#401,#400,#254,.T.);
#491=EDGE_CURVE('',#401,#399,#255,.T.);
#492=EDGE_CURVE('',#399,#402,#256,.T.);
#493=EDGE_CURVE('',#403,#401,#257,.T.);
#494=EDGE_CURVE('',#402,#403,#258,.T.);
#495=EDGE_CURVE('',#402,#404,#259,.T.);
#496=EDGE_CURVE('',#405,#403,#260,.T.);
#497=EDGE_CURVE('',#404,#405,#261,.T.);
#498=EDGE_CURVE('',#404,#398,#262,.T.);
#499=EDGE_CURVE('',#400,#405,#263,.T.);
#500=EDGE_CURVE('',#406,#407,#264,.T.);
#501=EDGE_CURVE('',#408,#406,#265,.T.);
#502=EDGE_CURVE('',#409,#408,#266,.T.);
#503=EDGE_CURVE('',#407,#409,#267,.T.);
#504=EDGE_CURVE('',#408,#410,#268,.T.);
#505=EDGE_CURVE('',#411,#410,#269,.T.);
#506=EDGE_CURVE('',#409,#411,#270,.T.);
#507=EDGE_CURVE('',#406,#412,#271,.T.);
#508=EDGE_CURVE('',#410,#412,#272,.T.);
#509=EDGE_CURVE('',#413,#413,#91,.T.);
#510=EDGE_CURVE('',#413,#414,#273,.T.);
#511=EDGE_CURVE('',#414,#414,#92,.T.);
#512=EDGE_CURVE('',#415,#415,#93,.T.);
#513=EDGE_CURVE('',#415,#416,#274,.T.);
#514=EDGE_CURVE('',#416,#416,#94,.T.);
#515=EDGE_CURVE('',#417,#417,#95,.T.);
#516=EDGE_CURVE('',#417,#418,#275,.T.);
#517=EDGE_CURVE('',#418,#418,#96,.T.);
#518=EDGE_CURVE('',#419,#419,#97,.T.);
#519=EDGE_CURVE('',#419,#420,#276,.T.);
#520=EDGE_CURVE('',#420,#420,#98,.T.);
#521=EDGE_CURVE('',#421,#411,#277,.T.);
#522=EDGE_CURVE('',#407,#421,#278,.T.);
#523=EDGE_CURVE('',#412,#421,#279,.T.);
#524=EDGE_CURVE('',#422,#423,#280,.T.);
#525=EDGE_CURVE('',#423,#424,#281,.T.);
#526=EDGE_CURVE('',#425,#424,#282,.T.);
#527=EDGE_CURVE('',#422,#425,#283,.T.);
#528=EDGE_CURVE('',#426,#422,#99,.T.);
#529=EDGE_CURVE('',#427,#425,#100,.T.);
#530=EDGE_CURVE('',#426,#427,#284,.T.);
#531=EDGE_CURVE('',#428,#426,#285,.T.);
#532=EDGE_CURVE('',#429,#427,#286,.T.);
#533=EDGE_CURVE('',#428,#429,#287,.T.);
#534=EDGE_CURVE('',#430,#428,#101,.T.);
#535=EDGE_CURVE('',#431,#429,#102,.T.);
#536=EDGE_CURVE('',#430,#431,#288,.T.);
#537=EDGE_CURVE('',#432,#430,#289,.T.);
#538=EDGE_CURVE('',#433,#431,#290,.T.);
#539=EDGE_CURVE('',#432,#433,#291,.T.);
#540=EDGE_CURVE('',#434,#432,#103,.T.);
#541=EDGE_CURVE('',#435,#433,#104,.T.);
#542=EDGE_CURVE('',#434,#435,#292,.T.);
#543=EDGE_CURVE('',#436,#434,#293,.T.);
#544=EDGE_CURVE('',#437,#435,#294,.T.);
#545=EDGE_CURVE('',#436,#437,#295,.T.);
#546=EDGE_CURVE('',#423,#436,#105,.T.);
#547=EDGE_CURVE('',#424,#437,#106,.T.);
#548=EDGE_CURVE('',#438,#438,#107,.T.);
#549=EDGE_CURVE('',#438,#439,#296,.T.);
#550=EDGE_CURVE('',#439,#439,#108,.T.);
#551=EDGE_CURVE('',#440,#440,#109,.T.);
#552=EDGE_CURVE('',#440,#441,#297,.T.);
#553=EDGE_CURVE('',#441,#441,#110,.T.);
#554=EDGE_CURVE('',#442,#442,#111,.T.);
#555=EDGE_CURVE('',#442,#443,#298,.T.);
#556=EDGE_CURVE('',#443,#443,#112,.T.);
#557=EDGE_CURVE('',#444,#444,#113,.T.);
#558=EDGE_CURVE('',#444,#445,#299,.T.);
#559=EDGE_CURVE('',#445,#445,#114,.T.);
#560=EDGE_CURVE('',#446,#447,#13,.T.);
#561=EDGE_CURVE('',#446,#448,#300,.T.);
#562=EDGE_CURVE('',#449,#448,#14,.T.);
#563=EDGE_CURVE('',#447,#449,#301,.T.);
#564=EDGE_CURVE('',#447,#450,#15,.T.);
#565=EDGE_CURVE('',#451,#449,#16,.T.);
#566=EDGE_CURVE('',#450,#451,#302,.T.);
#567=EDGE_CURVE('',#450,#452,#17,.T.);
#568=EDGE_CURVE('',#453,#451,#18,.T.);
#569=EDGE_CURVE('',#452,#453,#303,.T.);
#570=EDGE_CURVE('',#452,#454,#19,.T.);
#571=EDGE_CURVE('',#455,#453,#20,.T.);
#572=EDGE_CURVE('',#454,#455,#304,.T.);
#573=EDGE_CURVE('',#454,#456,#21,.T.);
#574=EDGE_CURVE('',#457,#455,#22,.T.);
#575=EDGE_CURVE('',#456,#457,#305,.T.);
#576=EDGE_CURVE('',#456,#458,#23,.T.);
#577=EDGE_CURVE('',#459,#457,#24,.T.);
#578=EDGE_CURVE('',#458,#459,#306,.T.);
#579=EDGE_CURVE('',#458,#460,#25,.T.);
#580=EDGE_CURVE('',#461,#459,#26,.T.);
#581=EDGE_CURVE('',#460,#461,#307,.T.);
#582=EDGE_CURVE('',#460,#446,#27,.T.);
#583=EDGE_CURVE('',#448,#461,#28,.T.);
#584=EDGE_CURVE('',#462,#463,#308,.T.);
#585=EDGE_CURVE('',#462,#464,#309,.T.);
#586=EDGE_CURVE('',#465,#464,#310,.T.);
#587=EDGE_CURVE('',#463,#465,#311,.T.);
#588=EDGE_CURVE('',#463,#466,#29,.T.);
#589=EDGE_CURVE('',#467,#465,#30,.T.);
#590=EDGE_CURVE('',#466,#467,#312,.T.);
#591=EDGE_CURVE('',#466,#468,#31,.T.);
#592=EDGE_CURVE('',#469,#467,#32,.T.);
#593=EDGE_CURVE('',#468,#469,#313,.T.);
#594=EDGE_CURVE('',#468,#470,#314,.T.);
#595=EDGE_CURVE('',#471,#469,#315,.T.);
#596=EDGE_CURVE('',#470,#471,#316,.T.);
#597=EDGE_CURVE('',#470,#472,#33,.T.);
#598=EDGE_CURVE('',#473,#471,#34,.T.);
#599=EDGE_CURVE('',#472,#473,#317,.T.);
#600=EDGE_CURVE('',#472,#474,#35,.T.);
#601=EDGE_CURVE('',#475,#473,#36,.T.);
#602=EDGE_CURVE('',#474,#475,#318,.T.);
#603=EDGE_CURVE('',#474,#476,#37,.T.);
#604=EDGE_CURVE('',#477,#475,#38,.T.);
#605=EDGE_CURVE('',#476,#477,#319,.T.);
#606=EDGE_CURVE('',#476,#478,#39,.T.);
#607=EDGE_CURVE('',#479,#477,#40,.T.);
#608=EDGE_CURVE('',#478,#479,#320,.T.);
#609=EDGE_CURVE('',#478,#480,#41,.T.);
#610=EDGE_CURVE('',#481,#479,#42,.T.);
#611=EDGE_CURVE('',#480,#481,#321,.T.);
#612=EDGE_CURVE('',#480,#482,#43,.T.);
#613=EDGE_CURVE('',#483,#481,#44,.T.);
#614=EDGE_CURVE('',#482,#483,#322,.T.);
#615=EDGE_CURVE('',#482,#484,#45,.T.);
#616=EDGE_CURVE('',#485,#483,#46,.T.);
#617=EDGE_CURVE('',#484,#485,#323,.T.);
#618=EDGE_CURVE('',#484,#486,#47,.T.);
#619=EDGE_CURVE('',#487,#485,#48,.T.);
#620=EDGE_CURVE('',#486,#487,#324,.T.);
#621=EDGE_CURVE('',#486,#462,#49,.T.);
#622=EDGE_CURVE('',#464,#487,#50,.T.);
#623=ORIENTED_EDGE('',*,*,#488,.F.);
#624=ORIENTED_EDGE('',*,*,#489,.F.);
#625=ORIENTED_EDGE('',*,*,#490,.F.);
#626=ORIENTED_EDGE('',*,*,#491,.T.);
#627=ORIENTED_EDGE('',*,*,#492,.F.);
#628=ORIENTED_EDGE('',*,*,#491,.F.);
#629=ORIENTED_EDGE('',*,*,#493,.F.);
#630=ORIENTED_EDGE('',*,*,#494,.F.);
#631=ORIENTED_EDGE('',*,*,#495,.F.);
#632=ORIENTED_EDGE('',*,*,#494,.T.);
#633=ORIENTED_EDGE('',*,*,#496,.F.);
#634=ORIENTED_EDGE('',*,*,#497,.F.);
#635=ORIENTED_EDGE('',*,*,#498,.F.);
#636=ORIENTED_EDGE('',*,*,#497,.T.);
#637=ORIENTED_EDGE('',*,*,#499,.F.);
#638=ORIENTED_EDGE('',*,*,#489,.T.);
#639=ORIENTED_EDGE('',*,*,#500,.F.);
#640=ORIENTED_EDGE('',*,*,#501,.F.);
#641=ORIENTED_EDGE('',*,*,#502,.F.);
#642=ORIENTED_EDGE('',*,*,#503,.F.);
#643=ORIENTED_EDGE('',*,*,#502,.T.);
#644=ORIENTED_EDGE('',*,*,#504,.T.);
#645=ORIENTED_EDGE('',*,*,#505,.F.);
#646=ORIENTED_EDGE('',*,*,#506,.F.);
#647=ORIENTED_EDGE('',*,*,#501,.T.);
#648=ORIENTED_EDGE('',*,*,#507,.T.);
#649=ORIENTED_EDGE('',*,*,#508,.F.);
#650=ORIENTED_EDGE('',*,*,#504,.F.);
#651=ORIENTED_EDGE('',*,*,#509,.T.);
#652=ORIENTED_EDGE('',*,*,#510,.T.);
#653=ORIENTED_EDGE('',*,*,#511,.T.);
#654=ORIENTED_EDGE('',*,*,#510,.F.);
#655=ORIENTED_EDGE('',*,*,#512,.T.);
#656=ORIENTED_EDGE('',*,*,#513,.T.);
#657=ORIENTED_EDGE('',*,*,#514,.T.);
#658=ORIENTED_EDGE('',*,*,#513,.F.);
#659=ORIENTED_EDGE('',*,*,#515,.T.);
#660=ORIENTED_EDGE('',*,*,#516,.T.);
#661=ORIENTED_EDGE('',*,*,#517,.T.);
#662=ORIENTED_EDGE('',*,*,#516,.F.);
#663=ORIENTED_EDGE('',*,*,#518,.T.);
#664=ORIENTED_EDGE('',*,*,#519,.T.);
#665=ORIENTED_EDGE('',*,*,#520,.T.);
#666=ORIENTED_EDGE('',*,*,#519,.F.);
#667=ORIENTED_EDGE('',*,*,#503,.T.);
#668=ORIENTED_EDGE('',*,*,#506,.T.);
#669=ORIENTED_EDGE('',*,*,#521,.F.);
#670=ORIENTED_EDGE('',*,*,#522,.F.);
#671=ORIENTED_EDGE('',*,*,#495,.T.);
#672=ORIENTED_EDGE('',*,*,#498,.T.);
#673=ORIENTED_EDGE('',*,*,#488,.T.);
#674=ORIENTED_EDGE('',*,*,#492,.T.);
#675=ORIENTED_EDGE('',*,*,#500,.T.);
#676=ORIENTED_EDGE('',*,*,#522,.T.);
#677=ORIENTED_EDGE('',*,*,#523,.F.);
#678=ORIENTED_EDGE('',*,*,#507,.F.);
#679=ORIENTED_EDGE('',*,*,#524,.T.);
#680=ORIENTED_EDGE('',*,*,#525,.T.);
#681=ORIENTED_EDGE('',*,*,#526,.F.);
#682=ORIENTED_EDGE('',*,*,#527,.F.);
#683=ORIENTED_EDGE('',*,*,#528,.T.);
#684=ORIENTED_EDGE('',*,*,#527,.T.);
#685=ORIENTED_EDGE('',*,*,#529,.F.);
#686=ORIENTED_EDGE('',*,*,#530,.F.);
#687=ORIENTED_EDGE('',*,*,#531,.T.);
#688=ORIENTED_EDGE('',*,*,#530,.T.);
#689=ORIENTED_EDGE('',*,*,#532,.F.);
#690=ORIENTED_EDGE('',*,*,#533,.F.);
#691=ORIENTED_EDGE('',*,*,#496,.T.);
#692=ORIENTED_EDGE('',*,*,#493,.T.);
#693=ORIENTED_EDGE('',*,*,#490,.T.);
#694=ORIENTED_EDGE('',*,*,#499,.T.);
#695=ORIENTED_EDGE('',*,*,#534,.T.);
#696=ORIENTED_EDGE('',*,*,#533,.T.);
#697=ORIENTED_EDGE('',*,*,#535,.F.);
#698=ORIENTED_EDGE('',*,*,#536,.F.);
#699=ORIENTED_EDGE('',*,*,#537,.T.);
#700=ORIENTED_EDGE('',*,*,#536,.T.);
#701=ORIENTED_EDGE('',*,*,#538,.F.);
#702=ORIENTED_EDGE('',*,*,#539,.F.);
#703=ORIENTED_EDGE('',*,*,#540,.T.);
#704=ORIENTED_EDGE('',*,*,#539,.T.);
#705=ORIENTED_EDGE('',*,*,#541,.F.);
#706=ORIENTED_EDGE('',*,*,#542,.F.);
#707=ORIENTED_EDGE('',*,*,#543,.T.);
#708=ORIENTED_EDGE('',*,*,#542,.T.);
#709=ORIENTED_EDGE('',*,*,#544,.F.);
#710=ORIENTED_EDGE('',*,*,#545,.F.);
#711=ORIENTED_EDGE('',*,*,#546,.T.);
#712=ORIENTED_EDGE('',*,*,#545,.T.);
#713=ORIENTED_EDGE('',*,*,#547,.F.);
#714=ORIENTED_EDGE('',*,*,#525,.F.);
#715=ORIENTED_EDGE('',*,*,#546,.F.);
#716=ORIENTED_EDGE('',*,*,#524,.F.);
#717=ORIENTED_EDGE('',*,*,#528,.F.);
#718=ORIENTED_EDGE('',*,*,#531,.F.);
#719=ORIENTED_EDGE('',*,*,#534,.F.);
#720=ORIENTED_EDGE('',*,*,#537,.F.);
#721=ORIENTED_EDGE('',*,*,#540,.F.);
#722=ORIENTED_EDGE('',*,*,#543,.F.);
#723=ORIENTED_EDGE('',*,*,#514,.F.);
#724=ORIENTED_EDGE('',*,*,#511,.F.);
#725=ORIENTED_EDGE('',*,*,#517,.F.);
#726=ORIENTED_EDGE('',*,*,#520,.F.);
#727=ORIENTED_EDGE('',*,*,#548,.F.);
#728=ORIENTED_EDGE('',*,*,#549,.T.);
#729=ORIENTED_EDGE('',*,*,#550,.T.);
#730=ORIENTED_EDGE('',*,*,#549,.F.);
#731=ORIENTED_EDGE('',*,*,#518,.F.);
#732=ORIENTED_EDGE('',*,*,#550,.F.);
#733=ORIENTED_EDGE('',*,*,#551,.F.);
#734=ORIENTED_EDGE('',*,*,#552,.T.);
#735=ORIENTED_EDGE('',*,*,#553,.T.);
#736=ORIENTED_EDGE('',*,*,#552,.F.);
#737=ORIENTED_EDGE('',*,*,#515,.F.);
#738=ORIENTED_EDGE('',*,*,#553,.F.);
#739=ORIENTED_EDGE('',*,*,#554,.F.);
#740=ORIENTED_EDGE('',*,*,#555,.T.);
#741=ORIENTED_EDGE('',*,*,#556,.T.);
#742=ORIENTED_EDGE('',*,*,#555,.F.);
#743=ORIENTED_EDGE('',*,*,#512,.F.);
#744=ORIENTED_EDGE('',*,*,#556,.F.);
#745=ORIENTED_EDGE('',*,*,#557,.F.);
#746=ORIENTED_EDGE('',*,*,#558,.T.);
#747=ORIENTED_EDGE('',*,*,#559,.T.);
#748=ORIENTED_EDGE('',*,*,#558,.F.);
#749=ORIENTED_EDGE('',*,*,#547,.T.);
#750=ORIENTED_EDGE('',*,*,#544,.T.);
#751=ORIENTED_EDGE('',*,*,#541,.T.);
#752=ORIENTED_EDGE('',*,*,#538,.T.);
#753=ORIENTED_EDGE('',*,*,#535,.T.);
#754=ORIENTED_EDGE('',*,*,#532,.T.);
#755=ORIENTED_EDGE('',*,*,#529,.T.);
#756=ORIENTED_EDGE('',*,*,#526,.T.);
#757=ORIENTED_EDGE('',*,*,#554,.T.);
#758=ORIENTED_EDGE('',*,*,#548,.T.);
#759=ORIENTED_EDGE('',*,*,#523,.T.);
#760=ORIENTED_EDGE('',*,*,#521,.T.);
#761=ORIENTED_EDGE('',*,*,#505,.T.);
#762=ORIENTED_EDGE('',*,*,#508,.T.);
#763=ORIENTED_EDGE('',*,*,#551,.T.);
#764=ORIENTED_EDGE('',*,*,#557,.T.);
#765=ORIENTED_EDGE('',*,*,#509,.F.);
#766=ORIENTED_EDGE('',*,*,#559,.F.);
#767=ORIENTED_EDGE('',*,*,#560,.F.);
#768=ORIENTED_EDGE('',*,*,#561,.T.);
#769=ORIENTED_EDGE('',*,*,#562,.F.);
#770=ORIENTED_EDGE('',*,*,#563,.F.);
#771=ORIENTED_EDGE('',*,*,#564,.F.);
#772=ORIENTED_EDGE('',*,*,#563,.T.);
#773=ORIENTED_EDGE('',*,*,#565,.F.);
#774=ORIENTED_EDGE('',*,*,#566,.F.);
#775=ORIENTED_EDGE('',*,*,#567,.F.);
#776=ORIENTED_EDGE('',*,*,#566,.T.);
#777=ORIENTED_EDGE('',*,*,#568,.F.);
#778=ORIENTED_EDGE('',*,*,#569,.F.);
#779=ORIENTED_EDGE('',*,*,#570,.F.);
#780=ORIENTED_EDGE('',*,*,#569,.T.);
#781=ORIENTED_EDGE('',*,*,#571,.F.);
#782=ORIENTED_EDGE('',*,*,#572,.F.);
#783=ORIENTED_EDGE('',*,*,#573,.F.);
#784=ORIENTED_EDGE('',*,*,#572,.T.);
#785=ORIENTED_EDGE('',*,*,#574,.F.);
#786=ORIENTED_EDGE('',*,*,#575,.F.);
#787=ORIENTED_EDGE('',*,*,#576,.F.);
#788=ORIENTED_EDGE('',*,*,#575,.T.);
#789=ORIENTED_EDGE('',*,*,#577,.F.);
#790=ORIENTED_EDGE('',*,*,#578,.F.);
#791=ORIENTED_EDGE('',*,*,#579,.F.);
#792=ORIENTED_EDGE('',*,*,#578,.T.);
#793=ORIENTED_EDGE('',*,*,#580,.F.);
#794=ORIENTED_EDGE('',*,*,#581,.F.);
#795=ORIENTED_EDGE('',*,*,#582,.F.);
#796=ORIENTED_EDGE('',*,*,#581,.T.);
#797=ORIENTED_EDGE('',*,*,#583,.F.);
#798=ORIENTED_EDGE('',*,*,#561,.F.);
#799=ORIENTED_EDGE('',*,*,#584,.F.);
#800=ORIENTED_EDGE('',*,*,#585,.T.);
#801=ORIENTED_EDGE('',*,*,#586,.F.);
#802=ORIENTED_EDGE('',*,*,#587,.F.);
#803=ORIENTED_EDGE('',*,*,#588,.F.);
#804=ORIENTED_EDGE('',*,*,#587,.T.);
#805=ORIENTED_EDGE('',*,*,#589,.F.);
#806=ORIENTED_EDGE('',*,*,#590,.F.);
#807=ORIENTED_EDGE('',*,*,#591,.F.);
#808=ORIENTED_EDGE('',*,*,#590,.T.);
#809=ORIENTED_EDGE('',*,*,#592,.F.);
#810=ORIENTED_EDGE('',*,*,#593,.F.);
#811=ORIENTED_EDGE('',*,*,#594,.F.);
#812=ORIENTED_EDGE('',*,*,#593,.T.);
#813=ORIENTED_EDGE('',*,*,#595,.F.);
#814=ORIENTED_EDGE('',*,*,#596,.F.);
#815=ORIENTED_EDGE('',*,*,#597,.F.);
#816=ORIENTED_EDGE('',*,*,#596,.T.);
#817=ORIENTED_EDGE('',*,*,#598,.F.);
#818=ORIENTED_EDGE('',*,*,#599,.F.);
#819=ORIENTED_EDGE('',*,*,#600,.F.);
#820=ORIENTED_EDGE('',*,*,#599,.T.);
#821=ORIENTED_EDGE('',*,*,#601,.F.);
#822=ORIENTED_EDGE('',*,*,#602,.F.);
#823=ORIENTED_EDGE('',*,*,#603,.F.);
#824=ORIENTED_EDGE('',*,*,#602,.T.);
#825=ORIENTED_EDGE('',*,*,#604,.F.);
#826=ORIENTED_EDGE('',*,*,#605,.F.);
#827=ORIENTED_EDGE('',*,*,#606,.F.);
#828=ORIENTED_EDGE('',*,*,#605,.T.);
#829=ORIENTED_EDGE('',*,*,#607,.F.);
#830=ORIENTED_EDGE('',*,*,#608,.F.);
#831=ORIENTED_EDGE('',*,*,#609,.F.);
#832=ORIENTED_EDGE('',*,*,#608,.T.);
#833=ORIENTED_EDGE('',*,*,#610,.F.);
#834=ORIENTED_EDGE('',*,*,#611,.F.);
#835=ORIENTED_EDGE('',*,*,#612,.F.);
#836=ORIENTED_EDGE('',*,*,#611,.T.);
#837=ORIENTED_EDGE('',*,*,#613,.F.);
#838=ORIENTED_EDGE('',*,*,#614,.F.);
#839=ORIENTED_EDGE('',*,*,#615,.F.);
#840=ORIENTED_EDGE('',*,*,#614,.T.);
#841=ORIENTED_EDGE('',*,*,#616,.F.);
#842=ORIENTED_EDGE('',*,*,#617,.F.);
#843=ORIENTED_EDGE('',*,*,#618,.F.);
#844=ORIENTED_EDGE('',*,*,#617,.T.);
#845=ORIENTED_EDGE('',*,*,#619,.F.);
#846=ORIENTED_EDGE('',*,*,#620,.F.);
#847=ORIENTED_EDGE('',*,*,#621,.F.);
#848=ORIENTED_EDGE('',*,*,#620,.T.);
#849=ORIENTED_EDGE('',*,*,#622,.F.);
#850=ORIENTED_EDGE('',*,*,#585,.F.);
#851=ORIENTED_EDGE('',*,*,#622,.T.);
#852=ORIENTED_EDGE('',*,*,#619,.T.);
#853=ORIENTED_EDGE('',*,*,#616,.T.);
#854=ORIENTED_EDGE('',*,*,#613,.T.);
#855=ORIENTED_EDGE('',*,*,#610,.T.);
#856=ORIENTED_EDGE('',*,*,#607,.T.);
#857=ORIENTED_EDGE('',*,*,#604,.T.);
#858=ORIENTED_EDGE('',*,*,#601,.T.);
#859=ORIENTED_EDGE('',*,*,#598,.T.);
#860=ORIENTED_EDGE('',*,*,#595,.T.);
#861=ORIENTED_EDGE('',*,*,#592,.T.);
#862=ORIENTED_EDGE('',*,*,#589,.T.);
#863=ORIENTED_EDGE('',*,*,#586,.T.);
#864=ORIENTED_EDGE('',*,*,#583,.T.);
#865=ORIENTED_EDGE('',*,*,#580,.T.);
#866=ORIENTED_EDGE('',*,*,#577,.T.);
#867=ORIENTED_EDGE('',*,*,#574,.T.);
#868=ORIENTED_EDGE('',*,*,#571,.T.);
#869=ORIENTED_EDGE('',*,*,#568,.T.);
#870=ORIENTED_EDGE('',*,*,#565,.T.);
#871=ORIENTED_EDGE('',*,*,#562,.T.);
#872=ORIENTED_EDGE('',*,*,#621,.T.);
#873=ORIENTED_EDGE('',*,*,#584,.T.);
#874=ORIENTED_EDGE('',*,*,#588,.T.);
#875=ORIENTED_EDGE('',*,*,#591,.T.);
#876=ORIENTED_EDGE('',*,*,#594,.T.);
#877=ORIENTED_EDGE('',*,*,#597,.T.);
#878=ORIENTED_EDGE('',*,*,#600,.T.);
#879=ORIENTED_EDGE('',*,*,#603,.T.);
#880=ORIENTED_EDGE('',*,*,#606,.T.);
#881=ORIENTED_EDGE('',*,*,#609,.T.);
#882=ORIENTED_EDGE('',*,*,#612,.T.);
#883=ORIENTED_EDGE('',*,*,#615,.T.);
#884=ORIENTED_EDGE('',*,*,#618,.T.);
#885=ORIENTED_EDGE('',*,*,#582,.T.);
#886=ORIENTED_EDGE('',*,*,#560,.T.);
#887=ORIENTED_EDGE('',*,*,#564,.T.);
#888=ORIENTED_EDGE('',*,*,#567,.T.);
#889=ORIENTED_EDGE('',*,*,#570,.T.);
#890=ORIENTED_EDGE('',*,*,#573,.T.);
#891=ORIENTED_EDGE('',*,*,#576,.T.);
#892=ORIENTED_EDGE('',*,*,#579,.T.);
#893=PLANE('',#985);
#894=PLANE('',#986);
#895=PLANE('',#987);
#896=PLANE('',#988);
#897=PLANE('',#989);
#898=PLANE('',#990);
#899=PLANE('',#991);
#900=PLANE('',#1004);
#901=PLANE('',#1005);
#902=PLANE('',#1006);
#903=PLANE('',#1010);
#904=PLANE('',#1014);
#905=PLANE('',#1018);
#906=PLANE('',#1022);
#907=PLANE('',#1026);
#908=PLANE('',#1030);
#909=PLANE('',#1034);
#910=PLANE('',#1038);
#911=PLANE('',#1039);
#912=PLANE('',#1040);
#913=PLANE('',#1041);
#914=PLANE('',#1042);
#915=PLANE('',#1043);
#916=ADVANCED_FACE('',(#127),#893,.F.);
#917=ADVANCED_FACE('',(#128),#894,.F.);
#918=ADVANCED_FACE('',(#129),#895,.F.);
#919=ADVANCED_FACE('',(#130),#896,.F.);
#920=ADVANCED_FACE('',(#131),#897,.T.);
#921=ADVANCED_FACE('',(#132),#898,.T.);
#922=ADVANCED_FACE('',(#133),#899,.T.);
#923=ADVANCED_FACE('',(#134),#115,.F.);
#924=ADVANCED_FACE('',(#135),#116,.F.);
#925=ADVANCED_FACE('',(#136),#117,.F.);
#926=ADVANCED_FACE('',(#137),#118,.F.);
#927=ADVANCED_FACE('',(#138,#74),#900,.T.);
#928=ADVANCED_FACE('',(#139),#901,.T.);
#929=ADVANCED_FACE('',(#140),#902,.T.);
#930=ADVANCED_FACE('',(#141),#119,.T.);
#931=ADVANCED_FACE('',(#142,#75),#903,.T.);
#932=ADVANCED_FACE('',(#143),#120,.T.);
#933=ADVANCED_FACE('',(#144),#904,.T.);
#934=ADVANCED_FACE('',(#145),#121,.T.);
#935=ADVANCED_FACE('',(#146),#905,.T.);
#936=ADVANCED_FACE('',(#147),#122,.T.);
#937=ADVANCED_FACE('',(#148,#76,#77,#78,#79),#906,.F.);
#938=ADVANCED_FACE('',(#149),#123,.F.);
#939=ADVANCED_FACE('',(#150,#80),#907,.F.);
#940=ADVANCED_FACE('',(#151),#124,.F.);
#941=ADVANCED_FACE('',(#152,#81),#908,.F.);
#942=ADVANCED_FACE('',(#153),#125,.F.);
#943=ADVANCED_FACE('',(#154,#82),#909,.F.);
#944=ADVANCED_FACE('',(#155),#126,.F.);
#945=ADVANCED_FACE('',(#156,#83,#84,#85,#86,#87),#910,.T.);
#946=ADVANCED_FACE('',(#157,#88),#911,.F.);
#947=ADVANCED_FACE('',(#158),#51,.T.);
#948=ADVANCED_FACE('',(#159),#52,.T.);
#949=ADVANCED_FACE('',(#160),#53,.T.);
#950=ADVANCED_FACE('',(#161),#54,.T.);
#951=ADVANCED_FACE('',(#162),#55,.T.);
#952=ADVANCED_FACE('',(#163),#56,.T.);
#953=ADVANCED_FACE('',(#164),#57,.T.);
#954=ADVANCED_FACE('',(#165),#58,.T.);
#955=ADVANCED_FACE('',(#166),#912,.T.);
#956=ADVANCED_FACE('',(#167),#59,.T.);
#957=ADVANCED_FACE('',(#168),#60,.T.);
#958=ADVANCED_FACE('',(#169),#913,.T.);
#959=ADVANCED_FACE('',(#170),#61,.T.);
#960=ADVANCED_FACE('',(#171),#62,.T.);
#961=ADVANCED_FACE('',(#172),#63,.T.);
#962=ADVANCED_FACE('',(#173),#64,.T.);
#963=ADVANCED_FACE('',(#174),#65,.T.);
#964=ADVANCED_FACE('',(#175),#66,.T.);
#965=ADVANCED_FACE('',(#176),#67,.T.);
#966=ADVANCED_FACE('',(#177),#68,.T.);
#967=ADVANCED_FACE('',(#178),#69,.T.);
#968=ADVANCED_FACE('',(#179,#89),#914,.T.);
#969=ADVANCED_FACE('',(#180,#90),#915,.F.);
#970=CLOSED_SHELL('',(#916,#917,#918,#919,#920,#921,#922,#923,#924,#925,
#926,#927,#928,#929,#930,#931,#932,#933,#934,#935,#936,#937,#938,#939,#940,
#941,#942,#943,#944,#945,#946));
#971=CLOSED_SHELL('',(#947,#948,#949,#950,#951,#952,#953,#954,#955,#956,
#957,#958,#959,#960,#961,#962,#963,#964,#965,#966,#967,#968,#969));
#972=DERIVED_UNIT_ELEMENT(#974,1.);
#973=DERIVED_UNIT_ELEMENT(#1845,-3.);
#974=(
MASS_UNIT()
NAMED_UNIT(*)
SI_UNIT(.KILO.,.GRAM.)
);
#975=DERIVED_UNIT((#972,#973));
#976=MEASURE_REPRESENTATION_ITEM('density measure',
POSITIVE_RATIO_MEASURE(7850.),#975);
#977=PROPERTY_DEFINITION_REPRESENTATION(#982,#979);
#978=PROPERTY_DEFINITION_REPRESENTATION(#983,#980);
#979=REPRESENTATION('material name',(#981),#1842);
#980=REPRESENTATION('density',(#976),#1842);
#981=DESCRIPTIVE_REPRESENTATION_ITEM('Steel','Steel');
#982=PROPERTY_DEFINITION('material property','material name',#1852);
#983=PROPERTY_DEFINITION('material property','density of part',#1852);
#984=AXIS2_PLACEMENT_3D('',#1237,#1044,#1045);
#985=AXIS2_PLACEMENT_3D('',#1238,#1046,#1047);
#986=AXIS2_PLACEMENT_3D('',#1247,#1052,#1053);
#987=AXIS2_PLACEMENT_3D('',#1253,#1057,#1058);
#988=AXIS2_PLACEMENT_3D('',#1259,#1062,#1063);
#989=AXIS2_PLACEMENT_3D('',#1262,#1066,#1067);
#990=AXIS2_PLACEMENT_3D('',#1271,#1072,#1073);
#991=AXIS2_PLACEMENT_3D('',#1277,#1077,#1078);
#992=AXIS2_PLACEMENT_3D('',#1281,#1081,#1082);
#993=AXIS2_PLACEMENT_3D('',#1283,#1083,#1084);
#994=AXIS2_PLACEMENT_3D('',#1286,#1086,#1087);
#995=AXIS2_PLACEMENT_3D('',#1287,#1088,#1089);
#996=AXIS2_PLACEMENT_3D('',#1289,#1090,#1091);
#997=AXIS2_PLACEMENT_3D('',#1292,#1093,#1094);
#998=AXIS2_PLACEMENT_3D('',#1293,#1095,#1096);
#999=AXIS2_PLACEMENT_3D('',#1295,#1097,#1098);
#1000=AXIS2_PLACEMENT_3D('',#1298,#1100,#1101);
#1001=AXIS2_PLACEMENT_3D('',#1299,#1102,#1103);
#1002=AXIS2_PLACEMENT_3D('',#1301,#1104,#1105);
#1003=AXIS2_PLACEMENT_3D('',#1304,#1107,#1108);
#1004=AXIS2_PLACEMENT_3D('',#1305,#1109,#1110);
#1005=AXIS2_PLACEMENT_3D('',#1309,#1113,#1114);
#1006=AXIS2_PLACEMENT_3D('',#1311,#1116,#1117);
#1007=AXIS2_PLACEMENT_3D('',#1320,#1122,#1123);
#1008=AXIS2_PLACEMENT_3D('',#1322,#1124,#1125);
#1009=AXIS2_PLACEMENT_3D('',#1324,#1126,#1127);
#1010=AXIS2_PLACEMENT_3D('',#1326,#1129,#1130);
#1011=AXIS2_PLACEMENT_3D('',#1332,#1134,#1135);
#1012=AXIS2_PLACEMENT_3D('',#1334,#1136,#1137);
#1013=AXIS2_PLACEMENT_3D('',#1336,#1138,#1139);
#1014=AXIS2_PLACEMENT_3D('',#1338,#1141,#1142);
#1015=AXIS2_PLACEMENT_3D('',#1344,#1146,#1147);
#1016=AXIS2_PLACEMENT_3D('',#1346,#1148,#1149);
#1017=AXIS2_PLACEMENT_3D('',#1348,#1150,#1151);
#1018=AXIS2_PLACEMENT_3D('',#1350,#1153,#1154);
#1019=AXIS2_PLACEMENT_3D('',#1356,#1158,#1159);
#1020=AXIS2_PLACEMENT_3D('',#1357,#1160,#1161);
#1021=AXIS2_PLACEMENT_3D('',#1358,#1162,#1163);
#1022=AXIS2_PLACEMENT_3D('',#1359,#1164,#1165);
#1023=AXIS2_PLACEMENT_3D('',#1360,#1166,#1167);
#1024=AXIS2_PLACEMENT_3D('',#1362,#1168,#1169);
#1025=AXIS2_PLACEMENT_3D('',#1365,#1171,#1172);
#1026=AXIS2_PLACEMENT_3D('',#1366,#1173,#1174);
#1027=AXIS2_PLACEMENT_3D('',#1367,#1175,#1176);
#1028=AXIS2_PLACEMENT_3D('',#1369,#1177,#1178);
#1029=AXIS2_PLACEMENT_3D('',#1372,#1180,#1181);
#1030=AXIS2_PLACEMENT_3D('',#1373,#1182,#1183);
#1031=AXIS2_PLACEMENT_3D('',#1374,#1184,#1185);
#1032=AXIS2_PLACEMENT_3D('',#1376,#1186,#1187);
#1033=AXIS2_PLACEMENT_3D('',#1379,#1189,#1190);
#1034=AXIS2_PLACEMENT_3D('',#1380,#1191,#1192);
#1035=AXIS2_PLACEMENT_3D('',#1381,#1193,#1194);
#1036=AXIS2_PLACEMENT_3D('',#1383,#1195,#1196);
#1037=AXIS2_PLACEMENT_3D('',#1386,#1198,#1199);
#1038=AXIS2_PLACEMENT_3D('',#1387,#1200,#1201);
#1039=AXIS2_PLACEMENT_3D('',#1388,#1202,#1203);
#1040=AXIS2_PLACEMENT_3D('',#1573,#1212,#1213);
#1041=AXIS2_PLACEMENT_3D('',#1628,#1220,#1221);
#1042=AXIS2_PLACEMENT_3D('',#1838,#1233,#1234);
#1043=AXIS2_PLACEMENT_3D('',#1839,#1235,#1236);
#1044=DIRECTION('axis',(0.,0.,1.));
#1045=DIRECTION('refdir',(1.,0.,0.));
#1046=DIRECTION('center_axis',(0.,1.,0.));
#1047=DIRECTION('ref_axis',(1.,0.,0.));
#1048=DIRECTION('',(0.,0.,-1.));
#1049=DIRECTION('',(1.,0.,0.));
#1050=DIRECTION('',(0.,0.,1.));
#1051=DIRECTION('',(1.,0.,0.));
#1052=DIRECTION('center_axis',(0.,0.,-1.));
#1053=DIRECTION('ref_axis',(-1.,0.,0.));
#1054=DIRECTION('',(0.,-1.,0.));
#1055=DIRECTION('',(0.,1.,0.));
#1056=DIRECTION('',(-1.,0.,-2.3129642375604E-16));
#1057=DIRECTION('center_axis',(0.,-1.,0.));
#1058=DIRECTION('ref_axis',(-1.,0.,-2.3129642375604E-16));
#1059=DIRECTION('',(0.,0.,1.));
#1060=DIRECTION('',(0.,0.,-1.));
#1061=DIRECTION('',(-1.,0.,-2.3129642375604E-16));
#1062=DIRECTION('center_axis',(0.,2.3373116307898E-16,1.));
#1063=DIRECTION('ref_axis',(1.,0.,0.));
#1064=DIRECTION('',(0.,1.,-2.3373116307898E-16));
#1065=DIRECTION('',(0.,-1.,2.3373116307898E-16));
#1066=DIRECTION('center_axis',(0.,0.,1.));
#1067=DIRECTION('ref_axis',(1.,0.,0.));
#1068=DIRECTION('',(-1.,0.,0.));
#1069=DIRECTION('',(0.,-1.,0.));
#1070=DIRECTION('',(1.,-2.17770851955406E-16,0.));
#1071=DIRECTION('',(0.,1.,0.));
#1072=DIRECTION('center_axis',(-2.17770851955406E-16,-1.,0.));
#1073=DIRECTION('ref_axis',(1.,-2.17770851955406E-16,0.));
#1074=DIRECTION('',(0.,0.,1.));
#1075=DIRECTION('',(1.,-2.17770851955406E-16,0.));
#1076=DIRECTION('',(0.,0.,1.));
#1077=DIRECTION('center_axis',(-1.,0.,0.));
#1078=DIRECTION('ref_axis',(0.,-1.,0.));
#1079=DIRECTION('',(0.,0.,1.));
#1080=DIRECTION('',(0.,-1.,0.));
#1081=DIRECTION('center_axis',(0.,0.,1.));
#1082=DIRECTION('ref_axis',(1.,0.,0.));
#1083=DIRECTION('center_axis',(0.,0.,1.));
#1084=DIRECTION('ref_axis',(1.,0.,0.));
#1085=DIRECTION('',(0.,0.,-1.));
#1086=DIRECTION('center_axis',(0.,0.,-1.));
#1087=DIRECTION('ref_axis',(1.,0.,0.));
#1088=DIRECTION('center_axis',(0.,0.,1.));
#1089=DIRECTION('ref_axis',(1.,0.,0.));
#1090=DIRECTION('center_axis',(0.,0.,1.));
#1091=DIRECTION('ref_axis',(1.,0.,0.));
#1092=DIRECTION('',(0.,0.,-1.));
#1093=DIRECTION('center_axis',(0.,0.,-1.));
#1094=DIRECTION('ref_axis',(1.,0.,0.));
#1095=DIRECTION('center_axis',(0.,0.,1.));
#1096=DIRECTION('ref_axis',(1.,0.,0.));
#1097=DIRECTION('center_axis',(0.,0.,1.));
#1098=DIRECTION('ref_axis',(1.,0.,0.));
#1099=DIRECTION('',(0.,0.,-1.));
#1100=DIRECTION('center_axis',(0.,0.,-1.));
#1101=DIRECTION('ref_axis',(1.,0.,0.));
#1102=DIRECTION('center_axis',(0.,0.,1.));
#1103=DIRECTION('ref_axis',(1.,0.,0.));
#1104=DIRECTION('center_axis',(0.,0.,1.));
#1105=DIRECTION('ref_axis',(1.,0.,0.));
#1106=DIRECTION('',(0.,0.,-1.));
#1107=DIRECTION('center_axis',(0.,0.,-1.));
#1108=DIRECTION('ref_axis',(1.,0.,0.));
#1109=DIRECTION('center_axis',(1.,0.,0.));
#1110=DIRECTION('ref_axis',(0.,1.,0.));
#1111=DIRECTION('',(0.,1.,0.));
#1112=DIRECTION('',(0.,0.,1.));
#1113=DIRECTION('center_axis',(0.,1.,0.));
#1114=DIRECTION('ref_axis',(-1.,0.,0.));
#1115=DIRECTION('',(-1.,0.,0.));
#1116=DIRECTION('center_axis',(0.,-1.,0.));
#1117=DIRECTION('ref_axis',(1.,0.,0.));
#1118=DIRECTION('',(1.,0.,0.));
#1119=DIRECTION('',(0.,0.,1.));
#1120=DIRECTION('',(1.,0.,0.));
#1121=DIRECTION('',(0.,0.,1.));
#1122=DIRECTION('center_axis',(0.,0.,1.));
#1123=DIRECTION('ref_axis',(-1.,1.77635683940025E-15,0.));
#1124=DIRECTION('center_axis',(0.,0.,1.));
#1125=DIRECTION('ref_axis',(-1.,1.77635683940025E-15,0.));
#1126=DIRECTION('center_axis',(0.,0.,1.));
#1127=DIRECTION('ref_axis',(-1.,1.77635683940025E-15,0.));
#1128=DIRECTION('',(0.,0.,1.));
#1129=DIRECTION('center_axis',(-1.,0.,0.));
#1130=DIRECTION('ref_axis',(0.,-1.,0.));
#1131=DIRECTION('',(0.,-1.,0.));
#1132=DIRECTION('',(0.,-1.,0.));
#1133=DIRECTION('',(0.,0.,1.));
#1134=DIRECTION('center_axis',(0.,0.,1.));
#1135=DIRECTION('ref_axis',(1.77635683940025E-15,1.,0.));
#1136=DIRECTION('center_axis',(0.,0.,1.));
#1137=DIRECTION('ref_axis',(1.77635683940025E-15,1.,0.));
#1138=DIRECTION('center_axis',(0.,0.,1.));
#1139=DIRECTION('ref_axis',(1.77635683940025E-15,1.,0.));
#1140=DIRECTION('',(0.,0.,1.));
#1141=DIRECTION('center_axis',(1.96130820293723E-16,1.,0.));
#1142=DIRECTION('ref_axis',(-1.,1.96130820293723E-16,0.));
#1143=DIRECTION('',(-1.,1.96130820293723E-16,0.));
#1144=DIRECTION('',(-1.,1.96130820293723E-16,0.));
#1145=DIRECTION('',(0.,0.,1.));
#1146=DIRECTION('center_axis',(0.,0.,1.));
#1147=DIRECTION('ref_axis',(1.,8.88178419700127E-16,0.));
#1148=DIRECTION('center_axis',(0.,0.,1.));
#1149=DIRECTION('ref_axis',(1.,8.88178419700127E-16,0.));
#1150=DIRECTION('center_axis',(0.,0.,1.));
#1151=DIRECTION('ref_axis',(1.,8.88178419700127E-16,0.));
#1152=DIRECTION('',(0.,0.,1.));
#1153=DIRECTION('center_axis',(1.,0.,0.));
#1154=DIRECTION('ref_axis',(0.,1.,0.));
#1155=DIRECTION('',(0.,1.,0.));
#1156=DIRECTION('',(0.,1.,0.));
#1157=DIRECTION('',(0.,0.,1.));
#1158=DIRECTION('center_axis',(0.,0.,1.));
#1159=DIRECTION('ref_axis',(-3.5527136788005E-15,-1.,0.));
#1160=DIRECTION('center_axis',(0.,0.,1.));
#1161=DIRECTION('ref_axis',(-3.5527136788005E-15,-1.,0.));
#1162=DIRECTION('center_axis',(0.,0.,1.));
#1163=DIRECTION('ref_axis',(-3.5527136788005E-15,-1.,0.));
#1164=DIRECTION('center_axis',(0.,0.,1.));
#1165=DIRECTION('ref_axis',(1.,0.,0.));
#1166=DIRECTION('center_axis',(0.,0.,1.));
#1167=DIRECTION('ref_axis',(1.,0.,0.));
#1168=DIRECTION('center_axis',(0.,0.,-1.));
#1169=DIRECTION('ref_axis',(1.,0.,0.));
#1170=DIRECTION('',(0.,0.,-1.));
#1171=DIRECTION('center_axis',(0.,0.,-1.));
#1172=DIRECTION('ref_axis',(1.,0.,0.));
#1173=DIRECTION('center_axis',(0.,0.,1.));
#1174=DIRECTION('ref_axis',(1.,0.,0.));
#1175=DIRECTION('center_axis',(0.,0.,1.));
#1176=DIRECTION('ref_axis',(1.,0.,0.));
#1177=DIRECTION('center_axis',(0.,0.,-1.));
#1178=DIRECTION('ref_axis',(1.,0.,0.));
#1179=DIRECTION('',(0.,0.,-1.));
#1180=DIRECTION('center_axis',(0.,0.,-1.));
#1181=DIRECTION('ref_axis',(1.,0.,0.));
#1182=DIRECTION('center_axis',(0.,0.,1.));
#1183=DIRECTION('ref_axis',(1.,0.,0.));
#1184=DIRECTION('center_axis',(0.,0.,1.));
#1185=DIRECTION('ref_axis',(1.,0.,0.));
#1186=DIRECTION('center_axis',(0.,0.,-1.));
#1187=DIRECTION('ref_axis',(1.,0.,0.));
#1188=DIRECTION('',(0.,0.,-1.));
#1189=DIRECTION('center_axis',(0.,0.,-1.));
#1190=DIRECTION('ref_axis',(1.,0.,0.));
#1191=DIRECTION('center_axis',(0.,0.,1.));
#1192=DIRECTION('ref_axis',(1.,0.,0.));
#1193=DIRECTION('center_axis',(0.,0.,1.));
#1194=DIRECTION('ref_axis',(1.,0.,0.));
#1195=DIRECTION('center_axis',(0.,0.,-1.));
#1196=DIRECTION('ref_axis',(1.,0.,0.));
#1197=DIRECTION('',(0.,0.,-1.));
#1198=DIRECTION('center_axis',(0.,0.,-1.));
#1199=DIRECTION('ref_axis',(1.,0.,0.));
#1200=DIRECTION('center_axis',(0.,0.,1.));
#1201=DIRECTION('ref_axis',(1.,0.,0.));
#1202=DIRECTION('center_axis',(0.,0.,1.));
#1203=DIRECTION('ref_axis',(1.,0.,0.));
#1204=DIRECTION('',(0.,0.,-1.));
#1205=DIRECTION('',(0.,0.,-1.));
#1206=DIRECTION('',(0.,0.,-1.));
#1207=DIRECTION('',(0.,0.,-1.));
#1208=DIRECTION('',(0.,0.,-1.));
#1209=DIRECTION('',(0.,0.,-1.));
#1210=DIRECTION('',(0.,0.,-1.));
#1211=DIRECTION('',(0.,0.,-1.));
#1212=DIRECTION('center_axis',(-0.999964284675837,-0.00845158995351938,
0.));
#1213=DIRECTION('ref_axis',(-0.00845158995351938,0.999964284675837,0.));
#1214=DIRECTION('',(0.00845158995351938,-0.999964284675837,0.));
#1215=DIRECTION('',(0.,0.,-1.));
#1216=DIRECTION('',(-0.00845158995351938,0.999964284675837,0.));
#1217=DIRECTION('',(0.,0.,-1.));
#1218=DIRECTION('',(0.,0.,-1.));
#1219=DIRECTION('',(0.,0.,-1.));
#1220=DIRECTION('center_axis',(0.999964284675837,0.00845158995351967,0.));
#1221=DIRECTION('ref_axis',(0.00845158995351967,-0.999964284675837,0.));
#1222=DIRECTION('',(-0.00845158995351967,0.999964284675837,0.));
#1223=DIRECTION('',(0.00845158995351967,-0.999964284675837,0.));
#1224=DIRECTION('',(0.,0.,-1.));
#1225=DIRECTION('',(0.,0.,-1.));
#1226=DIRECTION('',(0.,0.,-1.));
#1227=DIRECTION('',(0.,0.,-1.));
#1228=DIRECTION('',(0.,0.,-1.));
#1229=DIRECTION('',(0.,0.,-1.));
#1230=DIRECTION('',(0.,0.,-1.));
#1231=DIRECTION('',(0.,0.,-1.));
#1232=DIRECTION('',(0.,0.,-1.));
#1233=DIRECTION('center_axis',(0.,0.,-1.));
#1234=DIRECTION('ref_axis',(-1.,0.,0.));
#1235=DIRECTION('center_axis',(0.,0.,-1.));
#1236=DIRECTION('ref_axis',(-1.,0.,0.));
#1237=CARTESIAN_POINT('',(0.,0.,0.));
#1238=CARTESIAN_POINT('Origin',(-50.0000007450581,-12.2050002086163,10.));
#1239=CARTESIAN_POINT('',(-40.4117037699472,-12.2050002086163,10.));
#1240=CARTESIAN_POINT('',(-40.4117037699472,-12.2050002086163,6.5));
#1241=CARTESIAN_POINT('',(-40.4117037699472,-12.2050002086163,5.));
#1242=CARTESIAN_POINT('',(-49.9117037699472,-12.2050002086163,10.));
#1243=CARTESIAN_POINT('',(-50.0000007450581,-12.2050002086163,10.));
#1244=CARTESIAN_POINT('',(-49.9117037699472,-12.2050002086163,6.5));
#1245=CARTESIAN_POINT('',(-49.9117037699472,-12.2050002086163,5.));
#1246=CARTESIAN_POINT('',(-50.0000007450581,-12.2050002086163,6.5));
#1247=CARTESIAN_POINT('Origin',(-45.1999999210238,-16.9550002086163,6.5));
#1248=CARTESIAN_POINT('',(-40.4117037699472,-21.7050002086163,6.5));
#1249=CARTESIAN_POINT('',(-40.4117037699472,-23.141500429379,6.5));
#1250=CARTESIAN_POINT('',(-49.9117037699472,-21.7050002086163,6.5));
#1251=CARTESIAN_POINT('',(-49.9117037699472,9.32849957062103,6.5));
#1252=CARTESIAN_POINT('',(-40.3999990969896,-21.7050002086163,6.5));
#1253=CARTESIAN_POINT('Origin',(-40.3999990969896,-21.7050002086163,10.));
#1254=CARTESIAN_POINT('',(-40.4117037699472,-21.7050002086163,10.));
#1255=CARTESIAN_POINT('',(-40.4117037699472,-21.7050002086163,5.));
#1256=CARTESIAN_POINT('',(-49.9117037699472,-21.7050002086163,10.));
#1257=CARTESIAN_POINT('',(-49.9117037699472,-21.7050002086163,5.));
#1258=CARTESIAN_POINT('',(-40.3999990969896,-21.7050002086163,10.));
#1259=CARTESIAN_POINT('Origin',(-45.1999999210238,-16.9550002086163,10.));
#1260=CARTESIAN_POINT('',(-40.4117037699472,-23.141500429379,10.));
#1261=CARTESIAN_POINT('',(-49.9117037699472,9.32849957062104,10.));
#1262=CARTESIAN_POINT('Origin',(0.373296230052791,0.891999349858326,3.));
#1263=CARTESIAN_POINT('',(41.1582962300528,-29.3280006501417,3.));
#1264=CARTESIAN_POINT('',(-40.4117037699472,-29.3280006501417,3.));
#1265=CARTESIAN_POINT('',(20.7657962300528,-29.3280006501417,3.));
#1266=CARTESIAN_POINT('',(41.1582962300528,31.1119993498583,3.));
#1267=CARTESIAN_POINT('',(41.1582962300528,16.0019993498583,3.));
#1268=CARTESIAN_POINT('',(-40.4117037699472,31.1119993498583,3.));
#1269=CARTESIAN_POINT('',(-20.0192037699472,31.1119993498583,3.));
#1270=CARTESIAN_POINT('',(-40.4117037699472,-14.2180006501417,3.));
#1271=CARTESIAN_POINT('Origin',(-40.4117037699472,31.1119993498583,0.));
#1272=CARTESIAN_POINT('',(41.1582962300528,31.1119993498583,13.));
#1273=CARTESIAN_POINT('',(41.1582962300528,31.1119993498583,0.));
#1274=CARTESIAN_POINT('',(-40.4117037699472,31.1119993498583,13.));
#1275=CARTESIAN_POINT('',(41.1582962300528,31.1119993498583,13.));
#1276=CARTESIAN_POINT('',(-40.4117037699472,31.1119993498583,0.));
#1277=CARTESIAN_POINT('Origin',(41.1582962300528,31.1119993498583,0.));
#1278=CARTESIAN_POINT('',(41.1582962300528,-29.3280006501417,13.));
#1279=CARTESIAN_POINT('',(41.1582962300528,-29.3280006501417,0.));
#1280=CARTESIAN_POINT('',(41.1582962300528,-29.3280006501417,13.));
#1281=CARTESIAN_POINT('Origin',(-44.9117037699472,35.6119993498583,0.));
#1282=CARTESIAN_POINT('',(-47.9117037699472,35.6119993498583,3.1));
#1283=CARTESIAN_POINT('Origin',(-44.9117037699472,35.6119993498583,3.1));
#1284=CARTESIAN_POINT('',(-47.9117037699472,35.6119993498583,0.));
#1285=CARTESIAN_POINT('',(-47.9117037699472,35.6119993498583,0.));
#1286=CARTESIAN_POINT('Origin',(-44.9117037699472,35.6119993498583,0.));
#1287=CARTESIAN_POINT('Origin',(-44.9117389939421,-33.8281337122731,0.));
#1288=CARTESIAN_POINT('',(-47.9117389939421,-33.8281337122731,3.1));
#1289=CARTESIAN_POINT('Origin',(-44.9117389939421,-33.8281337122731,3.1));
#1290=CARTESIAN_POINT('',(-47.9117389939421,-33.8281337122731,0.));
#1291=CARTESIAN_POINT('',(-47.9117389939421,-33.8281337122731,0.));
#1292=CARTESIAN_POINT('Origin',(-44.9117389939421,-33.8281337122731,0.));
#1293=CARTESIAN_POINT('Origin',(45.6583697019107,-33.8280226744889,0.));
#1294=CARTESIAN_POINT('',(42.6583697019107,-33.8280226744889,3.1));
#1295=CARTESIAN_POINT('Origin',(45.6583697019107,-33.8280226744889,3.1));
#1296=CARTESIAN_POINT('',(42.6583697019107,-33.8280226744889,0.));
#1297=CARTESIAN_POINT('',(42.6583697019107,-33.8280226744889,0.));
#1298=CARTESIAN_POINT('Origin',(45.6583697019107,-33.8280226744889,0.));
#1299=CARTESIAN_POINT('Origin',(45.6587525982019,35.6112664253562,0.));
#1300=CARTESIAN_POINT('',(42.6587525982019,35.6112664253562,3.1));
#1301=CARTESIAN_POINT('Origin',(45.6587525982019,35.6112664253562,3.1));
#1302=CARTESIAN_POINT('',(42.6587525982019,35.6112664253562,0.));
#1303=CARTESIAN_POINT('',(42.6587525982019,35.6112664253562,0.));
#1304=CARTESIAN_POINT('Origin',(45.6587525982019,35.6112664253562,0.));
#1305=CARTESIAN_POINT('Origin',(-40.4117037699472,-29.3280006501417,0.));
#1306=CARTESIAN_POINT('',(-40.4117037699472,-29.3280006501417,13.));
#1307=CARTESIAN_POINT('',(-40.4117037699472,31.1119993498583,13.));
#1308=CARTESIAN_POINT('',(-40.4117037699472,-29.3280006501417,0.));
#1309=CARTESIAN_POINT('Origin',(41.1582962300528,-29.3280006501417,0.));
#1310=CARTESIAN_POINT('',(-40.4117037699472,-29.3280006501417,13.));
#1311=CARTESIAN_POINT('Origin',(-44.9117037699472,-38.8280006501417,0.));
#1312=CARTESIAN_POINT('',(-44.9117037699472,-38.8280006501417,0.));
#1313=CARTESIAN_POINT('',(45.6582962300528,-38.8280006501417,0.));
#1314=CARTESIAN_POINT('',(-44.9117037699472,-38.8280006501417,0.));
#1315=CARTESIAN_POINT('',(45.6582962300528,-38.8280006501417,13.));
#1316=CARTESIAN_POINT('',(45.6582962300528,-38.8280006501417,0.));
#1317=CARTESIAN_POINT('',(-44.9117037699472,-38.8280006501417,13.));
#1318=CARTESIAN_POINT('',(-44.9117037699472,-38.8280006501417,13.));
#1319=CARTESIAN_POINT('',(-44.9117037699472,-38.8280006501417,0.));
#1320=CARTESIAN_POINT('Origin',(-44.9117037699472,-33.8280006501417,0.));
#1321=CARTESIAN_POINT('',(-49.9117037699472,-33.8280006501417,0.));
#1322=CARTESIAN_POINT('Origin',(-44.9117037699472,-33.8280006501417,0.));
#1323=CARTESIAN_POINT('',(-49.9117037699472,-33.8280006501417,13.));
#1324=CARTESIAN_POINT('Origin',(-44.9117037699472,-33.8280006501417,13.));
#1325=CARTESIAN_POINT('',(-49.9117037699472,-33.8280006501417,0.));
#1326=CARTESIAN_POINT('Origin',(-49.9117037699472,35.6119993498583,0.));
#1327=CARTESIAN_POINT('',(-49.9117037699472,35.6119993498583,0.));
#1328=CARTESIAN_POINT('',(-49.9117037699472,35.6119993498583,0.));
#1329=CARTESIAN_POINT('',(-49.9117037699472,35.6119993498583,13.));
#1330=CARTESIAN_POINT('',(-49.9117037699472,35.6119993498583,13.));
#1331=CARTESIAN_POINT('',(-49.9117037699472,35.6119993498583,0.));
#1332=CARTESIAN_POINT('Origin',(-44.9117037699472,35.6119993498583,0.));
#1333=CARTESIAN_POINT('',(-44.9117037699472,40.6119993498583,0.));
#1334=CARTESIAN_POINT('Origin',(-44.9117037699472,35.6119993498583,0.));
#1335=CARTESIAN_POINT('',(-44.9117037699472,40.6119993498583,13.));
#1336=CARTESIAN_POINT('Origin',(-44.9117037699472,35.6119993498583,13.));
#1337=CARTESIAN_POINT('',(-44.9117037699472,40.6119993498583,0.));
#1338=CARTESIAN_POINT('Origin',(45.6582962300528,40.6119993498583,0.));
#1339=CARTESIAN_POINT('',(45.6582962300528,40.6119993498583,0.));
#1340=CARTESIAN_POINT('',(45.6582962300528,40.6119993498583,0.));
#1341=CARTESIAN_POINT('',(45.6582962300528,40.6119993498583,13.));
#1342=CARTESIAN_POINT('',(45.6582962300528,40.6119993498583,13.));
#1343=CARTESIAN_POINT('',(45.6582962300528,40.6119993498583,0.));
#1344=CARTESIAN_POINT('Origin',(45.6582962300528,35.6119993498583,0.));
#1345=CARTESIAN_POINT('',(50.6582962300528,35.6119993498583,0.));
#1346=CARTESIAN_POINT('Origin',(45.6582962300528,35.6119993498583,0.));
#1347=CARTESIAN_POINT('',(50.6582962300528,35.6119993498583,13.));
#1348=CARTESIAN_POINT('Origin',(45.6582962300528,35.6119993498583,13.));
#1349=CARTESIAN_POINT('',(50.6582962300528,35.6119993498583,0.));
#1350=CARTESIAN_POINT('Origin',(50.6582962300528,-33.8280006501417,0.));
#1351=CARTESIAN_POINT('',(50.6582962300528,-33.8280006501417,0.));
#1352=CARTESIAN_POINT('',(50.6582962300528,-33.8280006501417,0.));
#1353=CARTESIAN_POINT('',(50.6582962300528,-33.8280006501417,13.));
#1354=CARTESIAN_POINT('',(50.6582962300528,-33.8280006501417,13.));
#1355=CARTESIAN_POINT('',(50.6582962300528,-33.8280006501417,0.));
#1356=CARTESIAN_POINT('Origin',(45.6582962300528,-33.8280006501417,0.));
#1357=CARTESIAN_POINT('Origin',(45.6582962300528,-33.8280006501417,0.));
#1358=CARTESIAN_POINT('Origin',(45.6582962300528,-33.8280006501417,13.));
#1359=CARTESIAN_POINT('Origin',(0.373296230052791,0.891999349858326,0.));
#1360=CARTESIAN_POINT('Origin',(45.6587525982019,35.6112664253562,3.1));
#1361=CARTESIAN_POINT('',(43.9587525982019,35.6112664253562,13.));
#1362=CARTESIAN_POINT('Origin',(45.6587525982019,35.6112664253562,13.));
#1363=CARTESIAN_POINT('',(43.9587525982019,35.6112664253562,3.1));
#1364=CARTESIAN_POINT('',(43.9587525982019,35.6112664253562,3.1));
#1365=CARTESIAN_POINT('Origin',(45.6587525982019,35.6112664253562,3.1));
#1366=CARTESIAN_POINT('Origin',(45.6587525982019,35.6112664253562,3.1));
#1367=CARTESIAN_POINT('Origin',(45.6583697019107,-33.8280226744889,3.1));
#1368=CARTESIAN_POINT('',(43.9583697019107,-33.8280226744889,13.));
#1369=CARTESIAN_POINT('Origin',(45.6583697019107,-33.8280226744889,13.));
#1370=CARTESIAN_POINT('',(43.9583697019107,-33.8280226744889,3.1));
#1371=CARTESIAN_POINT('',(43.9583697019107,-33.8280226744889,3.1));
#1372=CARTESIAN_POINT('Origin',(45.6583697019107,-33.8280226744889,3.1));
#1373=CARTESIAN_POINT('Origin',(45.6583697019107,-33.8280226744889,3.1));
#1374=CARTESIAN_POINT('Origin',(-44.9117389939421,-33.8281337122731,3.1));
#1375=CARTESIAN_POINT('',(-46.6117389939421,-33.8281337122731,13.));
#1376=CARTESIAN_POINT('Origin',(-44.9117389939421,-33.8281337122731,13.));
#1377=CARTESIAN_POINT('',(-46.6117389939421,-33.8281337122731,3.1));
#1378=CARTESIAN_POINT('',(-46.6117389939421,-33.8281337122731,3.1));
#1379=CARTESIAN_POINT('Origin',(-44.9117389939421,-33.8281337122731,3.1));
#1380=CARTESIAN_POINT('Origin',(-44.9117389939421,-33.8281337122731,3.1));
#1381=CARTESIAN_POINT('Origin',(-44.9117037699472,35.6119993498583,3.1));
#1382=CARTESIAN_POINT('',(-46.6117037699472,35.6119993498583,13.));
#1383=CARTESIAN_POINT('Origin',(-44.9117037699472,35.6119993498583,13.));
#1384=CARTESIAN_POINT('',(-46.6117037699472,35.6119993498583,3.1));
#1385=CARTESIAN_POINT('',(-46.6117037699472,35.6119993498583,3.1));
#1386=CARTESIAN_POINT('Origin',(-44.9117037699472,35.6119993498583,3.1));
#1387=CARTESIAN_POINT('Origin',(-44.9117037699472,35.6119993498583,13.));
#1388=CARTESIAN_POINT('Origin',(-44.9117037699472,35.6119993498583,3.1));
#1389=CARTESIAN_POINT('Ctrl Pts',(24.3327294265428,3.78610316428368,0.));
#1390=CARTESIAN_POINT('Ctrl Pts',(24.3327294265428,3.78610316428368,-0.2));
#1391=CARTESIAN_POINT('Ctrl Pts',(23.963132609792,3.4479125282925,0.));
#1392=CARTESIAN_POINT('Ctrl Pts',(23.963132609792,3.4479125282925,-0.2));
#1393=CARTESIAN_POINT('Ctrl Pts',(23.2226134773927,2.77031839057388,0.));
#1394=CARTESIAN_POINT('Ctrl Pts',(23.2226134773927,2.77031839057388,-0.2));
#1395=CARTESIAN_POINT('Ctrl Pts',(23.1255961647982,1.77111929908662,0.));
#1396=CARTESIAN_POINT('Ctrl Pts',(23.1255961647982,1.77111929908662,-0.2));
#1397=CARTESIAN_POINT('Ctrl Pts',(23.0770006799942,1.27062549063151,0.));
#1398=CARTESIAN_POINT('Ctrl Pts',(23.0770006799942,1.27062549063151,-0.2));
#1399=CARTESIAN_POINT('',(23.0770006799942,1.27062549063151,0.));
#1400=CARTESIAN_POINT('',(24.3327294265428,3.78610316428368,0.));
#1401=CARTESIAN_POINT('Ctrl Pts',(23.0770006799942,1.27062549063151,0.));
#1402=CARTESIAN_POINT('Ctrl Pts',(23.1255961647982,1.77111929908662,0.));
#1403=CARTESIAN_POINT('Ctrl Pts',(23.2226134773927,2.77031839057388,0.));
#1404=CARTESIAN_POINT('Ctrl Pts',(23.963132609792,3.4479125282925,0.));
#1405=CARTESIAN_POINT('Ctrl Pts',(24.3327294265428,3.78610316428368,0.));
#1406=CARTESIAN_POINT('',(23.0770006799942,1.27062549063151,-0.2));
#1407=CARTESIAN_POINT('',(23.0770006799942,1.27062549063151,0.));
#1408=CARTESIAN_POINT('',(24.3327294265428,3.78610316428368,-0.2));
#1409=CARTESIAN_POINT('Ctrl Pts',(24.3327294265428,3.78610316428368,-0.2));
#1410=CARTESIAN_POINT('Ctrl Pts',(23.963132609792,3.4479125282925,-0.2));
#1411=CARTESIAN_POINT('Ctrl Pts',(23.2226134773927,2.77031839057388,-0.2));
#1412=CARTESIAN_POINT('Ctrl Pts',(23.1255961647982,1.77111929908662,-0.2));
#1413=CARTESIAN_POINT('Ctrl Pts',(23.0770006799942,1.27062549063151,-0.2));
#1414=CARTESIAN_POINT('',(24.3327294265428,3.78610316428368,0.));
#1415=CARTESIAN_POINT('Ctrl Pts',(28.0083081633526,4.73807493292929,0.));
#1416=CARTESIAN_POINT('Ctrl Pts',(28.0083081633526,4.73807493292929,-0.2));
#1417=CARTESIAN_POINT('Ctrl Pts',(27.2846238831411,4.71407623907367,0.));
#1418=CARTESIAN_POINT('Ctrl Pts',(27.2846238831411,4.71407623907367,-0.2));
#1419=CARTESIAN_POINT('Ctrl Pts',(25.9832854474047,4.67092147728629,0.));
#1420=CARTESIAN_POINT('Ctrl Pts',(25.9832854474047,4.67092147728629,-0.2));
#1421=CARTESIAN_POINT('Ctrl Pts',(24.8401558787874,4.05812072186619,0.));
#1422=CARTESIAN_POINT('Ctrl Pts',(24.8401558787874,4.05812072186619,-0.2));
#1423=CARTESIAN_POINT('Ctrl Pts',(24.3327294265428,3.78610316428368,0.));
#1424=CARTESIAN_POINT('Ctrl Pts',(24.3327294265428,3.78610316428368,-0.2));
#1425=CARTESIAN_POINT('',(28.0083081633526,4.73807493292929,0.));
#1426=CARTESIAN_POINT('Ctrl Pts',(24.3327294265428,3.78610316428368,0.));
#1427=CARTESIAN_POINT('Ctrl Pts',(24.8401558787874,4.05812072186619,0.));
#1428=CARTESIAN_POINT('Ctrl Pts',(25.9832854474047,4.67092147728629,0.));
#1429=CARTESIAN_POINT('Ctrl Pts',(27.2846238831411,4.71407623907367,0.));
#1430=CARTESIAN_POINT('Ctrl Pts',(28.0083081633526,4.73807493292929,0.));
#1431=CARTESIAN_POINT('',(28.0083081633526,4.73807493292929,-0.2));
#1432=CARTESIAN_POINT('Ctrl Pts',(28.0083081633526,4.73807493292929,-0.2));
#1433=CARTESIAN_POINT('Ctrl Pts',(27.2846238831411,4.71407623907367,-0.2));
#1434=CARTESIAN_POINT('Ctrl Pts',(25.9832854474047,4.67092147728629,-0.2));
#1435=CARTESIAN_POINT('Ctrl Pts',(24.8401558787874,4.05812072186619,-0.2));
#1436=CARTESIAN_POINT('Ctrl Pts',(24.3327294265428,3.78610316428368,-0.2));
#1437=CARTESIAN_POINT('',(28.0083081633526,4.73807493292929,0.));
#1438=CARTESIAN_POINT('Ctrl Pts',(31.6990363091551,3.89747748052236,0.));
#1439=CARTESIAN_POINT('Ctrl Pts',(31.6990363091551,3.89747748052236,-0.2));
#1440=CARTESIAN_POINT('Ctrl Pts',(31.1758849717865,4.1466574314988,0.));
#1441=CARTESIAN_POINT('Ctrl Pts',(31.1758849717865,4.1466574314988,-0.2));
#1442=CARTESIAN_POINT('Ctrl Pts',(30.0122619255346,4.70089769222054,0.));
#1443=CARTESIAN_POINT('Ctrl Pts',(30.0122619255346,4.70089769222054,-0.2));
#1444=CARTESIAN_POINT('Ctrl Pts',(28.7197318216358,4.72487664008989,0.));
#1445=CARTESIAN_POINT('Ctrl Pts',(28.7197318216358,4.72487664008989,-0.2));
#1446=CARTESIAN_POINT('Ctrl Pts',(28.0083081633526,4.73807493292929,0.));
#1447=CARTESIAN_POINT('Ctrl Pts',(28.0083081633526,4.73807493292929,-0.2));
#1448=CARTESIAN_POINT('',(31.6990363091551,3.89747748052236,0.));
#1449=CARTESIAN_POINT('Ctrl Pts',(28.0083081633526,4.73807493292929,0.));
#1450=CARTESIAN_POINT('Ctrl Pts',(28.7197318216358,4.72487664008989,0.));
#1451=CARTESIAN_POINT('Ctrl Pts',(30.0122619255346,4.70089769222054,0.));
#1452=CARTESIAN_POINT('Ctrl Pts',(31.1758849717865,4.1466574314988,0.));
#1453=CARTESIAN_POINT('Ctrl Pts',(31.6990363091551,3.89747748052236,0.));
#1454=CARTESIAN_POINT('',(31.6990363091551,3.89747748052236,-0.2));
#1455=CARTESIAN_POINT('Ctrl Pts',(31.6990363091551,3.89747748052236,-0.2));
#1456=CARTESIAN_POINT('Ctrl Pts',(31.1758849717865,4.1466574314988,-0.2));
#1457=CARTESIAN_POINT('Ctrl Pts',(30.0122619255346,4.70089769222054,-0.2));
#1458=CARTESIAN_POINT('Ctrl Pts',(28.7197318216358,4.72487664008989,-0.2));
#1459=CARTESIAN_POINT('Ctrl Pts',(28.0083081633526,4.73807493292929,-0.2));
#1460=CARTESIAN_POINT('',(31.6990363091551,3.89747748052236,0.));
#1461=CARTESIAN_POINT('Ctrl Pts',(33.0578704889739,1.4777702919317,0.));
#1462=CARTESIAN_POINT('Ctrl Pts',(33.0578704889739,1.4777702919317,-0.2));
#1463=CARTESIAN_POINT('Ctrl Pts',(32.996353167855,1.96943274455704,0.));
#1464=CARTESIAN_POINT('Ctrl Pts',(32.996353167855,1.96943274455704,-0.2));
#1465=CARTESIAN_POINT('Ctrl Pts',(32.8724224783625,2.95991909284295,0.));
#1466=CARTESIAN_POINT('Ctrl Pts',(32.8724224783625,2.95991909284295,-0.2));
#1467=CARTESIAN_POINT('Ctrl Pts',(32.0920457995668,3.58345524824911,0.));
#1468=CARTESIAN_POINT('Ctrl Pts',(32.0920457995668,3.58345524824911,-0.2));
#1469=CARTESIAN_POINT('Ctrl Pts',(31.6990363091551,3.89747748052236,0.));
#1470=CARTESIAN_POINT('Ctrl Pts',(31.6990363091551,3.89747748052236,-0.2));
#1471=CARTESIAN_POINT('',(33.0578704889739,1.4777702919317,0.));
#1472=CARTESIAN_POINT('Ctrl Pts',(31.6990363091551,3.89747748052236,0.));
#1473=CARTESIAN_POINT('Ctrl Pts',(32.0920457995668,3.58345524824911,0.));
#1474=CARTESIAN_POINT('Ctrl Pts',(32.8724224783625,2.95991909284295,0.));
#1475=CARTESIAN_POINT('Ctrl Pts',(32.996353167855,1.96943274455704,0.));
#1476=CARTESIAN_POINT('Ctrl Pts',(33.0578704889739,1.4777702919317,0.));
#1477=CARTESIAN_POINT('',(33.0578704889739,1.4777702919317,-0.2));
#1478=CARTESIAN_POINT('Ctrl Pts',(33.0578704889739,1.4777702919317,-0.2));
#1479=CARTESIAN_POINT('Ctrl Pts',(32.996353167855,1.96943274455704,-0.2));
#1480=CARTESIAN_POINT('Ctrl Pts',(32.8724224783625,2.95991909284295,-0.2));
#1481=CARTESIAN_POINT('Ctrl Pts',(32.0920457995668,3.58345524824911,-0.2));
#1482=CARTESIAN_POINT('Ctrl Pts',(31.6990363091551,3.89747748052236,-0.2));
#1483=CARTESIAN_POINT('',(33.0578704889739,1.4777702919317,0.));
#1484=CARTESIAN_POINT('Ctrl Pts',(31.7594796383139,-1.07490375118966,0.));
#1485=CARTESIAN_POINT('Ctrl Pts',(31.7594796383139,-1.07490375118966,-0.2));
#1486=CARTESIAN_POINT('Ctrl Pts',(32.1413731938531,-0.718078685598912,0.));
#1487=CARTESIAN_POINT('Ctrl Pts',(32.1413731938531,-0.718078685598912,-0.2));
#1488=CARTESIAN_POINT('Ctrl Pts',(32.8853637935692,-0.0229255710935905,
0.));
#1489=CARTESIAN_POINT('Ctrl Pts',(32.8853637935692,-0.0229255710935905,
-0.2));
#1490=CARTESIAN_POINT('Ctrl Pts',(33.0013974193653,0.986491378176378,0.));
#1491=CARTESIAN_POINT('Ctrl Pts',(33.0013974193653,0.986491378176378,-0.2));
#1492=CARTESIAN_POINT('Ctrl Pts',(33.0578704889739,1.4777702919317,0.));
#1493=CARTESIAN_POINT('Ctrl Pts',(33.0578704889739,1.4777702919317,-0.2));
#1494=CARTESIAN_POINT('',(31.7594796383139,-1.07490375118966,0.));
#1495=CARTESIAN_POINT('Ctrl Pts',(33.0578704889739,1.4777702919317,0.));
#1496=CARTESIAN_POINT('Ctrl Pts',(33.0013974193653,0.986491378176378,0.));
#1497=CARTESIAN_POINT('Ctrl Pts',(32.8853637935692,-0.0229255710935905,
0.));
#1498=CARTESIAN_POINT('Ctrl Pts',(32.1413731938531,-0.718078685598912,0.));
#1499=CARTESIAN_POINT('Ctrl Pts',(31.7594796383139,-1.07490375118966,0.));
#1500=CARTESIAN_POINT('',(31.7594796383139,-1.07490375118966,-0.2));
#1501=CARTESIAN_POINT('Ctrl Pts',(31.7594796383139,-1.07490375118966,-0.2));
#1502=CARTESIAN_POINT('Ctrl Pts',(32.1413731938531,-0.718078685598912,-0.2));
#1503=CARTESIAN_POINT('Ctrl Pts',(32.8853637935692,-0.0229255710935905,
-0.2));
#1504=CARTESIAN_POINT('Ctrl Pts',(33.0013974193653,0.986491378176378,-0.2));
#1505=CARTESIAN_POINT('Ctrl Pts',(33.0578704889739,1.4777702919317,-0.2));
#1506=CARTESIAN_POINT('',(31.7594796383139,-1.07490375118966,0.));
#1507=CARTESIAN_POINT('Ctrl Pts',(27.9680925253971,-2.1260844944745,0.));
#1508=CARTESIAN_POINT('Ctrl Pts',(27.9680925253971,-2.1260844944745,-0.2));
#1509=CARTESIAN_POINT('Ctrl Pts',(28.7162101189207,-2.0985082162652,0.));
#1510=CARTESIAN_POINT('Ctrl Pts',(28.7162101189207,-2.0985082162652,-0.2));
#1511=CARTESIAN_POINT('Ctrl Pts',(30.069024019662,-2.04864229569977,0.));
#1512=CARTESIAN_POINT('Ctrl Pts',(30.069024019662,-2.04864229569977,-0.2));
#1513=CARTESIAN_POINT('Ctrl Pts',(31.2372794137848,-1.3757022347259,0.));
#1514=CARTESIAN_POINT('Ctrl Pts',(31.2372794137848,-1.3757022347259,-0.2));
#1515=CARTESIAN_POINT('Ctrl Pts',(31.7594796383139,-1.07490375118966,0.));
#1516=CARTESIAN_POINT('Ctrl Pts',(31.7594796383139,-1.07490375118966,-0.2));
#1517=CARTESIAN_POINT('',(27.9680925253971,-2.1260844944745,0.));
#1518=CARTESIAN_POINT('Ctrl Pts',(31.7594796383139,-1.07490375118966,0.));
#1519=CARTESIAN_POINT('Ctrl Pts',(31.2372794137848,-1.3757022347259,0.));
#1520=CARTESIAN_POINT('Ctrl Pts',(30.069024019662,-2.04864229569977,0.));
#1521=CARTESIAN_POINT('Ctrl Pts',(28.7162101189207,-2.0985082162652,0.));
#1522=CARTESIAN_POINT('Ctrl Pts',(27.9680925253971,-2.1260844944745,0.));
#1523=CARTESIAN_POINT('',(27.9680925253971,-2.1260844944745,-0.2));
#1524=CARTESIAN_POINT('Ctrl Pts',(27.9680925253971,-2.1260844944745,-0.2));
#1525=CARTESIAN_POINT('Ctrl Pts',(28.7162101189207,-2.0985082162652,-0.2));
#1526=CARTESIAN_POINT('Ctrl Pts',(30.069024019662,-2.04864229569977,-0.2));
#1527=CARTESIAN_POINT('Ctrl Pts',(31.2372794137848,-1.3757022347259,-0.2));
#1528=CARTESIAN_POINT('Ctrl Pts',(31.7594796383139,-1.07490375118966,-0.2));
#1529=CARTESIAN_POINT('',(27.9680925253971,-2.1260844944745,0.));
#1530=CARTESIAN_POINT('Ctrl Pts',(24.3258011466737,-1.20526568000346,0.));
#1531=CARTESIAN_POINT('Ctrl Pts',(24.3258011466737,-1.20526568000346,-0.2));
#1532=CARTESIAN_POINT('Ctrl Pts',(24.8246991108191,-1.477634591284,0.));
#1533=CARTESIAN_POINT('Ctrl Pts',(24.8246991108191,-1.477634591284,-0.2));
#1534=CARTESIAN_POINT('Ctrl Pts',(25.954155547165,-2.0942512985365,0.));
#1535=CARTESIAN_POINT('Ctrl Pts',(25.954155547165,-2.0942512985365,-0.2));
#1536=CARTESIAN_POINT('Ctrl Pts',(27.2465616918026,-2.11467965278909,0.));
#1537=CARTESIAN_POINT('Ctrl Pts',(27.2465616918026,-2.11467965278909,-0.2));
#1538=CARTESIAN_POINT('Ctrl Pts',(27.9680925253971,-2.1260844944745,0.));
#1539=CARTESIAN_POINT('Ctrl Pts',(27.9680925253971,-2.1260844944745,-0.2));
#1540=CARTESIAN_POINT('',(24.3258011466737,-1.20526568000346,0.));
#1541=CARTESIAN_POINT('Ctrl Pts',(27.9680925253971,-2.1260844944745,0.));
#1542=CARTESIAN_POINT('Ctrl Pts',(27.2465616918026,-2.11467965278909,0.));
#1543=CARTESIAN_POINT('Ctrl Pts',(25.954155547165,-2.0942512985365,0.));
#1544=CARTESIAN_POINT('Ctrl Pts',(24.8246991108191,-1.477634591284,0.));
#1545=CARTESIAN_POINT('Ctrl Pts',(24.3258011466737,-1.20526568000346,0.));
#1546=CARTESIAN_POINT('',(24.3258011466737,-1.20526568000346,-0.2));
#1547=CARTESIAN_POINT('Ctrl Pts',(24.3258011466737,-1.20526568000346,-0.2));
#1548=CARTESIAN_POINT('Ctrl Pts',(24.8246991108191,-1.477634591284,-0.2));
#1549=CARTESIAN_POINT('Ctrl Pts',(25.954155547165,-2.0942512985365,-0.2));
#1550=CARTESIAN_POINT('Ctrl Pts',(27.2465616918026,-2.11467965278909,-0.2));
#1551=CARTESIAN_POINT('Ctrl Pts',(27.9680925253971,-2.1260844944745,-0.2));
#1552=CARTESIAN_POINT('',(24.3258011466737,-1.20526568000346,0.));
#1553=CARTESIAN_POINT('Ctrl Pts',(23.0770006799942,1.27062549063151,0.));
#1554=CARTESIAN_POINT('Ctrl Pts',(23.0770006799942,1.27062549063151,-0.2));
#1555=CARTESIAN_POINT('Ctrl Pts',(23.132999300378,0.783231361270947,0.));
#1556=CARTESIAN_POINT('Ctrl Pts',(23.132999300378,0.783231361270947,-0.2));
#1557=CARTESIAN_POINT('Ctrl Pts',(23.245392759323,-0.195005454079799,0.));
#1558=CARTESIAN_POINT('Ctrl Pts',(23.245392759323,-0.195005454079799,-0.2));
#1559=CARTESIAN_POINT('Ctrl Pts',(23.9648196243466,-0.867721767377363,0.));
#1560=CARTESIAN_POINT('Ctrl Pts',(23.9648196243466,-0.867721767377363,-0.2));
#1561=CARTESIAN_POINT('Ctrl Pts',(24.3258011466737,-1.20526568000346,0.));
#1562=CARTESIAN_POINT('Ctrl Pts',(24.3258011466737,-1.20526568000346,-0.2));
#1563=CARTESIAN_POINT('Ctrl Pts',(24.3258011466737,-1.20526568000346,0.));
#1564=CARTESIAN_POINT('Ctrl Pts',(23.9648196243466,-0.867721767377363,0.));
#1565=CARTESIAN_POINT('Ctrl Pts',(23.245392759323,-0.195005454079799,0.));
#1566=CARTESIAN_POINT('Ctrl Pts',(23.132999300378,0.783231361270947,0.));
#1567=CARTESIAN_POINT('Ctrl Pts',(23.0770006799942,1.27062549063151,0.));
#1568=CARTESIAN_POINT('Ctrl Pts',(23.0770006799942,1.27062549063151,-0.2));
#1569=CARTESIAN_POINT('Ctrl Pts',(23.132999300378,0.783231361270947,-0.2));
#1570=CARTESIAN_POINT('Ctrl Pts',(23.245392759323,-0.195005454079799,-0.2));
#1571=CARTESIAN_POINT('Ctrl Pts',(23.9648196243466,-0.867721767377363,-0.2));
#1572=CARTESIAN_POINT('Ctrl Pts',(24.3258011466737,-1.20526568000346,-0.2));
#1573=CARTESIAN_POINT('Origin',(21.6001712299113,-5.5933970459211,0.));
#1574=CARTESIAN_POINT('',(21.5810773205052,-3.33426857827209,0.));
#1575=CARTESIAN_POINT('',(21.6001712299113,-5.5933970459211,0.));
#1576=CARTESIAN_POINT('',(21.5810773205052,-3.33426857827209,0.));
#1577=CARTESIAN_POINT('',(21.5810773205052,-3.33426857827209,-0.2));
#1578=CARTESIAN_POINT('',(21.5810773205052,-3.33426857827209,0.));
#1579=CARTESIAN_POINT('',(21.6001712299113,-5.5933970459211,-0.2));
#1580=CARTESIAN_POINT('',(21.5810773205052,-3.33426857827209,-0.2));
#1581=CARTESIAN_POINT('',(21.6001712299113,-5.5933970459211,0.));
#1582=CARTESIAN_POINT('Ctrl Pts',(28.1063332376766,-3.9544494531627,0.));
#1583=CARTESIAN_POINT('Ctrl Pts',(28.1063332376766,-3.9544494531627,-0.2));
#1584=CARTESIAN_POINT('Ctrl Pts',(26.9240219011838,-4.1984722249862,0.));
#1585=CARTESIAN_POINT('Ctrl Pts',(26.9240219011838,-4.1984722249862,-0.2));
#1586=CARTESIAN_POINT('Ctrl Pts',(24.7314455265738,-4.65100832766301,0.));
#1587=CARTESIAN_POINT('Ctrl Pts',(24.7314455265738,-4.65100832766301,-0.2));
#1588=CARTESIAN_POINT('Ctrl Pts',(22.5878620141327,-5.29614149945882,0.));
#1589=CARTESIAN_POINT('Ctrl Pts',(22.5878620141327,-5.29614149945882,-0.2));
#1590=CARTESIAN_POINT('Ctrl Pts',(21.6001712299113,-5.5933970459211,0.));
#1591=CARTESIAN_POINT('Ctrl Pts',(21.6001712299113,-5.5933970459211,-0.2));
#1592=CARTESIAN_POINT('',(28.1063332376766,-3.9544494531627,0.));
#1593=CARTESIAN_POINT('Ctrl Pts',(21.6001712299113,-5.5933970459211,0.));
#1594=CARTESIAN_POINT('Ctrl Pts',(22.5878620141327,-5.29614149945882,0.));
#1595=CARTESIAN_POINT('Ctrl Pts',(24.7314455265738,-4.65100832766301,0.));
#1596=CARTESIAN_POINT('Ctrl Pts',(26.9240219011838,-4.1984722249862,0.));
#1597=CARTESIAN_POINT('Ctrl Pts',(28.1063332376766,-3.9544494531627,0.));
#1598=CARTESIAN_POINT('',(28.1063332376766,-3.9544494531627,-0.2));
#1599=CARTESIAN_POINT('Ctrl Pts',(28.1063332376766,-3.9544494531627,-0.2));
#1600=CARTESIAN_POINT('Ctrl Pts',(26.9240219011838,-4.1984722249862,-0.2));
#1601=CARTESIAN_POINT('Ctrl Pts',(24.7314455265738,-4.65100832766301,-0.2));
#1602=CARTESIAN_POINT('Ctrl Pts',(22.5878620141327,-5.29614149945882,-0.2));
#1603=CARTESIAN_POINT('Ctrl Pts',(21.6001712299113,-5.5933970459211,-0.2));
#1604=CARTESIAN_POINT('',(28.1063332376766,-3.9544494531627,0.));
#1605=CARTESIAN_POINT('Ctrl Pts',(34.6392682198814,-5.48319200878909,0.));
#1606=CARTESIAN_POINT('Ctrl Pts',(34.6392682198814,-5.48319200878909,-0.2));
#1607=CARTESIAN_POINT('Ctrl Pts',(33.800734313161,-5.2227741460332,0.));
#1608=CARTESIAN_POINT('Ctrl Pts',(33.800734313161,-5.2227741460332,-0.2));
#1609=CARTESIAN_POINT('Ctrl Pts',(31.6609235322398,-4.5582274344411,0.));
#1610=CARTESIAN_POINT('Ctrl Pts',(31.6609235322398,-4.5582274344411,-0.2));
#1611=CARTESIAN_POINT('Ctrl Pts',(29.4505321105791,-4.18277328647736,0.));
#1612=CARTESIAN_POINT('Ctrl Pts',(29.4505321105791,-4.18277328647736,-0.2));
#1613=CARTESIAN_POINT('Ctrl Pts',(28.1063332376766,-3.9544494531627,0.));
#1614=CARTESIAN_POINT('Ctrl Pts',(28.1063332376766,-3.9544494531627,-0.2));
#1615=CARTESIAN_POINT('',(34.6392682198814,-5.48319200878909,0.));
#1616=CARTESIAN_POINT('Ctrl Pts',(28.1063332376766,-3.9544494531627,0.));
#1617=CARTESIAN_POINT('Ctrl Pts',(29.4505321105791,-4.18277328647736,0.));
#1618=CARTESIAN_POINT('Ctrl Pts',(31.6609235322398,-4.5582274344411,0.));
#1619=CARTESIAN_POINT('Ctrl Pts',(33.800734313161,-5.2227741460332,0.));
#1620=CARTESIAN_POINT('Ctrl Pts',(34.6392682198814,-5.48319200878909,0.));
#1621=CARTESIAN_POINT('',(34.6392682198814,-5.48319200878909,-0.2));
#1622=CARTESIAN_POINT('Ctrl Pts',(34.6392682198814,-5.48319200878909,-0.2));
#1623=CARTESIAN_POINT('Ctrl Pts',(33.800734313161,-5.2227741460332,-0.2));
#1624=CARTESIAN_POINT('Ctrl Pts',(31.6609235322398,-4.5582274344411,-0.2));
#1625=CARTESIAN_POINT('Ctrl Pts',(29.4505321105791,-4.18277328647736,-0.2));
#1626=CARTESIAN_POINT('Ctrl Pts',(28.1063332376766,-3.9544494531627,-0.2));
#1627=CARTESIAN_POINT('',(34.6392682198814,-5.48319200878909,0.));
#1628=CARTESIAN_POINT('Origin',(34.6206931670377,-3.28545294054523,0.));
#1629=CARTESIAN_POINT('',(34.6206931670377,-3.28545294054522,0.));
#1630=CARTESIAN_POINT('',(34.6392682198814,-5.48319200878909,0.));
#1631=CARTESIAN_POINT('',(34.6206931670377,-3.28545294054522,-0.2));
#1632=CARTESIAN_POINT('',(34.6392682198814,-5.48319200878909,-0.2));
#1633=CARTESIAN_POINT('',(34.6206931670377,-3.28545294054522,0.));
#1634=CARTESIAN_POINT('Ctrl Pts',(32.2320407652673,-2.50752237080916,0.));
#1635=CARTESIAN_POINT('Ctrl Pts',(32.2320407652673,-2.50752237080916,-0.2));
#1636=CARTESIAN_POINT('Ctrl Pts',(32.6265034838692,-2.6074935082703,0.));
#1637=CARTESIAN_POINT('Ctrl Pts',(32.6265034838692,-2.6074935082703,-0.2));
#1638=CARTESIAN_POINT('Ctrl Pts',(33.4399534996091,-2.81365119949528,0.));
#1639=CARTESIAN_POINT('Ctrl Pts',(33.4399534996091,-2.81365119949528,-0.2));
#1640=CARTESIAN_POINT('Ctrl Pts',(34.219281333178,-3.12505619322027,0.));
#1641=CARTESIAN_POINT('Ctrl Pts',(34.219281333178,-3.12505619322027,-0.2));
#1642=CARTESIAN_POINT('Ctrl Pts',(34.6206931670377,-3.28545294054523,0.));
#1643=CARTESIAN_POINT('Ctrl Pts',(34.6206931670377,-3.28545294054523,-0.2));
#1644=CARTESIAN_POINT('',(32.2320407652673,-2.50752237080916,0.));
#1645=CARTESIAN_POINT('Ctrl Pts',(34.6206931670377,-3.28545294054523,0.));
#1646=CARTESIAN_POINT('Ctrl Pts',(34.219281333178,-3.12505619322027,0.));
#1647=CARTESIAN_POINT('Ctrl Pts',(33.4399534996091,-2.81365119949528,0.));
#1648=CARTESIAN_POINT('Ctrl Pts',(32.6265034838692,-2.6074935082703,0.));
#1649=CARTESIAN_POINT('Ctrl Pts',(32.2320407652673,-2.50752237080916,0.));
#1650=CARTESIAN_POINT('',(32.2320407652673,-2.50752237080916,-0.2));
#1651=CARTESIAN_POINT('Ctrl Pts',(32.2320407652673,-2.50752237080916,-0.2));
#1652=CARTESIAN_POINT('Ctrl Pts',(32.6265034838692,-2.6074935082703,-0.2));
#1653=CARTESIAN_POINT('Ctrl Pts',(33.4399534996091,-2.81365119949528,-0.2));
#1654=CARTESIAN_POINT('Ctrl Pts',(34.219281333178,-3.12505619322027,-0.2));
#1655=CARTESIAN_POINT('Ctrl Pts',(34.6206931670377,-3.28545294054523,-0.2));
#1656=CARTESIAN_POINT('',(32.2320407652673,-2.50752237080916,0.));
#1657=CARTESIAN_POINT('Ctrl Pts',(34.872607109251,1.77551977846712,0.));
#1658=CARTESIAN_POINT('Ctrl Pts',(34.872607109251,1.77551977846712,-0.2));
#1659=CARTESIAN_POINT('Ctrl Pts',(34.788684535817,0.794705406215844,0.));
#1660=CARTESIAN_POINT('Ctrl Pts',(34.788684535817,0.794705406215844,-0.2));
#1661=CARTESIAN_POINT('Ctrl Pts',(34.6274054840921,-1.09018450363847,0.));
#1662=CARTESIAN_POINT('Ctrl Pts',(34.6274054840921,-1.09018450363847,-0.2));
#1663=CARTESIAN_POINT('Ctrl Pts',(33.0085260558618,-2.04807584184779,0.));
#1664=CARTESIAN_POINT('Ctrl Pts',(33.0085260558618,-2.04807584184779,-0.2));
#1665=CARTESIAN_POINT('Ctrl Pts',(32.2320407652673,-2.50752237080916,0.));
#1666=CARTESIAN_POINT('Ctrl Pts',(32.2320407652673,-2.50752237080916,-0.2));
#1667=CARTESIAN_POINT('',(34.872607109251,1.77551977846712,0.));
#1668=CARTESIAN_POINT('Ctrl Pts',(32.2320407652673,-2.50752237080916,0.));
#1669=CARTESIAN_POINT('Ctrl Pts',(33.0085260558618,-2.04807584184779,0.));
#1670=CARTESIAN_POINT('Ctrl Pts',(34.6274054840921,-1.09018450363847,0.));
#1671=CARTESIAN_POINT('Ctrl Pts',(34.788684535817,0.794705406215844,0.));
#1672=CARTESIAN_POINT('Ctrl Pts',(34.872607109251,1.77551977846712,0.));
#1673=CARTESIAN_POINT('',(34.872607109251,1.77551977846712,-0.2));
#1674=CARTESIAN_POINT('Ctrl Pts',(34.872607109251,1.77551977846712,-0.2));
#1675=CARTESIAN_POINT('Ctrl Pts',(34.788684535817,0.794705406215844,-0.2));
#1676=CARTESIAN_POINT('Ctrl Pts',(34.6274054840921,-1.09018450363847,-0.2));
#1677=CARTESIAN_POINT('Ctrl Pts',(33.0085260558618,-2.04807584184779,-0.2));
#1678=CARTESIAN_POINT('Ctrl Pts',(32.2320407652673,-2.50752237080916,-0.2));
#1679=CARTESIAN_POINT('',(34.872607109251,1.77551977846712,0.));
#1680=CARTESIAN_POINT('Ctrl Pts',(32.9975131798117,5.71342772808088,0.));
#1681=CARTESIAN_POINT('Ctrl Pts',(32.9975131798117,5.71342772808088,-0.2));
#1682=CARTESIAN_POINT('Ctrl Pts',(33.5392457283511,5.17481951661242,0.));
#1683=CARTESIAN_POINT('Ctrl Pts',(33.5392457283511,5.17481951661242,-0.2));
#1684=CARTESIAN_POINT('Ctrl Pts',(34.6334462188854,4.08692961451307,0.));
#1685=CARTESIAN_POINT('Ctrl Pts',(34.6334462188854,4.08692961451307,-0.2));
#1686=CARTESIAN_POINT('Ctrl Pts',(34.7923670789596,2.55101277390012,0.));
#1687=CARTESIAN_POINT('Ctrl Pts',(34.7923670789596,2.55101277390012,-0.2));
#1688=CARTESIAN_POINT('Ctrl Pts',(34.872607109251,1.77551977846712,0.));
#1689=CARTESIAN_POINT('Ctrl Pts',(34.872607109251,1.77551977846712,-0.2));
#1690=CARTESIAN_POINT('',(32.9975131798117,5.71342772808088,0.));
#1691=CARTESIAN_POINT('Ctrl Pts',(34.872607109251,1.77551977846712,0.));
#1692=CARTESIAN_POINT('Ctrl Pts',(34.7923670789596,2.55101277390012,0.));
#1693=CARTESIAN_POINT('Ctrl Pts',(34.6334462188854,4.08692961451307,0.));
#1694=CARTESIAN_POINT('Ctrl Pts',(33.5392457283511,5.17481951661242,0.));
#1695=CARTESIAN_POINT('Ctrl Pts',(32.9975131798117,5.71342772808088,0.));
#1696=CARTESIAN_POINT('',(32.9975131798117,5.71342772808088,-0.2));
#1697=CARTESIAN_POINT('Ctrl Pts',(32.9975131798117,5.71342772808088,-0.2));
#1698=CARTESIAN_POINT('Ctrl Pts',(33.5392457283511,5.17481951661242,-0.2));
#1699=CARTESIAN_POINT('Ctrl Pts',(34.6334462188854,4.08692961451307,-0.2));
#1700=CARTESIAN_POINT('Ctrl Pts',(34.7923670789596,2.55101277390012,-0.2));
#1701=CARTESIAN_POINT('Ctrl Pts',(34.872607109251,1.77551977846712,-0.2));
#1702=CARTESIAN_POINT('',(32.9975131798117,5.71342772808088,0.));
#1703=CARTESIAN_POINT('Ctrl Pts',(27.9877614619947,7.16909295898064,0.));
#1704=CARTESIAN_POINT('Ctrl Pts',(27.9877614619947,7.16909295898064,-0.2));
#1705=CARTESIAN_POINT('Ctrl Pts',(28.9568671033582,7.13651298852652,0.));
#1706=CARTESIAN_POINT('Ctrl Pts',(28.9568671033582,7.13651298852652,-0.2));
#1707=CARTESIAN_POINT('Ctrl Pts',(30.7564203735762,7.0760145352394,0.));
#1708=CARTESIAN_POINT('Ctrl Pts',(30.7564203735762,7.0760145352394,-0.2));
#1709=CARTESIAN_POINT('Ctrl Pts',(32.2898669551897,6.14367738446395,0.));
#1710=CARTESIAN_POINT('Ctrl Pts',(32.2898669551897,6.14367738446395,-0.2));
#1711=CARTESIAN_POINT('Ctrl Pts',(32.9975131798117,5.71342772808088,0.));
#1712=CARTESIAN_POINT('Ctrl Pts',(32.9975131798117,5.71342772808088,-0.2));
#1713=CARTESIAN_POINT('',(27.9877614619947,7.16909295898064,0.));
#1714=CARTESIAN_POINT('Ctrl Pts',(32.9975131798117,5.71342772808088,0.));
#1715=CARTESIAN_POINT('Ctrl Pts',(32.2898669551897,6.14367738446395,0.));
#1716=CARTESIAN_POINT('Ctrl Pts',(30.7564203735762,7.0760145352394,0.));
#1717=CARTESIAN_POINT('Ctrl Pts',(28.9568671033582,7.13651298852652,0.));
#1718=CARTESIAN_POINT('Ctrl Pts',(27.9877614619947,7.16909295898064,0.));
#1719=CARTESIAN_POINT('',(27.9877614619947,7.16909295898064,-0.2));
#1720=CARTESIAN_POINT('Ctrl Pts',(27.9877614619947,7.16909295898064,-0.2));
#1721=CARTESIAN_POINT('Ctrl Pts',(28.9568671033582,7.13651298852652,-0.2));
#1722=CARTESIAN_POINT('Ctrl Pts',(30.7564203735762,7.0760145352394,-0.2));
#1723=CARTESIAN_POINT('Ctrl Pts',(32.2898669551897,6.14367738446395,-0.2));
#1724=CARTESIAN_POINT('Ctrl Pts',(32.9975131798117,5.71342772808088,-0.2));
#1725=CARTESIAN_POINT('',(27.9877614619947,7.16909295898064,0.));
#1726=CARTESIAN_POINT('Ctrl Pts',(22.9849634381748,5.62266354121436,0.));
#1727=CARTESIAN_POINT('Ctrl Pts',(22.9849634381748,5.62266354121436,-0.2));
#1728=CARTESIAN_POINT('Ctrl Pts',(23.6753100550519,6.06627470739008,0.));
#1729=CARTESIAN_POINT('Ctrl Pts',(23.6753100550519,6.06627470739008,-0.2));
#1730=CARTESIAN_POINT('Ctrl Pts',(25.1926772626197,7.04132263260618,0.));
#1731=CARTESIAN_POINT('Ctrl Pts',(25.1926772626197,7.04132263260618,-0.2));
#1732=CARTESIAN_POINT('Ctrl Pts',(27.0017504499452,7.12401991651324,0.));
#1733=CARTESIAN_POINT('Ctrl Pts',(27.0017504499452,7.12401991651324,-0.2));
#1734=CARTESIAN_POINT('Ctrl Pts',(27.9877614619947,7.16909295898064,0.));
#1735=CARTESIAN_POINT('Ctrl Pts',(27.9877614619947,7.16909295898064,-0.2));
#1736=CARTESIAN_POINT('',(22.9849634381748,5.62266354121436,0.));
#1737=CARTESIAN_POINT('Ctrl Pts',(27.9877614619947,7.16909295898064,0.));
#1738=CARTESIAN_POINT('Ctrl Pts',(27.0017504499452,7.12401991651324,0.));
#1739=CARTESIAN_POINT('Ctrl Pts',(25.1926772626197,7.04132263260618,0.));
#1740=CARTESIAN_POINT('Ctrl Pts',(23.6753100550519,6.06627470739008,0.));
#1741=CARTESIAN_POINT('Ctrl Pts',(22.9849634381748,5.62266354121436,0.));
#1742=CARTESIAN_POINT('',(22.9849634381748,5.62266354121436,-0.2));
#1743=CARTESIAN_POINT('Ctrl Pts',(22.9849634381748,5.62266354121436,-0.2));
#1744=CARTESIAN_POINT('Ctrl Pts',(23.6753100550519,6.06627470739008,-0.2));
#1745=CARTESIAN_POINT('Ctrl Pts',(25.1926772626197,7.04132263260618,-0.2));
#1746=CARTESIAN_POINT('Ctrl Pts',(27.0017504499452,7.12401991651324,-0.2));
#1747=CARTESIAN_POINT('Ctrl Pts',(27.9877614619947,7.16909295898064,-0.2));
#1748=CARTESIAN_POINT('',(22.9849634381748,5.62266354121436,0.));
#1749=CARTESIAN_POINT('Ctrl Pts',(21.2444848688068,1.62349997359311,0.));
#1750=CARTESIAN_POINT('Ctrl Pts',(21.2444848688068,1.62349997359311,-0.2));
#1751=CARTESIAN_POINT('Ctrl Pts',(21.3061815960529,2.40527717246613,0.));
#1752=CARTESIAN_POINT('Ctrl Pts',(21.3061815960529,2.40527717246613,-0.2));
#1753=CARTESIAN_POINT('Ctrl Pts',(21.4273342291648,3.94043746991001,0.));
#1754=CARTESIAN_POINT('Ctrl Pts',(21.4273342291648,3.94043746991001,-0.2));
#1755=CARTESIAN_POINT('Ctrl Pts',(22.4721955693409,5.06887867862319,0.));
#1756=CARTESIAN_POINT('Ctrl Pts',(22.4721955693409,5.06887867862319,-0.2));
#1757=CARTESIAN_POINT('Ctrl Pts',(22.9849634381748,5.62266354121436,0.));
#1758=CARTESIAN_POINT('Ctrl Pts',(22.9849634381748,5.62266354121436,-0.2));
#1759=CARTESIAN_POINT('',(21.2444848688068,1.62349997359311,0.));
#1760=CARTESIAN_POINT('Ctrl Pts',(22.9849634381748,5.62266354121436,0.));
#1761=CARTESIAN_POINT('Ctrl Pts',(22.4721955693409,5.06887867862319,0.));
#1762=CARTESIAN_POINT('Ctrl Pts',(21.4273342291648,3.94043746991001,0.));
#1763=CARTESIAN_POINT('Ctrl Pts',(21.3061815960529,2.40527717246613,0.));
#1764=CARTESIAN_POINT('Ctrl Pts',(21.2444848688068,1.62349997359311,0.));
#1765=CARTESIAN_POINT('',(21.2444848688068,1.62349997359311,-0.2));
#1766=CARTESIAN_POINT('Ctrl Pts',(21.2444848688068,1.62349997359311,-0.2));
#1767=CARTESIAN_POINT('Ctrl Pts',(21.3061815960529,2.40527717246613,-0.2));
#1768=CARTESIAN_POINT('Ctrl Pts',(21.4273342291648,3.94043746991001,-0.2));
#1769=CARTESIAN_POINT('Ctrl Pts',(22.4721955693409,5.06887867862319,-0.2));
#1770=CARTESIAN_POINT('Ctrl Pts',(22.9849634381748,5.62266354121436,-0.2));
#1771=CARTESIAN_POINT('',(21.2444848688068,1.62349997359311,0.));
#1772=CARTESIAN_POINT('Ctrl Pts',(21.8856860605716,-0.875945053438717,0.));
#1773=CARTESIAN_POINT('Ctrl Pts',(21.8856860605716,-0.875945053438717,-0.2));
#1774=CARTESIAN_POINT('Ctrl Pts',(21.7020448421818,-0.513712282386453,0.));
#1775=CARTESIAN_POINT('Ctrl Pts',(21.7020448421818,-0.513712282386453,-0.2));
#1776=CARTESIAN_POINT('Ctrl Pts',(21.3046363036387,0.270177072184882,0.));
#1777=CARTESIAN_POINT('Ctrl Pts',(21.3046363036387,0.270177072184882,-0.2));
#1778=CARTESIAN_POINT('Ctrl Pts',(21.2655236759594,1.15015632655648,0.));
#1779=CARTESIAN_POINT('Ctrl Pts',(21.2655236759594,1.15015632655648,-0.2));
#1780=CARTESIAN_POINT('Ctrl Pts',(21.2444848688068,1.62349997359311,0.));
#1781=CARTESIAN_POINT('Ctrl Pts',(21.2444848688068,1.62349997359311,-0.2));
#1782=CARTESIAN_POINT('',(21.8856860605716,-0.875945053438717,0.));
#1783=CARTESIAN_POINT('Ctrl Pts',(21.2444848688068,1.62349997359311,0.));
#1784=CARTESIAN_POINT('Ctrl Pts',(21.2655236759594,1.15015632655648,0.));
#1785=CARTESIAN_POINT('Ctrl Pts',(21.3046363036387,0.270177072184882,0.));
#1786=CARTESIAN_POINT('Ctrl Pts',(21.7020448421818,-0.513712282386453,0.));
#1787=CARTESIAN_POINT('Ctrl Pts',(21.8856860605716,-0.875945053438717,0.));
#1788=CARTESIAN_POINT('',(21.8856860605716,-0.875945053438717,-0.2));
#1789=CARTESIAN_POINT('Ctrl Pts',(21.8856860605716,-0.875945053438717,-0.2));
#1790=CARTESIAN_POINT('Ctrl Pts',(21.7020448421818,-0.513712282386453,-0.2));
#1791=CARTESIAN_POINT('Ctrl Pts',(21.3046363036387,0.270177072184882,-0.2));
#1792=CARTESIAN_POINT('Ctrl Pts',(21.2655236759594,1.15015632655648,-0.2));
#1793=CARTESIAN_POINT('Ctrl Pts',(21.2444848688068,1.62349997359311,-0.2));
#1794=CARTESIAN_POINT('',(21.8856860605716,-0.875945053438717,0.));
#1795=CARTESIAN_POINT('Ctrl Pts',(23.7855934394585,-2.66486260530158,0.));
#1796=CARTESIAN_POINT('Ctrl Pts',(23.7855934394585,-2.66486260530158,-0.2));
#1797=CARTESIAN_POINT('Ctrl Pts',(23.3973045797743,-2.39727245457774,0.));
#1798=CARTESIAN_POINT('Ctrl Pts',(23.3973045797743,-2.39727245457774,-0.2));
#1799=CARTESIAN_POINT('Ctrl Pts',(22.6718939293116,-1.897354055034,0.));
#1800=CARTESIAN_POINT('Ctrl Pts',(22.6718939293116,-1.897354055034,-0.2));
#1801=CARTESIAN_POINT('Ctrl Pts',(22.1351352014601,-1.20001914131583,0.));
#1802=CARTESIAN_POINT('Ctrl Pts',(22.1351352014601,-1.20001914131583,-0.2));
#1803=CARTESIAN_POINT('Ctrl Pts',(21.8856860605716,-0.875945053438717,0.));
#1804=CARTESIAN_POINT('Ctrl Pts',(21.8856860605716,-0.875945053438717,-0.2));
#1805=CARTESIAN_POINT('',(23.7855934394585,-2.66486260530158,0.));
#1806=CARTESIAN_POINT('Ctrl Pts',(21.8856860605716,-0.875945053438717,0.));
#1807=CARTESIAN_POINT('Ctrl Pts',(22.1351352014601,-1.20001914131583,0.));
#1808=CARTESIAN_POINT('Ctrl Pts',(22.6718939293116,-1.897354055034,0.));
#1809=CARTESIAN_POINT('Ctrl Pts',(23.3973045797743,-2.39727245457774,0.));
#1810=CARTESIAN_POINT('Ctrl Pts',(23.7855934394585,-2.66486260530158,0.));
#1811=CARTESIAN_POINT('',(23.7855934394585,-2.66486260530158,-0.2));
#1812=CARTESIAN_POINT('Ctrl Pts',(23.7855934394585,-2.66486260530158,-0.2));
#1813=CARTESIAN_POINT('Ctrl Pts',(23.3973045797743,-2.39727245457774,-0.2));
#1814=CARTESIAN_POINT('Ctrl Pts',(22.6718939293116,-1.897354055034,-0.2));
#1815=CARTESIAN_POINT('Ctrl Pts',(22.1351352014601,-1.20001914131583,-0.2));
#1816=CARTESIAN_POINT('Ctrl Pts',(21.8856860605716,-0.875945053438717,-0.2));
#1817=CARTESIAN_POINT('',(23.7855934394585,-2.66486260530158,0.));
#1818=CARTESIAN_POINT('Ctrl Pts',(21.5810773205052,-3.33426857827209,0.));
#1819=CARTESIAN_POINT('Ctrl Pts',(21.5810773205052,-3.33426857827209,-0.2));
#1820=CARTESIAN_POINT('Ctrl Pts',(22.0589496982153,-3.17593686878606,0.));
#1821=CARTESIAN_POINT('Ctrl Pts',(22.0589496982153,-3.17593686878606,-0.2));
#1822=CARTESIAN_POINT('Ctrl Pts',(22.7882842435758,-2.93428911775362,0.));
#1823=CARTESIAN_POINT('Ctrl Pts',(22.7882842435758,-2.93428911775362,-0.2));
#1824=CARTESIAN_POINT('Ctrl Pts',(23.5298977087453,-2.73393968717283,0.));
#1825=CARTESIAN_POINT('Ctrl Pts',(23.5298977087453,-2.73393968717283,-0.2));
#1826=CARTESIAN_POINT('Ctrl Pts',(23.7855934394585,-2.66486260530158,0.));
#1827=CARTESIAN_POINT('Ctrl Pts',(23.7855934394585,-2.66486260530158,-0.2));
#1828=CARTESIAN_POINT('Ctrl Pts',(23.7855934394585,-2.66486260530158,0.));
#1829=CARTESIAN_POINT('Ctrl Pts',(23.5298977087453,-2.73393968717283,0.));
#1830=CARTESIAN_POINT('Ctrl Pts',(22.7882842435758,-2.93428911775362,0.));
#1831=CARTESIAN_POINT('Ctrl Pts',(22.0589496982153,-3.17593686878606,0.));
#1832=CARTESIAN_POINT('Ctrl Pts',(21.5810773205052,-3.33426857827209,0.));
#1833=CARTESIAN_POINT('Ctrl Pts',(21.5810773205052,-3.33426857827209,-0.2));
#1834=CARTESIAN_POINT('Ctrl Pts',(22.0589496982153,-3.17593686878606,-0.2));
#1835=CARTESIAN_POINT('Ctrl Pts',(22.7882842435758,-2.93428911775362,-0.2));
#1836=CARTESIAN_POINT('Ctrl Pts',(23.5298977087453,-2.73393968717283,-0.2));
#1837=CARTESIAN_POINT('Ctrl Pts',(23.7855934394585,-2.66486260530158,-0.2));
#1838=CARTESIAN_POINT('Origin',(28.0585459890289,0.787847956529766,-0.2));
#1839=CARTESIAN_POINT('Origin',(28.0585459890289,0.787847956529766,0.));
#1840=UNCERTAINTY_MEASURE_WITH_UNIT(LENGTH_MEASURE(0.01),#1844,
'DISTANCE_ACCURACY_VALUE',
'Maximum model space distance between geometric entities at asserted c
onnectivities');
#1841=UNCERTAINTY_MEASURE_WITH_UNIT(LENGTH_MEASURE(0.01),#1844,
'DISTANCE_ACCURACY_VALUE',
'Maximum model space distance between geometric entities at asserted c
onnectivities');
#1842=(
GEOMETRIC_REPRESENTATION_CONTEXT(3)
GLOBAL_UNCERTAINTY_ASSIGNED_CONTEXT((#1840))
GLOBAL_UNIT_ASSIGNED_CONTEXT((#1844,#1846,#1847))
REPRESENTATION_CONTEXT('','3D')
);
#1843=(
GEOMETRIC_REPRESENTATION_CONTEXT(3)
GLOBAL_UNCERTAINTY_ASSIGNED_CONTEXT((#1841))
GLOBAL_UNIT_ASSIGNED_CONTEXT((#1844,#1846,#1847))
REPRESENTATION_CONTEXT('','3D')
);
#1844=(
LENGTH_UNIT()
NAMED_UNIT(*)
SI_UNIT(.MILLI.,.METRE.)
);
#1845=(
LENGTH_UNIT()
NAMED_UNIT(*)
SI_UNIT($,.METRE.)
);
#1846=(
NAMED_UNIT(*)
PLANE_ANGLE_UNIT()
SI_UNIT($,.RADIAN.)
);
#1847=(
NAMED_UNIT(*)
SI_UNIT($,.STERADIAN.)
SOLID_ANGLE_UNIT()
);
#1848=SHAPE_DEFINITION_REPRESENTATION(#1849,#1850);
#1849=PRODUCT_DEFINITION_SHAPE('',$,#1852);
#1850=SHAPE_REPRESENTATION('',(#984),#1842);
#1851=PRODUCT_DEFINITION_CONTEXT('part definition',#1856,'design');
#1852=PRODUCT_DEFINITION('2025-12-04-20-17-05-476','sickhackpad',#1853,
#1851);
#1853=PRODUCT_DEFINITION_FORMATION('',$,#1858);
#1854=PRODUCT_RELATED_PRODUCT_CATEGORY('sickhackpad','sickhackpad',(#1858));
#1855=APPLICATION_PROTOCOL_DEFINITION('international standard',
'automotive_design',2009,#1856);
#1856=APPLICATION_CONTEXT(
'Core Data for Automotive Mechanical Design Process');
#1857=PRODUCT_CONTEXT('part definition',#1856,'mechanical');
#1858=PRODUCT('2025-12-04-20-17-05-476','sickhackpad',$,(#1857));
#1859=PRESENTATION_STYLE_ASSIGNMENT((#1860));
#1860=SURFACE_STYLE_USAGE(.BOTH.,#1861);
#1861=SURFACE_SIDE_STYLE('',(#1862));
#1862=SURFACE_STYLE_FILL_AREA(#1863);
#1863=FILL_AREA_STYLE('Steel - Satin',(#1864));
#1864=FILL_AREA_STYLE_COLOUR('Steel - Satin',#1865);
#1865=COLOUR_RGB('Steel - Satin',0.627450980392157,0.627450980392157,0.627450980392157);
ENDSEC;
END-ISO-10303-21;
