ISO-10303-21;
HEADER;
/* Generated by software containing ST-Developer
 * from STEP Tools, Inc. (www.steptools.com) 
 */

FILE_DESCRIPTION(
/* description */ (''),
/* implementation_level */ '2;1');

FILE_NAME(
/* name */ 'HackpadTopPlate.step',
/* time_stamp */ '2025-12-06T15:17:27+05:30',
/* author */ (''),
/* organization */ (''),
/* preprocessor_version */ 'ST-DEVELOPER v20.1',
/* originating_system */ 'Autodesk Translation Framework v14.21.0.0',
/* authorisation */ '');

FILE_SCHEMA (('AUTOMOTIVE_DESIGN { 1 0 10303 214 3 1 1 }'));
ENDSEC;

DATA;
#10=MECHANICAL_DESIGN_GEOMETRIC_PRESENTATION_REPRESENTATION('',(#13),#4002);
#11=SHAPE_REPRESENTATION_RELATIONSHIP('SRR','None',#4009,#12);
#12=ADVANCED_BREP_SHAPE_REPRESENTATION('',(#14),#4001);
#13=STYLED_ITEM('',(#4018),#14);
#14=MANIFOLD_SOLID_BREP('Body1',#2254);
#15=CYLINDRICAL_SURFACE('',#2321,0.499999999999989);
#16=CYLINDRICAL_SURFACE('',#2324,0.499999999999998);
#17=CYLINDRICAL_SURFACE('',#2327,0.500000000000007);
#18=CYLINDRICAL_SURFACE('',#2330,0.499999999999989);
#19=CYLINDRICAL_SURFACE('',#2333,0.499999999999998);
#20=CYLINDRICAL_SURFACE('',#2336,0.499999999999998);
#21=CYLINDRICAL_SURFACE('',#2339,0.499999999999997);
#22=CYLINDRICAL_SURFACE('',#2342,0.499999999999998);
#23=CYLINDRICAL_SURFACE('',#2345,0.499999999999998);
#24=CYLINDRICAL_SURFACE('',#2348,0.499999999999998);
#25=CYLINDRICAL_SURFACE('',#2351,0.499999999999997);
#26=CYLINDRICAL_SURFACE('',#2354,0.499999999999998);
#27=CYLINDRICAL_SURFACE('',#2357,0.500000000000007);
#28=CYLINDRICAL_SURFACE('',#2360,0.500000000000003);
#29=CYLINDRICAL_SURFACE('',#2363,0.500000000000007);
#30=CYLINDRICAL_SURFACE('',#2366,0.500000000000005);
#31=CYLINDRICAL_SURFACE('',#2369,0.500000000000003);
#32=CYLINDRICAL_SURFACE('',#2372,0.499999999999998);
#33=CYLINDRICAL_SURFACE('',#2375,0.499999999999998);
#34=CYLINDRICAL_SURFACE('',#2378,0.499999999999989);
#35=CYLINDRICAL_SURFACE('',#2381,0.500000000000003);
#36=CYLINDRICAL_SURFACE('',#2384,0.499999999999998);
#37=CYLINDRICAL_SURFACE('',#2387,0.499999999999998);
#38=CYLINDRICAL_SURFACE('',#2390,0.499999999999998);
#39=CYLINDRICAL_SURFACE('',#2393,0.500000000000003);
#40=CYLINDRICAL_SURFACE('',#2396,0.499999999999998);
#41=CYLINDRICAL_SURFACE('',#2399,0.499999999999998);
#42=CYLINDRICAL_SURFACE('',#2402,0.499999999999998);
#43=CYLINDRICAL_SURFACE('',#2405,0.499999999999989);
#44=CYLINDRICAL_SURFACE('',#2408,0.499999999999998);
#45=CYLINDRICAL_SURFACE('',#2411,0.500000000000007);
#46=CYLINDRICAL_SURFACE('',#2414,0.499999999999998);
#47=CYLINDRICAL_SURFACE('',#2417,0.499999999999998);
#48=CYLINDRICAL_SURFACE('',#2420,0.499999999999998);
#49=CYLINDRICAL_SURFACE('',#2423,0.499999999999997);
#50=CYLINDRICAL_SURFACE('',#2426,0.499999999999989);
#51=CYLINDRICAL_SURFACE('',#2429,1.7);
#52=CYLINDRICAL_SURFACE('',#2431,1.7);
#53=CYLINDRICAL_SURFACE('',#2433,1.7);
#54=CYLINDRICAL_SURFACE('',#2435,1.7);
#55=CYLINDRICAL_SURFACE('',#2438,5.);
#56=CYLINDRICAL_SURFACE('',#2441,4.99999999999999);
#57=CYLINDRICAL_SURFACE('',#2444,4.99999999999998);
#58=CYLINDRICAL_SURFACE('',#2447,4.99999999999999);
#59=B_SPLINE_SURFACE_WITH_KNOTS('',3,1,((#3279,#3280),(#3281,#3282),(#3283,
#3284),(#3285,#3286),(#3287,#3288)),.UNSPECIFIED.,.F.,.F.,.F.,(4,1,4),(2,
2),(0.,0.0541190293241464,0.107857816798818),(0.,0.02),.UNSPECIFIED.);
#60=B_SPLINE_SURFACE_WITH_KNOTS('',3,1,((#3305,#3306),(#3307,#3308),(#3309,
#3310),(#3311,#3312),(#3313,#3314)),.UNSPECIFIED.,.F.,.F.,.F.,(4,1,4),(2,
2),(0.,0.0802862896275854,0.143808856854202),(0.,0.02),.UNSPECIFIED.);
#61=B_SPLINE_SURFACE_WITH_KNOTS('',3,1,((#3328,#3329),(#3330,#3331),(#3332,
#3333),(#3334,#3335),(#3336,#3337)),.UNSPECIFIED.,.F.,.F.,.F.,(4,1,4),(2,
2),(0.,0.0673278964182448,0.150624588314108),(0.,0.02),.UNSPECIFIED.);
#62=B_SPLINE_SURFACE_WITH_KNOTS('',3,1,((#3351,#3352),(#3353,#3354),(#3355,
#3356),(#3357,#3358),(#3359,#3360)),.UNSPECIFIED.,.F.,.F.,.F.,(4,1,4),(2,
2),(0.,0.0542152505314526,0.111394560811331),(0.,0.02),.UNSPECIFIED.);
#63=B_SPLINE_SURFACE_WITH_KNOTS('',3,1,((#3374,#3375),(#3376,#3377),(#3378,
#3379),(#3380,#3381),(#3382,#3383)),.UNSPECIFIED.,.F.,.F.,.F.,(4,1,4),(2,
2),(0.,0.05470264517786,0.108619887366289),(0.,0.02),.UNSPECIFIED.);
#64=B_SPLINE_SURFACE_WITH_KNOTS('',3,1,((#3397,#3398),(#3399,#3400),(#3401,
#3402),(#3403,#3404),(#3405,#3406)),.UNSPECIFIED.,.F.,.F.,.F.,(4,1,4),(2,
2),(0.,0.0795133573442153,0.144461574257123),(0.,0.02),.UNSPECIFIED.);
#65=B_SPLINE_SURFACE_WITH_KNOTS('',3,1,((#3420,#3421),(#3422,#3423),(#3424,
#3425),(#3426,#3427),(#3428,#3429)),.UNSPECIFIED.,.F.,.F.,.F.,(4,1,4),(2,
2),(0.,0.0644281209324466,0.145143663244108),(0.,0.02),.UNSPECIFIED.);
#66=B_SPLINE_SURFACE_WITH_KNOTS('',3,1,((#3443,#3444),(#3445,#3446),(#3447,
#3448),(#3449,#3450),(#3451,#3452)),.UNSPECIFIED.,.F.,.F.,.F.,(4,1,4),(2,
2),(0.,0.0549149894157411,0.109633712928488),(0.,0.02),.UNSPECIFIED.);
#67=B_SPLINE_SURFACE_WITH_KNOTS('',3,1,((#3463,#3464),(#3465,#3466),(#3467,
#3468),(#3469,#3470),(#3471,#3472)),.UNSPECIFIED.,.F.,.F.,.F.,(4,1,4),(2,
2),(0.,0.030013499924344,0.0870503480141321),(0.,0.02),.UNSPECIFIED.);
#68=B_SPLINE_SURFACE_WITH_KNOTS('',3,1,((#3482,#3483),(#3484,#3485),(#3486,
#3487),(#3488,#3489),(#3490,#3491)),.UNSPECIFIED.,.F.,.F.,.F.,(4,1,4),(2,
2),(0.,0.0460640134034972,0.0991194644818774),(0.,0.02),.UNSPECIFIED.);
#69=B_SPLINE_SURFACE_WITH_KNOTS('',3,1,((#3499,#3500),(#3501,#3502),(#3503,
#3504),(#3505,#3506),(#3507,#3508)),.UNSPECIFIED.,.F.,.F.,.F.,(4,1,4),(2,
2),(0.,0.0529713457685037,0.0984774801192322),(0.,0.02),.UNSPECIFIED.);
#70=B_SPLINE_SURFACE_WITH_KNOTS('',3,1,((#3516,#3517),(#3518,#3519),(#3520,
#3521),(#3522,#3523),(#3524,#3525)),.UNSPECIFIED.,.F.,.F.,.F.,(4,1,4),(2,
2),(0.,0.0829959541827888,0.169119952717157),(0.,0.02),.UNSPECIFIED.);
#71=B_SPLINE_SURFACE_WITH_KNOTS('',3,1,((#3533,#3534),(#3535,#3536),(#3537,
#3538),(#3539,#3540),(#3541,#3542)),.UNSPECIFIED.,.F.,.F.,.F.,(4,1,4),(2,
2),(0.,0.109523363306248,0.200946786128978),(0.,0.02),.UNSPECIFIED.);
#72=B_SPLINE_SURFACE_WITH_KNOTS('',3,1,((#3550,#3551),(#3552,#3553),(#3554,
#3555),(#3556,#3557),(#3558,#3559)),.UNSPECIFIED.,.F.,.F.,.F.,(4,1,4),(2,
2),(0.,0.0923193628861845,0.200053094799554),(0.,0.02),.UNSPECIFIED.);
#73=B_SPLINE_SURFACE_WITH_KNOTS('',3,1,((#3567,#3568),(#3569,#3570),(#3571,
#3572),(#3573,#3574),(#3575,#3576)),.UNSPECIFIED.,.F.,.F.,.F.,(4,1,4),(2,
2),(0.,0.0855122274066493,0.169362781569136),(0.,0.02),.UNSPECIFIED.);
#74=B_SPLINE_SURFACE_WITH_KNOTS('',3,1,((#3584,#3585),(#3586,#3587),(#3588,
#3589),(#3590,#3591),(#3592,#3593)),.UNSPECIFIED.,.F.,.F.,.F.,(4,1,4),(2,
2),(0.,0.0963868686647169,0.200955173548437),(0.,0.02),.UNSPECIFIED.);
#75=B_SPLINE_SURFACE_WITH_KNOTS('',3,1,((#3601,#3602),(#3603,#3604),(#3605,
#3606),(#3607,#3608),(#3609,#3610)),.UNSPECIFIED.,.F.,.F.,.F.,(4,1,4),(2,
2),(0.,0.0489293916085513,0.0949948364741404),(0.,0.02),.UNSPECIFIED.);
#76=B_SPLINE_SURFACE_WITH_KNOTS('',3,1,((#3622,#3623),(#3624,#3625),(#3626,
#3627),(#3628,#3629),(#3630,#3631)),.UNSPECIFIED.,.F.,.F.,.F.,(4,1,4),(2,
2),(0.,0.154284518142429,0.253704446578503),(0.,0.02),.UNSPECIFIED.);
#77=B_SPLINE_SURFACE_WITH_KNOTS('',3,1,((#3639,#3640),(#3641,#3642),(#3643,
#3644),(#3645,#3646),(#3647,#3648)),.UNSPECIFIED.,.F.,.F.,.F.,(4,1,4),(2,
2),(0.,0.116839949508543,0.253577471649349),(0.,0.02),.UNSPECIFIED.);
#78=B_SPLINE_CURVE_WITH_KNOTS('',3,(#3203,#3204,#3205,#3206,#3207),
 .UNSPECIFIED.,.F.,.F.,(4,1,4),(0.,0.030013499924344,0.0870503480141321),
 .UNSPECIFIED.);
#79=B_SPLINE_CURVE_WITH_KNOTS('',3,(#3211,#3212,#3213,#3214,#3215),
 .UNSPECIFIED.,.F.,.F.,(4,1,4),(0.,0.116839949508543,0.253577471649349),
 .UNSPECIFIED.);
#80=B_SPLINE_CURVE_WITH_KNOTS('',3,(#3217,#3218,#3219,#3220,#3221),
 .UNSPECIFIED.,.F.,.F.,(4,1,4),(0.,0.154284518142429,0.253704446578503),
 .UNSPECIFIED.);
#81=B_SPLINE_CURVE_WITH_KNOTS('',3,(#3225,#3226,#3227,#3228,#3229),
 .UNSPECIFIED.,.F.,.F.,(4,1,4),(0.,0.0489293916085513,0.0949948364741404),
 .UNSPECIFIED.);
#82=B_SPLINE_CURVE_WITH_KNOTS('',3,(#3231,#3232,#3233,#3234,#3235),
 .UNSPECIFIED.,.F.,.F.,(4,1,4),(0.,0.0963868686647169,0.200955173548437),
 .UNSPECIFIED.);
#83=B_SPLINE_CURVE_WITH_KNOTS('',3,(#3237,#3238,#3239,#3240,#3241),
 .UNSPECIFIED.,.F.,.F.,(4,1,4),(0.,0.0855122274066493,0.169362781569136),
 .UNSPECIFIED.);
#84=B_SPLINE_CURVE_WITH_KNOTS('',3,(#3243,#3244,#3245,#3246,#3247),
 .UNSPECIFIED.,.F.,.F.,(4,1,4),(0.,0.0923193628861845,0.200053094799554),
 .UNSPECIFIED.);
#85=B_SPLINE_CURVE_WITH_KNOTS('',3,(#3249,#3250,#3251,#3252,#3253),
 .UNSPECIFIED.,.F.,.F.,(4,1,4),(0.,0.109523363306248,0.200946786128978),
 .UNSPECIFIED.);
#86=B_SPLINE_CURVE_WITH_KNOTS('',3,(#3255,#3256,#3257,#3258,#3259),
 .UNSPECIFIED.,.F.,.F.,(4,1,4),(0.,0.0829959541827888,0.169119952717157),
 .UNSPECIFIED.);
#87=B_SPLINE_CURVE_WITH_KNOTS('',3,(#3261,#3262,#3263,#3264,#3265),
 .UNSPECIFIED.,.F.,.F.,(4,1,4),(0.,0.0529713457685037,0.0984774801192322),
 .UNSPECIFIED.);
#88=B_SPLINE_CURVE_WITH_KNOTS('',3,(#3266,#3267,#3268,#3269,#3270),
 .UNSPECIFIED.,.F.,.F.,(4,1,4),(0.,0.0460640134034972,0.0991194644818774),
 .UNSPECIFIED.);
#89=B_SPLINE_CURVE_WITH_KNOTS('',3,(#3291,#3292,#3293,#3294,#3295),
 .UNSPECIFIED.,.F.,.F.,(4,1,4),(0.,0.0541190293241464,0.107857816798818),
 .UNSPECIFIED.);
#90=B_SPLINE_CURVE_WITH_KNOTS('',3,(#3299,#3300,#3301,#3302,#3303),
 .UNSPECIFIED.,.F.,.F.,(4,1,4),(0.,0.0541190293241464,0.107857816798818),
 .UNSPECIFIED.);
#91=B_SPLINE_CURVE_WITH_KNOTS('',3,(#3316,#3317,#3318,#3319,#3320),
 .UNSPECIFIED.,.F.,.F.,(4,1,4),(0.,0.0802862896275854,0.143808856854202),
 .UNSPECIFIED.);
#92=B_SPLINE_CURVE_WITH_KNOTS('',3,(#3323,#3324,#3325,#3326,#3327),
 .UNSPECIFIED.,.F.,.F.,(4,1,4),(0.,0.0802862896275854,0.143808856854202),
 .UNSPECIFIED.);
#93=B_SPLINE_CURVE_WITH_KNOTS('',3,(#3339,#3340,#3341,#3342,#3343),
 .UNSPECIFIED.,.F.,.F.,(4,1,4),(0.,0.0673278964182448,0.150624588314108),
 .UNSPECIFIED.);
#94=B_SPLINE_CURVE_WITH_KNOTS('',3,(#3346,#3347,#3348,#3349,#3350),
 .UNSPECIFIED.,.F.,.F.,(4,1,4),(0.,0.0673278964182448,0.150624588314108),
 .UNSPECIFIED.);
#95=B_SPLINE_CURVE_WITH_KNOTS('',3,(#3362,#3363,#3364,#3365,#3366),
 .UNSPECIFIED.,.F.,.F.,(4,1,4),(0.,0.0542152505314526,0.111394560811331),
 .UNSPECIFIED.);
#96=B_SPLINE_CURVE_WITH_KNOTS('',3,(#3369,#3370,#3371,#3372,#3373),
 .UNSPECIFIED.,.F.,.F.,(4,1,4),(0.,0.0542152505314526,0.111394560811331),
 .UNSPECIFIED.);
#97=B_SPLINE_CURVE_WITH_KNOTS('',3,(#3385,#3386,#3387,#3388,#3389),
 .UNSPECIFIED.,.F.,.F.,(4,1,4),(0.,0.05470264517786,0.108619887366289),
 .UNSPECIFIED.);
#98=B_SPLINE_CURVE_WITH_KNOTS('',3,(#3392,#3393,#3394,#3395,#3396),
 .UNSPECIFIED.,.F.,.F.,(4,1,4),(0.,0.05470264517786,0.108619887366289),
 .UNSPECIFIED.);
#99=B_SPLINE_CURVE_WITH_KNOTS('',3,(#3408,#3409,#3410,#3411,#3412),
 .UNSPECIFIED.,.F.,.F.,(4,1,4),(0.,0.0795133573442153,0.144461574257123),
 .UNSPECIFIED.);
#100=B_SPLINE_CURVE_WITH_KNOTS('',3,(#3415,#3416,#3417,#3418,#3419),
 .UNSPECIFIED.,.F.,.F.,(4,1,4),(0.,0.0795133573442153,0.144461574257123),
 .UNSPECIFIED.);
#101=B_SPLINE_CURVE_WITH_KNOTS('',3,(#3431,#3432,#3433,#3434,#3435),
 .UNSPECIFIED.,.F.,.F.,(4,1,4),(0.,0.0644281209324466,0.145143663244108),
 .UNSPECIFIED.);
#102=B_SPLINE_CURVE_WITH_KNOTS('',3,(#3438,#3439,#3440,#3441,#3442),
 .UNSPECIFIED.,.F.,.F.,(4,1,4),(0.,0.0644281209324466,0.145143663244108),
 .UNSPECIFIED.);
#103=B_SPLINE_CURVE_WITH_KNOTS('',3,(#3453,#3454,#3455,#3456,#3457),
 .UNSPECIFIED.,.F.,.F.,(4,1,4),(0.,0.0549149894157411,0.109633712928488),
 .UNSPECIFIED.);
#104=B_SPLINE_CURVE_WITH_KNOTS('',3,(#3458,#3459,#3460,#3461,#3462),
 .UNSPECIFIED.,.F.,.F.,(4,1,4),(0.,0.0549149894157411,0.109633712928488),
 .UNSPECIFIED.);
#105=B_SPLINE_CURVE_WITH_KNOTS('',3,(#3476,#3477,#3478,#3479,#3480),
 .UNSPECIFIED.,.F.,.F.,(4,1,4),(0.,0.030013499924344,0.0870503480141321),
 .UNSPECIFIED.);
#106=B_SPLINE_CURVE_WITH_KNOTS('',3,(#3494,#3495,#3496,#3497,#3498),
 .UNSPECIFIED.,.F.,.F.,(4,1,4),(0.,0.0460640134034972,0.0991194644818774),
 .UNSPECIFIED.);
#107=B_SPLINE_CURVE_WITH_KNOTS('',3,(#3511,#3512,#3513,#3514,#3515),
 .UNSPECIFIED.,.F.,.F.,(4,1,4),(0.,0.0529713457685037,0.0984774801192322),
 .UNSPECIFIED.);
#108=B_SPLINE_CURVE_WITH_KNOTS('',3,(#3528,#3529,#3530,#3531,#3532),
 .UNSPECIFIED.,.F.,.F.,(4,1,4),(0.,0.0829959541827888,0.169119952717157),
 .UNSPECIFIED.);
#109=B_SPLINE_CURVE_WITH_KNOTS('',3,(#3545,#3546,#3547,#3548,#3549),
 .UNSPECIFIED.,.F.,.F.,(4,1,4),(0.,0.109523363306248,0.200946786128978),
 .UNSPECIFIED.);
#110=B_SPLINE_CURVE_WITH_KNOTS('',3,(#3562,#3563,#3564,#3565,#3566),
 .UNSPECIFIED.,.F.,.F.,(4,1,4),(0.,0.0923193628861845,0.200053094799554),
 .UNSPECIFIED.);
#111=B_SPLINE_CURVE_WITH_KNOTS('',3,(#3579,#3580,#3581,#3582,#3583),
 .UNSPECIFIED.,.F.,.F.,(4,1,4),(0.,0.0855122274066493,0.169362781569136),
 .UNSPECIFIED.);
#112=B_SPLINE_CURVE_WITH_KNOTS('',3,(#3596,#3597,#3598,#3599,#3600),
 .UNSPECIFIED.,.F.,.F.,(4,1,4),(0.,0.0963868686647169,0.200955173548437),
 .UNSPECIFIED.);
#113=B_SPLINE_CURVE_WITH_KNOTS('',3,(#3613,#3614,#3615,#3616,#3617),
 .UNSPECIFIED.,.F.,.F.,(4,1,4),(0.,0.0489293916085513,0.0949948364741404),
 .UNSPECIFIED.);
#114=B_SPLINE_CURVE_WITH_KNOTS('',3,(#3634,#3635,#3636,#3637,#3638),
 .UNSPECIFIED.,.F.,.F.,(4,1,4),(0.,0.154284518142429,0.253704446578503),
 .UNSPECIFIED.);
#115=B_SPLINE_CURVE_WITH_KNOTS('',3,(#3651,#3652,#3653,#3654,#3655),
 .UNSPECIFIED.,.F.,.F.,(4,1,4),(0.,0.116839949508543,0.253577471649349),
 .UNSPECIFIED.);
#116=FACE_BOUND('',#349,.T.);
#117=FACE_BOUND('',#350,.T.);
#118=FACE_BOUND('',#351,.T.);
#119=FACE_BOUND('',#352,.T.);
#120=FACE_BOUND('',#353,.T.);
#121=FACE_BOUND('',#354,.T.);
#122=FACE_BOUND('',#355,.T.);
#123=FACE_BOUND('',#356,.T.);
#124=FACE_BOUND('',#357,.T.);
#125=FACE_BOUND('',#358,.T.);
#126=FACE_BOUND('',#359,.T.);
#127=FACE_BOUND('',#360,.T.);
#128=FACE_BOUND('',#361,.T.);
#129=FACE_BOUND('',#362,.T.);
#130=FACE_BOUND('',#363,.T.);
#131=FACE_BOUND('',#388,.T.);
#132=FACE_BOUND('',#476,.T.);
#133=FACE_BOUND('',#477,.T.);
#134=FACE_BOUND('',#478,.T.);
#135=FACE_BOUND('',#479,.T.);
#136=FACE_BOUND('',#480,.T.);
#137=FACE_BOUND('',#481,.T.);
#138=FACE_BOUND('',#482,.T.);
#139=FACE_BOUND('',#483,.T.);
#140=FACE_BOUND('',#484,.T.);
#141=FACE_BOUND('',#485,.T.);
#142=FACE_BOUND('',#486,.T.);
#143=FACE_BOUND('',#487,.T.);
#144=FACE_BOUND('',#488,.T.);
#145=FACE_BOUND('',#489,.T.);
#146=CIRCLE('',#2270,4.99999999999999);
#147=CIRCLE('',#2271,5.);
#148=CIRCLE('',#2272,4.99999999999999);
#149=CIRCLE('',#2273,4.99999999999998);
#150=CIRCLE('',#2274,1.7);
#151=CIRCLE('',#2275,1.7);
#152=CIRCLE('',#2276,1.7);
#153=CIRCLE('',#2277,1.7);
#154=CIRCLE('',#2278,0.499999999999989);
#155=CIRCLE('',#2279,0.499999999999997);
#156=CIRCLE('',#2280,0.499999999999998);
#157=CIRCLE('',#2281,0.499999999999998);
#158=CIRCLE('',#2282,0.499999999999998);
#159=CIRCLE('',#2283,0.500000000000007);
#160=CIRCLE('',#2284,0.499999999999998);
#161=CIRCLE('',#2285,0.499999999999989);
#162=CIRCLE('',#2286,0.499999999999998);
#163=CIRCLE('',#2287,0.499999999999998);
#164=CIRCLE('',#2288,0.499999999999998);
#165=CIRCLE('',#2289,0.500000000000003);
#166=CIRCLE('',#2290,0.499999999999998);
#167=CIRCLE('',#2291,0.499999999999998);
#168=CIRCLE('',#2292,0.499999999999998);
#169=CIRCLE('',#2293,0.500000000000003);
#170=CIRCLE('',#2294,0.499999999999989);
#171=CIRCLE('',#2295,0.499999999999998);
#172=CIRCLE('',#2296,0.499999999999998);
#173=CIRCLE('',#2297,0.500000000000003);
#174=CIRCLE('',#2298,0.500000000000005);
#175=CIRCLE('',#2299,0.500000000000007);
#176=CIRCLE('',#2300,0.500000000000003);
#177=CIRCLE('',#2301,0.500000000000007);
#178=CIRCLE('',#2302,0.499999999999998);
#179=CIRCLE('',#2303,0.499999999999997);
#180=CIRCLE('',#2304,0.499999999999998);
#181=CIRCLE('',#2305,0.499999999999998);
#182=CIRCLE('',#2306,0.499999999999998);
#183=CIRCLE('',#2307,0.499999999999997);
#184=CIRCLE('',#2308,0.499999999999998);
#185=CIRCLE('',#2309,0.499999999999998);
#186=CIRCLE('',#2310,0.499999999999989);
#187=CIRCLE('',#2311,0.500000000000007);
#188=CIRCLE('',#2312,0.499999999999998);
#189=CIRCLE('',#2313,0.499999999999989);
#190=CIRCLE('',#2322,0.499999999999989);
#191=CIRCLE('',#2325,0.499999999999998);
#192=CIRCLE('',#2328,0.500000000000007);
#193=CIRCLE('',#2331,0.499999999999989);
#194=CIRCLE('',#2334,0.499999999999998);
#195=CIRCLE('',#2337,0.499999999999998);
#196=CIRCLE('',#2340,0.499999999999997);
#197=CIRCLE('',#2343,0.499999999999998);
#198=CIRCLE('',#2346,0.499999999999998);
#199=CIRCLE('',#2349,0.499999999999998);
#200=CIRCLE('',#2352,0.499999999999997);
#201=CIRCLE('',#2355,0.499999999999998);
#202=CIRCLE('',#2358,0.500000000000007);
#203=CIRCLE('',#2361,0.500000000000003);
#204=CIRCLE('',#2364,0.500000000000007);
#205=CIRCLE('',#2367,0.500000000000005);
#206=CIRCLE('',#2370,0.500000000000003);
#207=CIRCLE('',#2373,0.499999999999998);
#208=CIRCLE('',#2376,0.499999999999998);
#209=CIRCLE('',#2379,0.499999999999989);
#210=CIRCLE('',#2382,0.500000000000003);
#211=CIRCLE('',#2385,0.499999999999998);
#212=CIRCLE('',#2388,0.499999999999998);
#213=CIRCLE('',#2391,0.499999999999998);
#214=CIRCLE('',#2394,0.500000000000003);
#215=CIRCLE('',#2397,0.499999999999998);
#216=CIRCLE('',#2400,0.499999999999998);
#217=CIRCLE('',#2403,0.499999999999998);
#218=CIRCLE('',#2406,0.499999999999989);
#219=CIRCLE('',#2409,0.499999999999998);
#220=CIRCLE('',#2412,0.500000000000007);
#221=CIRCLE('',#2415,0.499999999999998);
#222=CIRCLE('',#2418,0.499999999999998);
#223=CIRCLE('',#2421,0.499999999999998);
#224=CIRCLE('',#2424,0.499999999999997);
#225=CIRCLE('',#2427,0.499999999999989);
#226=CIRCLE('',#2430,1.7);
#227=CIRCLE('',#2432,1.7);
#228=CIRCLE('',#2434,1.7);
#229=CIRCLE('',#2436,1.7);
#230=CIRCLE('',#2439,5.);
#231=CIRCLE('',#2442,4.99999999999999);
#232=CIRCLE('',#2445,4.99999999999998);
#233=CIRCLE('',#2448,4.99999999999999);
#234=FACE_OUTER_BOUND('',#347,.T.);
#235=FACE_OUTER_BOUND('',#348,.T.);
#236=FACE_OUTER_BOUND('',#364,.T.);
#237=FACE_OUTER_BOUND('',#365,.T.);
#238=FACE_OUTER_BOUND('',#366,.T.);
#239=FACE_OUTER_BOUND('',#367,.T.);
#240=FACE_OUTER_BOUND('',#368,.T.);
#241=FACE_OUTER_BOUND('',#369,.T.);
#242=FACE_OUTER_BOUND('',#370,.T.);
#243=FACE_OUTER_BOUND('',#371,.T.);
#244=FACE_OUTER_BOUND('',#372,.T.);
#245=FACE_OUTER_BOUND('',#373,.T.);
#246=FACE_OUTER_BOUND('',#374,.T.);
#247=FACE_OUTER_BOUND('',#375,.T.);
#248=FACE_OUTER_BOUND('',#376,.T.);
#249=FACE_OUTER_BOUND('',#377,.T.);
#250=FACE_OUTER_BOUND('',#378,.T.);
#251=FACE_OUTER_BOUND('',#379,.T.);
#252=FACE_OUTER_BOUND('',#380,.T.);
#253=FACE_OUTER_BOUND('',#381,.T.);
#254=FACE_OUTER_BOUND('',#382,.T.);
#255=FACE_OUTER_BOUND('',#383,.T.);
#256=FACE_OUTER_BOUND('',#384,.T.);
#257=FACE_OUTER_BOUND('',#385,.T.);
#258=FACE_OUTER_BOUND('',#386,.T.);
#259=FACE_OUTER_BOUND('',#387,.T.);
#260=FACE_OUTER_BOUND('',#389,.T.);
#261=FACE_OUTER_BOUND('',#390,.T.);
#262=FACE_OUTER_BOUND('',#391,.T.);
#263=FACE_OUTER_BOUND('',#392,.T.);
#264=FACE_OUTER_BOUND('',#393,.T.);
#265=FACE_OUTER_BOUND('',#394,.T.);
#266=FACE_OUTER_BOUND('',#395,.T.);
#267=FACE_OUTER_BOUND('',#396,.T.);
#268=FACE_OUTER_BOUND('',#397,.T.);
#269=FACE_OUTER_BOUND('',#398,.T.);
#270=FACE_OUTER_BOUND('',#399,.T.);
#271=FACE_OUTER_BOUND('',#400,.T.);
#272=FACE_OUTER_BOUND('',#401,.T.);
#273=FACE_OUTER_BOUND('',#402,.T.);
#274=FACE_OUTER_BOUND('',#403,.T.);
#275=FACE_OUTER_BOUND('',#404,.T.);
#276=FACE_OUTER_BOUND('',#405,.T.);
#277=FACE_OUTER_BOUND('',#406,.T.);
#278=FACE_OUTER_BOUND('',#407,.T.);
#279=FACE_OUTER_BOUND('',#408,.T.);
#280=FACE_OUTER_BOUND('',#409,.T.);
#281=FACE_OUTER_BOUND('',#410,.T.);
#282=FACE_OUTER_BOUND('',#411,.T.);
#283=FACE_OUTER_BOUND('',#412,.T.);
#284=FACE_OUTER_BOUND('',#413,.T.);
#285=FACE_OUTER_BOUND('',#414,.T.);
#286=FACE_OUTER_BOUND('',#415,.T.);
#287=FACE_OUTER_BOUND('',#416,.T.);
#288=FACE_OUTER_BOUND('',#417,.T.);
#289=FACE_OUTER_BOUND('',#418,.T.);
#290=FACE_OUTER_BOUND('',#419,.T.);
#291=FACE_OUTER_BOUND('',#420,.T.);
#292=FACE_OUTER_BOUND('',#421,.T.);
#293=FACE_OUTER_BOUND('',#422,.T.);
#294=FACE_OUTER_BOUND('',#423,.T.);
#295=FACE_OUTER_BOUND('',#424,.T.);
#296=FACE_OUTER_BOUND('',#425,.T.);
#297=FACE_OUTER_BOUND('',#426,.T.);
#298=FACE_OUTER_BOUND('',#427,.T.);
#299=FACE_OUTER_BOUND('',#428,.T.);
#300=FACE_OUTER_BOUND('',#429,.T.);
#301=FACE_OUTER_BOUND('',#430,.T.);
#302=FACE_OUTER_BOUND('',#431,.T.);
#303=FACE_OUTER_BOUND('',#432,.T.);
#304=FACE_OUTER_BOUND('',#433,.T.);
#305=FACE_OUTER_BOUND('',#434,.T.);
#306=FACE_OUTER_BOUND('',#435,.T.);
#307=FACE_OUTER_BOUND('',#436,.T.);
#308=FACE_OUTER_BOUND('',#437,.T.);
#309=FACE_OUTER_BOUND('',#438,.T.);
#310=FACE_OUTER_BOUND('',#439,.T.);
#311=FACE_OUTER_BOUND('',#440,.T.);
#312=FACE_OUTER_BOUND('',#441,.T.);
#313=FACE_OUTER_BOUND('',#442,.T.);
#314=FACE_OUTER_BOUND('',#443,.T.);
#315=FACE_OUTER_BOUND('',#444,.T.);
#316=FACE_OUTER_BOUND('',#445,.T.);
#317=FACE_OUTER_BOUND('',#446,.T.);
#318=FACE_OUTER_BOUND('',#447,.T.);
#319=FACE_OUTER_BOUND('',#448,.T.);
#320=FACE_OUTER_BOUND('',#449,.T.);
#321=FACE_OUTER_BOUND('',#450,.T.);
#322=FACE_OUTER_BOUND('',#451,.T.);
#323=FACE_OUTER_BOUND('',#452,.T.);
#324=FACE_OUTER_BOUND('',#453,.T.);
#325=FACE_OUTER_BOUND('',#454,.T.);
#326=FACE_OUTER_BOUND('',#455,.T.);
#327=FACE_OUTER_BOUND('',#456,.T.);
#328=FACE_OUTER_BOUND('',#457,.T.);
#329=FACE_OUTER_BOUND('',#458,.T.);
#330=FACE_OUTER_BOUND('',#459,.T.);
#331=FACE_OUTER_BOUND('',#460,.T.);
#332=FACE_OUTER_BOUND('',#461,.T.);
#333=FACE_OUTER_BOUND('',#462,.T.);
#334=FACE_OUTER_BOUND('',#463,.T.);
#335=FACE_OUTER_BOUND('',#464,.T.);
#336=FACE_OUTER_BOUND('',#465,.T.);
#337=FACE_OUTER_BOUND('',#466,.T.);
#338=FACE_OUTER_BOUND('',#467,.T.);
#339=FACE_OUTER_BOUND('',#468,.T.);
#340=FACE_OUTER_BOUND('',#469,.T.);
#341=FACE_OUTER_BOUND('',#470,.T.);
#342=FACE_OUTER_BOUND('',#471,.T.);
#343=FACE_OUTER_BOUND('',#472,.T.);
#344=FACE_OUTER_BOUND('',#473,.T.);
#345=FACE_OUTER_BOUND('',#474,.T.);
#346=FACE_OUTER_BOUND('',#475,.T.);
#347=EDGE_LOOP('',(#1437,#1438,#1439,#1440));
#348=EDGE_LOOP('',(#1441,#1442,#1443,#1444,#1445,#1446,#1447,#1448));
#349=EDGE_LOOP('',(#1449,#1450,#1451,#1452));
#350=EDGE_LOOP('',(#1453));
#351=EDGE_LOOP('',(#1454));
#352=EDGE_LOOP('',(#1455));
#353=EDGE_LOOP('',(#1456));
#354=EDGE_LOOP('',(#1457,#1458,#1459,#1460,#1461,#1462,#1463,#1464));
#355=EDGE_LOOP('',(#1465,#1466,#1467,#1468,#1469,#1470,#1471,#1472));
#356=EDGE_LOOP('',(#1473,#1474,#1475,#1476,#1477,#1478,#1479,#1480));
#357=EDGE_LOOP('',(#1481,#1482,#1483,#1484,#1485,#1486,#1487,#1488));
#358=EDGE_LOOP('',(#1489,#1490,#1491,#1492,#1493,#1494,#1495,#1496));
#359=EDGE_LOOP('',(#1497,#1498,#1499,#1500,#1501,#1502,#1503,#1504));
#360=EDGE_LOOP('',(#1505,#1506,#1507,#1508,#1509,#1510,#1511,#1512));
#361=EDGE_LOOP('',(#1513,#1514,#1515,#1516,#1517,#1518,#1519,#1520));
#362=EDGE_LOOP('',(#1521,#1522,#1523,#1524,#1525,#1526,#1527,#1528));
#363=EDGE_LOOP('',(#1529,#1530,#1531,#1532,#1533,#1534,#1535,#1536,#1537,
#1538,#1539,#1540,#1541));
#364=EDGE_LOOP('',(#1542,#1543,#1544,#1545));
#365=EDGE_LOOP('',(#1546,#1547,#1548,#1549));
#366=EDGE_LOOP('',(#1550,#1551,#1552,#1553));
#367=EDGE_LOOP('',(#1554,#1555,#1556,#1557));
#368=EDGE_LOOP('',(#1558,#1559,#1560,#1561));
#369=EDGE_LOOP('',(#1562,#1563,#1564,#1565));
#370=EDGE_LOOP('',(#1566,#1567,#1568,#1569));
#371=EDGE_LOOP('',(#1570,#1571,#1572,#1573));
#372=EDGE_LOOP('',(#1574,#1575,#1576,#1577));
#373=EDGE_LOOP('',(#1578,#1579,#1580,#1581));
#374=EDGE_LOOP('',(#1582,#1583,#1584,#1585));
#375=EDGE_LOOP('',(#1586,#1587,#1588,#1589));
#376=EDGE_LOOP('',(#1590,#1591,#1592,#1593));
#377=EDGE_LOOP('',(#1594,#1595,#1596,#1597));
#378=EDGE_LOOP('',(#1598,#1599,#1600,#1601));
#379=EDGE_LOOP('',(#1602,#1603,#1604,#1605));
#380=EDGE_LOOP('',(#1606,#1607,#1608,#1609));
#381=EDGE_LOOP('',(#1610,#1611,#1612,#1613));
#382=EDGE_LOOP('',(#1614,#1615,#1616,#1617));
#383=EDGE_LOOP('',(#1618,#1619,#1620,#1621));
#384=EDGE_LOOP('',(#1622,#1623,#1624,#1625));
#385=EDGE_LOOP('',(#1626,#1627,#1628,#1629));
#386=EDGE_LOOP('',(#1630,#1631,#1632,#1633));
#387=EDGE_LOOP('',(#1634,#1635,#1636,#1637,#1638,#1639,#1640,#1641,#1642,
#1643,#1644,#1645,#1646));
#388=EDGE_LOOP('',(#1647,#1648,#1649,#1650,#1651,#1652,#1653,#1654));
#389=EDGE_LOOP('',(#1655,#1656,#1657,#1658,#1659,#1660,#1661,#1662));
#390=EDGE_LOOP('',(#1663,#1664,#1665,#1666));
#391=EDGE_LOOP('',(#1667,#1668,#1669,#1670));
#392=EDGE_LOOP('',(#1671,#1672,#1673,#1674));
#393=EDGE_LOOP('',(#1675,#1676,#1677,#1678));
#394=EDGE_LOOP('',(#1679,#1680,#1681,#1682));
#395=EDGE_LOOP('',(#1683,#1684,#1685,#1686));
#396=EDGE_LOOP('',(#1687,#1688,#1689,#1690));
#397=EDGE_LOOP('',(#1691,#1692,#1693,#1694));
#398=EDGE_LOOP('',(#1695,#1696,#1697,#1698));
#399=EDGE_LOOP('',(#1699,#1700,#1701,#1702));
#400=EDGE_LOOP('',(#1703,#1704,#1705,#1706));
#401=EDGE_LOOP('',(#1707,#1708,#1709,#1710));
#402=EDGE_LOOP('',(#1711,#1712,#1713,#1714));
#403=EDGE_LOOP('',(#1715,#1716,#1717,#1718));
#404=EDGE_LOOP('',(#1719,#1720,#1721,#1722));
#405=EDGE_LOOP('',(#1723,#1724,#1725,#1726));
#406=EDGE_LOOP('',(#1727,#1728,#1729,#1730));
#407=EDGE_LOOP('',(#1731,#1732,#1733,#1734));
#408=EDGE_LOOP('',(#1735,#1736,#1737,#1738));
#409=EDGE_LOOP('',(#1739,#1740,#1741,#1742));
#410=EDGE_LOOP('',(#1743,#1744,#1745,#1746));
#411=EDGE_LOOP('',(#1747,#1748,#1749,#1750));
#412=EDGE_LOOP('',(#1751,#1752,#1753,#1754));
#413=EDGE_LOOP('',(#1755,#1756,#1757,#1758));
#414=EDGE_LOOP('',(#1759,#1760,#1761,#1762));
#415=EDGE_LOOP('',(#1763,#1764,#1765,#1766));
#416=EDGE_LOOP('',(#1767,#1768,#1769,#1770));
#417=EDGE_LOOP('',(#1771,#1772,#1773,#1774));
#418=EDGE_LOOP('',(#1775,#1776,#1777,#1778));
#419=EDGE_LOOP('',(#1779,#1780,#1781,#1782));
#420=EDGE_LOOP('',(#1783,#1784,#1785,#1786));
#421=EDGE_LOOP('',(#1787,#1788,#1789,#1790));
#422=EDGE_LOOP('',(#1791,#1792,#1793,#1794));
#423=EDGE_LOOP('',(#1795,#1796,#1797,#1798));
#424=EDGE_LOOP('',(#1799,#1800,#1801,#1802));
#425=EDGE_LOOP('',(#1803,#1804,#1805,#1806));
#426=EDGE_LOOP('',(#1807,#1808,#1809,#1810));
#427=EDGE_LOOP('',(#1811,#1812,#1813,#1814));
#428=EDGE_LOOP('',(#1815,#1816,#1817,#1818));
#429=EDGE_LOOP('',(#1819,#1820,#1821,#1822));
#430=EDGE_LOOP('',(#1823,#1824,#1825,#1826));
#431=EDGE_LOOP('',(#1827,#1828,#1829,#1830));
#432=EDGE_LOOP('',(#1831,#1832,#1833,#1834));
#433=EDGE_LOOP('',(#1835,#1836,#1837,#1838));
#434=EDGE_LOOP('',(#1839,#1840,#1841,#1842));
#435=EDGE_LOOP('',(#1843,#1844,#1845,#1846));
#436=EDGE_LOOP('',(#1847,#1848,#1849,#1850));
#437=EDGE_LOOP('',(#1851,#1852,#1853,#1854));
#438=EDGE_LOOP('',(#1855,#1856,#1857,#1858));
#439=EDGE_LOOP('',(#1859,#1860,#1861,#1862));
#440=EDGE_LOOP('',(#1863,#1864,#1865,#1866));
#441=EDGE_LOOP('',(#1867,#1868,#1869,#1870));
#442=EDGE_LOOP('',(#1871,#1872,#1873,#1874));
#443=EDGE_LOOP('',(#1875,#1876,#1877,#1878));
#444=EDGE_LOOP('',(#1879,#1880,#1881,#1882));
#445=EDGE_LOOP('',(#1883,#1884,#1885,#1886));
#446=EDGE_LOOP('',(#1887,#1888,#1889,#1890));
#447=EDGE_LOOP('',(#1891,#1892,#1893,#1894));
#448=EDGE_LOOP('',(#1895,#1896,#1897,#1898));
#449=EDGE_LOOP('',(#1899,#1900,#1901,#1902));
#450=EDGE_LOOP('',(#1903,#1904,#1905,#1906));
#451=EDGE_LOOP('',(#1907,#1908,#1909,#1910));
#452=EDGE_LOOP('',(#1911,#1912,#1913,#1914));
#453=EDGE_LOOP('',(#1915,#1916,#1917,#1918));
#454=EDGE_LOOP('',(#1919,#1920,#1921,#1922));
#455=EDGE_LOOP('',(#1923,#1924,#1925,#1926));
#456=EDGE_LOOP('',(#1927,#1928,#1929,#1930));
#457=EDGE_LOOP('',(#1931,#1932,#1933,#1934));
#458=EDGE_LOOP('',(#1935,#1936,#1937,#1938));
#459=EDGE_LOOP('',(#1939,#1940,#1941,#1942));
#460=EDGE_LOOP('',(#1943,#1944,#1945,#1946));
#461=EDGE_LOOP('',(#1947,#1948,#1949,#1950));
#462=EDGE_LOOP('',(#1951,#1952,#1953,#1954));
#463=EDGE_LOOP('',(#1955,#1956,#1957,#1958));
#464=EDGE_LOOP('',(#1959,#1960,#1961,#1962));
#465=EDGE_LOOP('',(#1963,#1964,#1965,#1966));
#466=EDGE_LOOP('',(#1967,#1968,#1969,#1970));
#467=EDGE_LOOP('',(#1971,#1972,#1973,#1974));
#468=EDGE_LOOP('',(#1975,#1976,#1977,#1978));
#469=EDGE_LOOP('',(#1979,#1980,#1981,#1982));
#470=EDGE_LOOP('',(#1983,#1984,#1985,#1986));
#471=EDGE_LOOP('',(#1987,#1988,#1989,#1990));
#472=EDGE_LOOP('',(#1991,#1992,#1993,#1994));
#473=EDGE_LOOP('',(#1995,#1996,#1997,#1998));
#474=EDGE_LOOP('',(#1999,#2000,#2001,#2002));
#475=EDGE_LOOP('',(#2003,#2004,#2005,#2006,#2007,#2008,#2009,#2010));
#476=EDGE_LOOP('',(#2011,#2012,#2013,#2014));
#477=EDGE_LOOP('',(#2015,#2016,#2017,#2018,#2019,#2020,#2021,#2022));
#478=EDGE_LOOP('',(#2023,#2024,#2025,#2026,#2027,#2028,#2029,#2030));
#479=EDGE_LOOP('',(#2031,#2032,#2033,#2034,#2035,#2036,#2037,#2038));
#480=EDGE_LOOP('',(#2039,#2040,#2041,#2042,#2043,#2044,#2045,#2046));
#481=EDGE_LOOP('',(#2047,#2048,#2049,#2050,#2051,#2052,#2053,#2054));
#482=EDGE_LOOP('',(#2055,#2056,#2057,#2058,#2059,#2060,#2061,#2062));
#483=EDGE_LOOP('',(#2063,#2064,#2065,#2066,#2067,#2068,#2069,#2070));
#484=EDGE_LOOP('',(#2071,#2072,#2073,#2074,#2075,#2076,#2077,#2078));
#485=EDGE_LOOP('',(#2079,#2080,#2081,#2082,#2083,#2084,#2085,#2086));
#486=EDGE_LOOP('',(#2087));
#487=EDGE_LOOP('',(#2088));
#488=EDGE_LOOP('',(#2089));
#489=EDGE_LOOP('',(#2090));
#490=LINE('',#3021,#691);
#491=LINE('',#3023,#692);
#492=LINE('',#3025,#693);
#493=LINE('',#3026,#694);
#494=LINE('',#3032,#695);
#495=LINE('',#3036,#696);
#496=LINE('',#3040,#697);
#497=LINE('',#3043,#698);
#498=LINE('',#3045,#699);
#499=LINE('',#3047,#700);
#500=LINE('',#3048,#701);
#501=LINE('',#3059,#702);
#502=LINE('',#3063,#703);
#503=LINE('',#3067,#704);
#504=LINE('',#3071,#705);
#505=LINE('',#3075,#706);
#506=LINE('',#3079,#707);
#507=LINE('',#3083,#708);
#508=LINE('',#3087,#709);
#509=LINE('',#3091,#710);
#510=LINE('',#3095,#711);
#511=LINE('',#3099,#712);
#512=LINE('',#3103,#713);
#513=LINE('',#3107,#714);
#514=LINE('',#3111,#715);
#515=LINE('',#3115,#716);
#516=LINE('',#3119,#717);
#517=LINE('',#3123,#718);
#518=LINE('',#3127,#719);
#519=LINE('',#3131,#720);
#520=LINE('',#3135,#721);
#521=LINE('',#3139,#722);
#522=LINE('',#3143,#723);
#523=LINE('',#3147,#724);
#524=LINE('',#3151,#725);
#525=LINE('',#3155,#726);
#526=LINE('',#3159,#727);
#527=LINE('',#3163,#728);
#528=LINE('',#3167,#729);
#529=LINE('',#3171,#730);
#530=LINE('',#3175,#731);
#531=LINE('',#3179,#732);
#532=LINE('',#3183,#733);
#533=LINE('',#3187,#734);
#534=LINE('',#3191,#735);
#535=LINE('',#3195,#736);
#536=LINE('',#3199,#737);
#537=LINE('',#3209,#738);
#538=LINE('',#3223,#739);
#539=LINE('',#3273,#740);
#540=LINE('',#3274,#741);
#541=LINE('',#3277,#742);
#542=LINE('',#3278,#743);
#543=LINE('',#3297,#744);
#544=LINE('',#3304,#745);
#545=LINE('',#3322,#746);
#546=LINE('',#3345,#747);
#547=LINE('',#3368,#748);
#548=LINE('',#3391,#749);
#549=LINE('',#3414,#750);
#550=LINE('',#3437,#751);
#551=LINE('',#3474,#752);
#552=LINE('',#3481,#753);
#553=LINE('',#3493,#754);
#554=LINE('',#3510,#755);
#555=LINE('',#3527,#756);
#556=LINE('',#3544,#757);
#557=LINE('',#3561,#758);
#558=LINE('',#3578,#759);
#559=LINE('',#3595,#760);
#560=LINE('',#3612,#761);
#561=LINE('',#3620,#762);
#562=LINE('',#3621,#763);
#563=LINE('',#3633,#764);
#564=LINE('',#3650,#765);
#565=LINE('',#3657,#766);
#566=LINE('',#3662,#767);
#567=LINE('',#3664,#768);
#568=LINE('',#3665,#769);
#569=LINE('',#3668,#770);
#570=LINE('',#3672,#771);
#571=LINE('',#3673,#772);
#572=LINE('',#3676,#773);
#573=LINE('',#3680,#774);
#574=LINE('',#3681,#775);
#575=LINE('',#3684,#776);
#576=LINE('',#3688,#777);
#577=LINE('',#3689,#778);
#578=LINE('',#3694,#779);
#579=LINE('',#3696,#780);
#580=LINE('',#3697,#781);
#581=LINE('',#3700,#782);
#582=LINE('',#3704,#783);
#583=LINE('',#3705,#784);
#584=LINE('',#3708,#785);
#585=LINE('',#3712,#786);
#586=LINE('',#3713,#787);
#587=LINE('',#3716,#788);
#588=LINE('',#3720,#789);
#589=LINE('',#3721,#790);
#590=LINE('',#3726,#791);
#591=LINE('',#3728,#792);
#592=LINE('',#3729,#793);
#593=LINE('',#3732,#794);
#594=LINE('',#3736,#795);
#595=LINE('',#3737,#796);
#596=LINE('',#3740,#797);
#597=LINE('',#3744,#798);
#598=LINE('',#3745,#799);
#599=LINE('',#3748,#800);
#600=LINE('',#3752,#801);
#601=LINE('',#3753,#802);
#602=LINE('',#3758,#803);
#603=LINE('',#3760,#804);
#604=LINE('',#3761,#805);
#605=LINE('',#3764,#806);
#606=LINE('',#3768,#807);
#607=LINE('',#3769,#808);
#608=LINE('',#3772,#809);
#609=LINE('',#3776,#810);
#610=LINE('',#3777,#811);
#611=LINE('',#3780,#812);
#612=LINE('',#3784,#813);
#613=LINE('',#3785,#814);
#614=LINE('',#3790,#815);
#615=LINE('',#3792,#816);
#616=LINE('',#3793,#817);
#617=LINE('',#3796,#818);
#618=LINE('',#3800,#819);
#619=LINE('',#3801,#820);
#620=LINE('',#3804,#821);
#621=LINE('',#3808,#822);
#622=LINE('',#3809,#823);
#623=LINE('',#3812,#824);
#624=LINE('',#3816,#825);
#625=LINE('',#3817,#826);
#626=LINE('',#3822,#827);
#627=LINE('',#3824,#828);
#628=LINE('',#3825,#829);
#629=LINE('',#3828,#830);
#630=LINE('',#3832,#831);
#631=LINE('',#3833,#832);
#632=LINE('',#3836,#833);
#633=LINE('',#3840,#834);
#634=LINE('',#3841,#835);
#635=LINE('',#3844,#836);
#636=LINE('',#3848,#837);
#637=LINE('',#3849,#838);
#638=LINE('',#3854,#839);
#639=LINE('',#3856,#840);
#640=LINE('',#3857,#841);
#641=LINE('',#3860,#842);
#642=LINE('',#3864,#843);
#643=LINE('',#3865,#844);
#644=LINE('',#3868,#845);
#645=LINE('',#3872,#846);
#646=LINE('',#3873,#847);
#647=LINE('',#3876,#848);
#648=LINE('',#3880,#849);
#649=LINE('',#3881,#850);
#650=LINE('',#3886,#851);
#651=LINE('',#3888,#852);
#652=LINE('',#3889,#853);
#653=LINE('',#3892,#854);
#654=LINE('',#3896,#855);
#655=LINE('',#3897,#856);
#656=LINE('',#3900,#857);
#657=LINE('',#3904,#858);
#658=LINE('',#3905,#859);
#659=LINE('',#3908,#860);
#660=LINE('',#3912,#861);
#661=LINE('',#3913,#862);
#662=LINE('',#3918,#863);
#663=LINE('',#3920,#864);
#664=LINE('',#3921,#865);
#665=LINE('',#3924,#866);
#666=LINE('',#3928,#867);
#667=LINE('',#3929,#868);
#668=LINE('',#3932,#869);
#669=LINE('',#3936,#870);
#670=LINE('',#3937,#871);
#671=LINE('',#3940,#872);
#672=LINE('',#3944,#873);
#673=LINE('',#3945,#874);
#674=LINE('',#3949,#875);
#675=LINE('',#3953,#876);
#676=LINE('',#3957,#877);
#677=LINE('',#3961,#878);
#678=LINE('',#3965,#879);
#679=LINE('',#3968,#880);
#680=LINE('',#3970,#881);
#681=LINE('',#3971,#882);
#682=LINE('',#3975,#883);
#683=LINE('',#3978,#884);
#684=LINE('',#3979,#885);
#685=LINE('',#3983,#886);
#686=LINE('',#3986,#887);
#687=LINE('',#3987,#888);
#688=LINE('',#3991,#889);
#689=LINE('',#3994,#890);
#690=LINE('',#3995,#891);
#691=VECTOR('',#2454,10.);
#692=VECTOR('',#2455,10.);
#693=VECTOR('',#2456,10.);
#694=VECTOR('',#2457,10.);
#695=VECTOR('',#2462,10.);
#696=VECTOR('',#2465,10.);
#697=VECTOR('',#2468,10.);
#698=VECTOR('',#2471,10.);
#699=VECTOR('',#2472,10.);
#700=VECTOR('',#2473,10.);
#701=VECTOR('',#2474,10.);
#702=VECTOR('',#2483,10.);
#703=VECTOR('',#2486,10.);
#704=VECTOR('',#2489,10.);
#705=VECTOR('',#2492,10.);
#706=VECTOR('',#2495,10.);
#707=VECTOR('',#2498,10.);
#708=VECTOR('',#2501,10.);
#709=VECTOR('',#2504,10.);
#710=VECTOR('',#2507,10.);
#711=VECTOR('',#2510,10.);
#712=VECTOR('',#2513,10.);
#713=VECTOR('',#2516,10.);
#714=VECTOR('',#2519,10.);
#715=VECTOR('',#2522,10.);
#716=VECTOR('',#2525,10.);
#717=VECTOR('',#2528,10.);
#718=VECTOR('',#2531,10.);
#719=VECTOR('',#2534,10.);
#720=VECTOR('',#2537,10.);
#721=VECTOR('',#2540,10.);
#722=VECTOR('',#2543,10.);
#723=VECTOR('',#2546,10.);
#724=VECTOR('',#2549,10.);
#725=VECTOR('',#2552,10.);
#726=VECTOR('',#2555,10.);
#727=VECTOR('',#2558,10.);
#728=VECTOR('',#2561,10.);
#729=VECTOR('',#2564,10.);
#730=VECTOR('',#2567,10.);
#731=VECTOR('',#2570,10.);
#732=VECTOR('',#2573,10.);
#733=VECTOR('',#2576,10.);
#734=VECTOR('',#2579,10.);
#735=VECTOR('',#2582,10.);
#736=VECTOR('',#2585,10.);
#737=VECTOR('',#2588,10.);
#738=VECTOR('',#2591,10.);
#739=VECTOR('',#2592,10.);
#740=VECTOR('',#2595,10.);
#741=VECTOR('',#2596,10.);
#742=VECTOR('',#2599,10.);
#743=VECTOR('',#2600,10.);
#744=VECTOR('',#2601,10.);
#745=VECTOR('',#2602,10.);
#746=VECTOR('',#2603,10.);
#747=VECTOR('',#2604,10.);
#748=VECTOR('',#2605,10.);
#749=VECTOR('',#2606,10.);
#750=VECTOR('',#2607,10.);
#751=VECTOR('',#2608,10.);
#752=VECTOR('',#2609,10.);
#753=VECTOR('',#2610,10.);
#754=VECTOR('',#2611,10.);
#755=VECTOR('',#2612,10.);
#756=VECTOR('',#2613,10.);
#757=VECTOR('',#2614,10.);
#758=VECTOR('',#2615,10.);
#759=VECTOR('',#2616,10.);
#760=VECTOR('',#2617,10.);
#761=VECTOR('',#2618,10.);
#762=VECTOR('',#2621,10.);
#763=VECTOR('',#2622,10.);
#764=VECTOR('',#2623,10.);
#765=VECTOR('',#2624,10.);
#766=VECTOR('',#2627,10.);
#767=VECTOR('',#2634,10.);
#768=VECTOR('',#2635,10.);
#769=VECTOR('',#2636,10.);
#770=VECTOR('',#2639,10.);
#771=VECTOR('',#2644,10.);
#772=VECTOR('',#2645,10.);
#773=VECTOR('',#2648,10.);
#774=VECTOR('',#2653,10.);
#775=VECTOR('',#2654,10.);
#776=VECTOR('',#2657,10.);
#777=VECTOR('',#2662,10.);
#778=VECTOR('',#2663,10.);
#779=VECTOR('',#2670,10.);
#780=VECTOR('',#2671,10.);
#781=VECTOR('',#2672,10.);
#782=VECTOR('',#2675,10.);
#783=VECTOR('',#2680,10.);
#784=VECTOR('',#2681,10.);
#785=VECTOR('',#2684,10.);
#786=VECTOR('',#2689,10.);
#787=VECTOR('',#2690,10.);
#788=VECTOR('',#2693,10.);
#789=VECTOR('',#2698,10.);
#790=VECTOR('',#2699,10.);
#791=VECTOR('',#2706,10.);
#792=VECTOR('',#2707,10.);
#793=VECTOR('',#2708,10.);
#794=VECTOR('',#2711,10.);
#795=VECTOR('',#2716,10.);
#796=VECTOR('',#2717,10.);
#797=VECTOR('',#2720,10.);
#798=VECTOR('',#2725,10.);
#799=VECTOR('',#2726,10.);
#800=VECTOR('',#2729,10.);
#801=VECTOR('',#2734,10.);
#802=VECTOR('',#2735,10.);
#803=VECTOR('',#2742,10.);
#804=VECTOR('',#2743,10.);
#805=VECTOR('',#2744,10.);
#806=VECTOR('',#2747,10.);
#807=VECTOR('',#2752,10.);
#808=VECTOR('',#2753,10.);
#809=VECTOR('',#2756,10.);
#810=VECTOR('',#2761,10.);
#811=VECTOR('',#2762,10.);
#812=VECTOR('',#2765,10.);
#813=VECTOR('',#2770,10.);
#814=VECTOR('',#2771,10.);
#815=VECTOR('',#2778,10.);
#816=VECTOR('',#2779,10.);
#817=VECTOR('',#2780,10.);
#818=VECTOR('',#2783,10.);
#819=VECTOR('',#2788,10.);
#820=VECTOR('',#2789,10.);
#821=VECTOR('',#2792,10.);
#822=VECTOR('',#2797,10.);
#823=VECTOR('',#2798,10.);
#824=VECTOR('',#2801,10.);
#825=VECTOR('',#2806,10.);
#826=VECTOR('',#2807,10.);
#827=VECTOR('',#2814,10.);
#828=VECTOR('',#2815,10.);
#829=VECTOR('',#2816,10.);
#830=VECTOR('',#2819,10.);
#831=VECTOR('',#2824,10.);
#832=VECTOR('',#2825,10.);
#833=VECTOR('',#2828,10.);
#834=VECTOR('',#2833,10.);
#835=VECTOR('',#2834,10.);
#836=VECTOR('',#2837,10.);
#837=VECTOR('',#2842,10.);
#838=VECTOR('',#2843,10.);
#839=VECTOR('',#2850,10.);
#840=VECTOR('',#2851,10.);
#841=VECTOR('',#2852,10.);
#842=VECTOR('',#2855,10.);
#843=VECTOR('',#2860,10.);
#844=VECTOR('',#2861,10.);
#845=VECTOR('',#2864,10.);
#846=VECTOR('',#2869,10.);
#847=VECTOR('',#2870,10.);
#848=VECTOR('',#2873,10.);
#849=VECTOR('',#2878,10.);
#850=VECTOR('',#2879,10.);
#851=VECTOR('',#2886,10.);
#852=VECTOR('',#2887,10.);
#853=VECTOR('',#2888,10.);
#854=VECTOR('',#2891,10.);
#855=VECTOR('',#2896,10.);
#856=VECTOR('',#2897,10.);
#857=VECTOR('',#2900,10.);
#858=VECTOR('',#2905,10.);
#859=VECTOR('',#2906,10.);
#860=VECTOR('',#2909,10.);
#861=VECTOR('',#2914,10.);
#862=VECTOR('',#2915,10.);
#863=VECTOR('',#2922,10.);
#864=VECTOR('',#2923,10.);
#865=VECTOR('',#2924,10.);
#866=VECTOR('',#2927,10.);
#867=VECTOR('',#2932,10.);
#868=VECTOR('',#2933,10.);
#869=VECTOR('',#2936,10.);
#870=VECTOR('',#2941,10.);
#871=VECTOR('',#2942,10.);
#872=VECTOR('',#2945,10.);
#873=VECTOR('',#2950,10.);
#874=VECTOR('',#2951,10.);
#875=VECTOR('',#2958,10.);
#876=VECTOR('',#2963,1.7);
#877=VECTOR('',#2968,1.7);
#878=VECTOR('',#2973,1.7);
#879=VECTOR('',#2978,1.7);
#880=VECTOR('',#2981,10.);
#881=VECTOR('',#2982,10.);
#882=VECTOR('',#2983,10.);
#883=VECTOR('',#2988,10.);
#884=VECTOR('',#2991,10.);
#885=VECTOR('',#2992,10.);
#886=VECTOR('',#2997,10.);
#887=VECTOR('',#3000,10.);
#888=VECTOR('',#3001,10.);
#889=VECTOR('',#3006,10.);
#890=VECTOR('',#3009,10.);
#891=VECTOR('',#3010,10.);
#892=VERTEX_POINT('',#3019);
#893=VERTEX_POINT('',#3020);
#894=VERTEX_POINT('',#3022);
#895=VERTEX_POINT('',#3024);
#896=VERTEX_POINT('',#3028);
#897=VERTEX_POINT('',#3029);
#898=VERTEX_POINT('',#3031);
#899=VERTEX_POINT('',#3033);
#900=VERTEX_POINT('',#3035);
#901=VERTEX_POINT('',#3037);
#902=VERTEX_POINT('',#3039);
#903=VERTEX_POINT('',#3041);
#904=VERTEX_POINT('',#3044);
#905=VERTEX_POINT('',#3046);
#906=VERTEX_POINT('',#3049);
#907=VERTEX_POINT('',#3051);
#908=VERTEX_POINT('',#3053);
#909=VERTEX_POINT('',#3055);
#910=VERTEX_POINT('',#3057);
#911=VERTEX_POINT('',#3058);
#912=VERTEX_POINT('',#3060);
#913=VERTEX_POINT('',#3062);
#914=VERTEX_POINT('',#3064);
#915=VERTEX_POINT('',#3066);
#916=VERTEX_POINT('',#3068);
#917=VERTEX_POINT('',#3070);
#918=VERTEX_POINT('',#3073);
#919=VERTEX_POINT('',#3074);
#920=VERTEX_POINT('',#3076);
#921=VERTEX_POINT('',#3078);
#922=VERTEX_POINT('',#3080);
#923=VERTEX_POINT('',#3082);
#924=VERTEX_POINT('',#3084);
#925=VERTEX_POINT('',#3086);
#926=VERTEX_POINT('',#3089);
#927=VERTEX_POINT('',#3090);
#928=VERTEX_POINT('',#3092);
#929=VERTEX_POINT('',#3094);
#930=VERTEX_POINT('',#3096);
#931=VERTEX_POINT('',#3098);
#932=VERTEX_POINT('',#3100);
#933=VERTEX_POINT('',#3102);
#934=VERTEX_POINT('',#3105);
#935=VERTEX_POINT('',#3106);
#936=VERTEX_POINT('',#3108);
#937=VERTEX_POINT('',#3110);
#938=VERTEX_POINT('',#3112);
#939=VERTEX_POINT('',#3114);
#940=VERTEX_POINT('',#3116);
#941=VERTEX_POINT('',#3118);
#942=VERTEX_POINT('',#3121);
#943=VERTEX_POINT('',#3122);
#944=VERTEX_POINT('',#3124);
#945=VERTEX_POINT('',#3126);
#946=VERTEX_POINT('',#3128);
#947=VERTEX_POINT('',#3130);
#948=VERTEX_POINT('',#3132);
#949=VERTEX_POINT('',#3134);
#950=VERTEX_POINT('',#3137);
#951=VERTEX_POINT('',#3138);
#952=VERTEX_POINT('',#3140);
#953=VERTEX_POINT('',#3142);
#954=VERTEX_POINT('',#3144);
#955=VERTEX_POINT('',#3146);
#956=VERTEX_POINT('',#3148);
#957=VERTEX_POINT('',#3150);
#958=VERTEX_POINT('',#3153);
#959=VERTEX_POINT('',#3154);
#960=VERTEX_POINT('',#3156);
#961=VERTEX_POINT('',#3158);
#962=VERTEX_POINT('',#3160);
#963=VERTEX_POINT('',#3162);
#964=VERTEX_POINT('',#3164);
#965=VERTEX_POINT('',#3166);
#966=VERTEX_POINT('',#3169);
#967=VERTEX_POINT('',#3170);
#968=VERTEX_POINT('',#3172);
#969=VERTEX_POINT('',#3174);
#970=VERTEX_POINT('',#3176);
#971=VERTEX_POINT('',#3178);
#972=VERTEX_POINT('',#3180);
#973=VERTEX_POINT('',#3182);
#974=VERTEX_POINT('',#3185);
#975=VERTEX_POINT('',#3186);
#976=VERTEX_POINT('',#3188);
#977=VERTEX_POINT('',#3190);
#978=VERTEX_POINT('',#3192);
#979=VERTEX_POINT('',#3194);
#980=VERTEX_POINT('',#3196);
#981=VERTEX_POINT('',#3198);
#982=VERTEX_POINT('',#3201);
#983=VERTEX_POINT('',#3202);
#984=VERTEX_POINT('',#3208);
#985=VERTEX_POINT('',#3210);
#986=VERTEX_POINT('',#3216);
#987=VERTEX_POINT('',#3222);
#988=VERTEX_POINT('',#3224);
#989=VERTEX_POINT('',#3230);
#990=VERTEX_POINT('',#3236);
#991=VERTEX_POINT('',#3242);
#992=VERTEX_POINT('',#3248);
#993=VERTEX_POINT('',#3254);
#994=VERTEX_POINT('',#3260);
#995=VERTEX_POINT('',#3272);
#996=VERTEX_POINT('',#3276);
#997=VERTEX_POINT('',#3289);
#998=VERTEX_POINT('',#3290);
#999=VERTEX_POINT('',#3296);
#1000=VERTEX_POINT('',#3298);
#1001=VERTEX_POINT('',#3315);
#1002=VERTEX_POINT('',#3321);
#1003=VERTEX_POINT('',#3338);
#1004=VERTEX_POINT('',#3344);
#1005=VERTEX_POINT('',#3361);
#1006=VERTEX_POINT('',#3367);
#1007=VERTEX_POINT('',#3384);
#1008=VERTEX_POINT('',#3390);
#1009=VERTEX_POINT('',#3407);
#1010=VERTEX_POINT('',#3413);
#1011=VERTEX_POINT('',#3430);
#1012=VERTEX_POINT('',#3436);
#1013=VERTEX_POINT('',#3473);
#1014=VERTEX_POINT('',#3475);
#1015=VERTEX_POINT('',#3492);
#1016=VERTEX_POINT('',#3509);
#1017=VERTEX_POINT('',#3526);
#1018=VERTEX_POINT('',#3543);
#1019=VERTEX_POINT('',#3560);
#1020=VERTEX_POINT('',#3577);
#1021=VERTEX_POINT('',#3594);
#1022=VERTEX_POINT('',#3611);
#1023=VERTEX_POINT('',#3619);
#1024=VERTEX_POINT('',#3632);
#1025=VERTEX_POINT('',#3649);
#1026=VERTEX_POINT('',#3661);
#1027=VERTEX_POINT('',#3663);
#1028=VERTEX_POINT('',#3667);
#1029=VERTEX_POINT('',#3671);
#1030=VERTEX_POINT('',#3675);
#1031=VERTEX_POINT('',#3679);
#1032=VERTEX_POINT('',#3683);
#1033=VERTEX_POINT('',#3687);
#1034=VERTEX_POINT('',#3693);
#1035=VERTEX_POINT('',#3695);
#1036=VERTEX_POINT('',#3699);
#1037=VERTEX_POINT('',#3703);
#1038=VERTEX_POINT('',#3707);
#1039=VERTEX_POINT('',#3711);
#1040=VERTEX_POINT('',#3715);
#1041=VERTEX_POINT('',#3719);
#1042=VERTEX_POINT('',#3725);
#1043=VERTEX_POINT('',#3727);
#1044=VERTEX_POINT('',#3731);
#1045=VERTEX_POINT('',#3735);
#1046=VERTEX_POINT('',#3739);
#1047=VERTEX_POINT('',#3743);
#1048=VERTEX_POINT('',#3747);
#1049=VERTEX_POINT('',#3751);
#1050=VERTEX_POINT('',#3757);
#1051=VERTEX_POINT('',#3759);
#1052=VERTEX_POINT('',#3763);
#1053=VERTEX_POINT('',#3767);
#1054=VERTEX_POINT('',#3771);
#1055=VERTEX_POINT('',#3775);
#1056=VERTEX_POINT('',#3779);
#1057=VERTEX_POINT('',#3783);
#1058=VERTEX_POINT('',#3789);
#1059=VERTEX_POINT('',#3791);
#1060=VERTEX_POINT('',#3795);
#1061=VERTEX_POINT('',#3799);
#1062=VERTEX_POINT('',#3803);
#1063=VERTEX_POINT('',#3807);
#1064=VERTEX_POINT('',#3811);
#1065=VERTEX_POINT('',#3815);
#1066=VERTEX_POINT('',#3821);
#1067=VERTEX_POINT('',#3823);
#1068=VERTEX_POINT('',#3827);
#1069=VERTEX_POINT('',#3831);
#1070=VERTEX_POINT('',#3835);
#1071=VERTEX_POINT('',#3839);
#1072=VERTEX_POINT('',#3843);
#1073=VERTEX_POINT('',#3847);
#1074=VERTEX_POINT('',#3853);
#1075=VERTEX_POINT('',#3855);
#1076=VERTEX_POINT('',#3859);
#1077=VERTEX_POINT('',#3863);
#1078=VERTEX_POINT('',#3867);
#1079=VERTEX_POINT('',#3871);
#1080=VERTEX_POINT('',#3875);
#1081=VERTEX_POINT('',#3879);
#1082=VERTEX_POINT('',#3885);
#1083=VERTEX_POINT('',#3887);
#1084=VERTEX_POINT('',#3891);
#1085=VERTEX_POINT('',#3895);
#1086=VERTEX_POINT('',#3899);
#1087=VERTEX_POINT('',#3903);
#1088=VERTEX_POINT('',#3907);
#1089=VERTEX_POINT('',#3911);
#1090=VERTEX_POINT('',#3917);
#1091=VERTEX_POINT('',#3919);
#1092=VERTEX_POINT('',#3923);
#1093=VERTEX_POINT('',#3927);
#1094=VERTEX_POINT('',#3931);
#1095=VERTEX_POINT('',#3935);
#1096=VERTEX_POINT('',#3939);
#1097=VERTEX_POINT('',#3943);
#1098=VERTEX_POINT('',#3951);
#1099=VERTEX_POINT('',#3955);
#1100=VERTEX_POINT('',#3959);
#1101=VERTEX_POINT('',#3963);
#1102=VERTEX_POINT('',#3967);
#1103=VERTEX_POINT('',#3969);
#1104=VERTEX_POINT('',#3973);
#1105=VERTEX_POINT('',#3977);
#1106=VERTEX_POINT('',#3981);
#1107=VERTEX_POINT('',#3985);
#1108=VERTEX_POINT('',#3989);
#1109=VERTEX_POINT('',#3993);
#1110=EDGE_CURVE('',#892,#893,#490,.T.);
#1111=EDGE_CURVE('',#894,#892,#491,.T.);
#1112=EDGE_CURVE('',#895,#894,#492,.T.);
#1113=EDGE_CURVE('',#893,#895,#493,.T.);
#1114=EDGE_CURVE('',#896,#897,#146,.T.);
#1115=EDGE_CURVE('',#898,#896,#494,.T.);
#1116=EDGE_CURVE('',#899,#898,#147,.T.);
#1117=EDGE_CURVE('',#900,#899,#495,.T.);
#1118=EDGE_CURVE('',#901,#900,#148,.T.);
#1119=EDGE_CURVE('',#902,#901,#496,.T.);
#1120=EDGE_CURVE('',#903,#902,#149,.T.);
#1121=EDGE_CURVE('',#897,#903,#497,.T.);
#1122=EDGE_CURVE('',#904,#892,#498,.T.);
#1123=EDGE_CURVE('',#905,#904,#499,.T.);
#1124=EDGE_CURVE('',#894,#905,#500,.T.);
#1125=EDGE_CURVE('',#906,#906,#150,.T.);
#1126=EDGE_CURVE('',#907,#907,#151,.T.);
#1127=EDGE_CURVE('',#908,#908,#152,.T.);
#1128=EDGE_CURVE('',#909,#909,#153,.T.);
#1129=EDGE_CURVE('',#910,#911,#501,.T.);
#1130=EDGE_CURVE('',#911,#912,#154,.T.);
#1131=EDGE_CURVE('',#912,#913,#502,.T.);
#1132=EDGE_CURVE('',#913,#914,#155,.T.);
#1133=EDGE_CURVE('',#914,#915,#503,.T.);
#1134=EDGE_CURVE('',#915,#916,#156,.T.);
#1135=EDGE_CURVE('',#916,#917,#504,.T.);
#1136=EDGE_CURVE('',#917,#910,#157,.T.);
#1137=EDGE_CURVE('',#918,#919,#505,.T.);
#1138=EDGE_CURVE('',#919,#920,#158,.T.);
#1139=EDGE_CURVE('',#920,#921,#506,.T.);
#1140=EDGE_CURVE('',#921,#922,#159,.T.);
#1141=EDGE_CURVE('',#922,#923,#507,.T.);
#1142=EDGE_CURVE('',#923,#924,#160,.T.);
#1143=EDGE_CURVE('',#924,#925,#508,.T.);
#1144=EDGE_CURVE('',#925,#918,#161,.T.);
#1145=EDGE_CURVE('',#926,#927,#509,.T.);
#1146=EDGE_CURVE('',#927,#928,#162,.T.);
#1147=EDGE_CURVE('',#928,#929,#510,.T.);
#1148=EDGE_CURVE('',#929,#930,#163,.T.);
#1149=EDGE_CURVE('',#930,#931,#511,.T.);
#1150=EDGE_CURVE('',#931,#932,#164,.T.);
#1151=EDGE_CURVE('',#932,#933,#512,.T.);
#1152=EDGE_CURVE('',#933,#926,#165,.T.);
#1153=EDGE_CURVE('',#934,#935,#513,.T.);
#1154=EDGE_CURVE('',#935,#936,#166,.T.);
#1155=EDGE_CURVE('',#936,#937,#514,.T.);
#1156=EDGE_CURVE('',#937,#938,#167,.T.);
#1157=EDGE_CURVE('',#938,#939,#515,.T.);
#1158=EDGE_CURVE('',#939,#940,#168,.T.);
#1159=EDGE_CURVE('',#940,#941,#516,.T.);
#1160=EDGE_CURVE('',#941,#934,#169,.T.);
#1161=EDGE_CURVE('',#942,#943,#517,.T.);
#1162=EDGE_CURVE('',#943,#944,#170,.T.);
#1163=EDGE_CURVE('',#944,#945,#518,.T.);
#1164=EDGE_CURVE('',#945,#946,#171,.T.);
#1165=EDGE_CURVE('',#946,#947,#519,.T.);
#1166=EDGE_CURVE('',#947,#948,#172,.T.);
#1167=EDGE_CURVE('',#948,#949,#520,.T.);
#1168=EDGE_CURVE('',#949,#942,#173,.T.);
#1169=EDGE_CURVE('',#950,#951,#521,.T.);
#1170=EDGE_CURVE('',#951,#952,#174,.T.);
#1171=EDGE_CURVE('',#952,#953,#522,.T.);
#1172=EDGE_CURVE('',#953,#954,#175,.T.);
#1173=EDGE_CURVE('',#954,#955,#523,.T.);
#1174=EDGE_CURVE('',#955,#956,#176,.T.);
#1175=EDGE_CURVE('',#956,#957,#524,.T.);
#1176=EDGE_CURVE('',#957,#950,#177,.T.);
#1177=EDGE_CURVE('',#958,#959,#525,.T.);
#1178=EDGE_CURVE('',#959,#960,#178,.T.);
#1179=EDGE_CURVE('',#960,#961,#526,.T.);
#1180=EDGE_CURVE('',#961,#962,#179,.T.);
#1181=EDGE_CURVE('',#962,#963,#527,.T.);
#1182=EDGE_CURVE('',#963,#964,#180,.T.);
#1183=EDGE_CURVE('',#964,#965,#528,.T.);
#1184=EDGE_CURVE('',#965,#958,#181,.T.);
#1185=EDGE_CURVE('',#966,#967,#529,.T.);
#1186=EDGE_CURVE('',#967,#968,#182,.T.);
#1187=EDGE_CURVE('',#968,#969,#530,.T.);
#1188=EDGE_CURVE('',#969,#970,#183,.T.);
#1189=EDGE_CURVE('',#970,#971,#531,.T.);
#1190=EDGE_CURVE('',#971,#972,#184,.T.);
#1191=EDGE_CURVE('',#972,#973,#532,.T.);
#1192=EDGE_CURVE('',#973,#966,#185,.T.);
#1193=EDGE_CURVE('',#974,#975,#533,.T.);
#1194=EDGE_CURVE('',#975,#976,#186,.T.);
#1195=EDGE_CURVE('',#976,#977,#534,.T.);
#1196=EDGE_CURVE('',#977,#978,#187,.T.);
#1197=EDGE_CURVE('',#978,#979,#535,.T.);
#1198=EDGE_CURVE('',#979,#980,#188,.T.);
#1199=EDGE_CURVE('',#980,#981,#536,.T.);
#1200=EDGE_CURVE('',#981,#974,#189,.T.);
#1201=EDGE_CURVE('',#982,#983,#78,.T.);
#1202=EDGE_CURVE('',#983,#984,#537,.T.);
#1203=EDGE_CURVE('',#984,#985,#79,.T.);
#1204=EDGE_CURVE('',#985,#986,#80,.T.);
#1205=EDGE_CURVE('',#986,#987,#538,.T.);
#1206=EDGE_CURVE('',#987,#988,#81,.T.);
#1207=EDGE_CURVE('',#988,#989,#82,.T.);
#1208=EDGE_CURVE('',#989,#990,#83,.T.);
#1209=EDGE_CURVE('',#990,#991,#84,.T.);
#1210=EDGE_CURVE('',#991,#992,#85,.T.);
#1211=EDGE_CURVE('',#992,#993,#86,.T.);
#1212=EDGE_CURVE('',#993,#994,#87,.T.);
#1213=EDGE_CURVE('',#994,#982,#88,.T.);
#1214=EDGE_CURVE('',#995,#893,#539,.T.);
#1215=EDGE_CURVE('',#904,#995,#540,.T.);
#1216=EDGE_CURVE('',#905,#996,#541,.T.);
#1217=EDGE_CURVE('',#895,#996,#542,.T.);
#1218=EDGE_CURVE('',#997,#998,#89,.T.);
#1219=EDGE_CURVE('',#997,#999,#543,.T.);
#1220=EDGE_CURVE('',#999,#1000,#90,.T.);
#1221=EDGE_CURVE('',#998,#1000,#544,.T.);
#1222=EDGE_CURVE('',#1001,#997,#91,.T.);
#1223=EDGE_CURVE('',#1001,#1002,#545,.T.);
#1224=EDGE_CURVE('',#1002,#999,#92,.T.);
#1225=EDGE_CURVE('',#1003,#1001,#93,.T.);
#1226=EDGE_CURVE('',#1003,#1004,#546,.T.);
#1227=EDGE_CURVE('',#1004,#1002,#94,.T.);
#1228=EDGE_CURVE('',#1005,#1003,#95,.T.);
#1229=EDGE_CURVE('',#1005,#1006,#547,.T.);
#1230=EDGE_CURVE('',#1006,#1004,#96,.T.);
#1231=EDGE_CURVE('',#1007,#1005,#97,.T.);
#1232=EDGE_CURVE('',#1007,#1008,#548,.T.);
#1233=EDGE_CURVE('',#1008,#1006,#98,.T.);
#1234=EDGE_CURVE('',#1009,#1007,#99,.T.);
#1235=EDGE_CURVE('',#1009,#1010,#549,.T.);
#1236=EDGE_CURVE('',#1010,#1008,#100,.T.);
#1237=EDGE_CURVE('',#1011,#1009,#101,.T.);
#1238=EDGE_CURVE('',#1011,#1012,#550,.T.);
#1239=EDGE_CURVE('',#1012,#1010,#102,.T.);
#1240=EDGE_CURVE('',#998,#1011,#103,.T.);
#1241=EDGE_CURVE('',#1000,#1012,#104,.T.);
#1242=EDGE_CURVE('',#982,#1013,#551,.T.);
#1243=EDGE_CURVE('',#1013,#1014,#105,.T.);
#1244=EDGE_CURVE('',#983,#1014,#552,.T.);
#1245=EDGE_CURVE('',#994,#1015,#553,.T.);
#1246=EDGE_CURVE('',#1015,#1013,#106,.T.);
#1247=EDGE_CURVE('',#993,#1016,#554,.T.);
#1248=EDGE_CURVE('',#1016,#1015,#107,.T.);
#1249=EDGE_CURVE('',#992,#1017,#555,.T.);
#1250=EDGE_CURVE('',#1017,#1016,#108,.T.);
#1251=EDGE_CURVE('',#991,#1018,#556,.T.);
#1252=EDGE_CURVE('',#1018,#1017,#109,.T.);
#1253=EDGE_CURVE('',#990,#1019,#557,.T.);
#1254=EDGE_CURVE('',#1019,#1018,#110,.T.);
#1255=EDGE_CURVE('',#989,#1020,#558,.T.);
#1256=EDGE_CURVE('',#1020,#1019,#111,.T.);
#1257=EDGE_CURVE('',#988,#1021,#559,.T.);
#1258=EDGE_CURVE('',#1021,#1020,#112,.T.);
#1259=EDGE_CURVE('',#987,#1022,#560,.T.);
#1260=EDGE_CURVE('',#1022,#1021,#113,.T.);
#1261=EDGE_CURVE('',#986,#1023,#561,.T.);
#1262=EDGE_CURVE('',#1023,#1022,#562,.T.);
#1263=EDGE_CURVE('',#985,#1024,#563,.T.);
#1264=EDGE_CURVE('',#1024,#1023,#114,.T.);
#1265=EDGE_CURVE('',#984,#1025,#564,.T.);
#1266=EDGE_CURVE('',#1025,#1024,#115,.T.);
#1267=EDGE_CURVE('',#1014,#1025,#565,.T.);
#1268=EDGE_CURVE('',#974,#1026,#566,.T.);
#1269=EDGE_CURVE('',#1027,#1026,#567,.T.);
#1270=EDGE_CURVE('',#975,#1027,#568,.T.);
#1271=EDGE_CURVE('',#981,#1028,#569,.T.);
#1272=EDGE_CURVE('',#1026,#1028,#190,.T.);
#1273=EDGE_CURVE('',#980,#1029,#570,.T.);
#1274=EDGE_CURVE('',#1028,#1029,#571,.T.);
#1275=EDGE_CURVE('',#979,#1030,#572,.T.);
#1276=EDGE_CURVE('',#1029,#1030,#191,.T.);
#1277=EDGE_CURVE('',#978,#1031,#573,.T.);
#1278=EDGE_CURVE('',#1030,#1031,#574,.T.);
#1279=EDGE_CURVE('',#977,#1032,#575,.T.);
#1280=EDGE_CURVE('',#1031,#1032,#192,.T.);
#1281=EDGE_CURVE('',#976,#1033,#576,.T.);
#1282=EDGE_CURVE('',#1032,#1033,#577,.T.);
#1283=EDGE_CURVE('',#1033,#1027,#193,.T.);
#1284=EDGE_CURVE('',#966,#1034,#578,.T.);
#1285=EDGE_CURVE('',#1035,#1034,#579,.T.);
#1286=EDGE_CURVE('',#967,#1035,#580,.T.);
#1287=EDGE_CURVE('',#973,#1036,#581,.T.);
#1288=EDGE_CURVE('',#1034,#1036,#194,.T.);
#1289=EDGE_CURVE('',#972,#1037,#582,.T.);
#1290=EDGE_CURVE('',#1036,#1037,#583,.T.);
#1291=EDGE_CURVE('',#971,#1038,#584,.T.);
#1292=EDGE_CURVE('',#1037,#1038,#195,.T.);
#1293=EDGE_CURVE('',#970,#1039,#585,.T.);
#1294=EDGE_CURVE('',#1038,#1039,#586,.T.);
#1295=EDGE_CURVE('',#969,#1040,#587,.T.);
#1296=EDGE_CURVE('',#1039,#1040,#196,.T.);
#1297=EDGE_CURVE('',#968,#1041,#588,.T.);
#1298=EDGE_CURVE('',#1040,#1041,#589,.T.);
#1299=EDGE_CURVE('',#1041,#1035,#197,.T.);
#1300=EDGE_CURVE('',#958,#1042,#590,.T.);
#1301=EDGE_CURVE('',#1043,#1042,#591,.T.);
#1302=EDGE_CURVE('',#959,#1043,#592,.T.);
#1303=EDGE_CURVE('',#965,#1044,#593,.T.);
#1304=EDGE_CURVE('',#1042,#1044,#198,.T.);
#1305=EDGE_CURVE('',#964,#1045,#594,.T.);
#1306=EDGE_CURVE('',#1044,#1045,#595,.T.);
#1307=EDGE_CURVE('',#963,#1046,#596,.T.);
#1308=EDGE_CURVE('',#1045,#1046,#199,.T.);
#1309=EDGE_CURVE('',#962,#1047,#597,.T.);
#1310=EDGE_CURVE('',#1046,#1047,#598,.T.);
#1311=EDGE_CURVE('',#961,#1048,#599,.T.);
#1312=EDGE_CURVE('',#1047,#1048,#200,.T.);
#1313=EDGE_CURVE('',#960,#1049,#600,.T.);
#1314=EDGE_CURVE('',#1048,#1049,#601,.T.);
#1315=EDGE_CURVE('',#1049,#1043,#201,.T.);
#1316=EDGE_CURVE('',#950,#1050,#602,.T.);
#1317=EDGE_CURVE('',#1051,#1050,#603,.T.);
#1318=EDGE_CURVE('',#951,#1051,#604,.T.);
#1319=EDGE_CURVE('',#957,#1052,#605,.T.);
#1320=EDGE_CURVE('',#1050,#1052,#202,.T.);
#1321=EDGE_CURVE('',#956,#1053,#606,.T.);
#1322=EDGE_CURVE('',#1052,#1053,#607,.T.);
#1323=EDGE_CURVE('',#955,#1054,#608,.T.);
#1324=EDGE_CURVE('',#1053,#1054,#203,.T.);
#1325=EDGE_CURVE('',#954,#1055,#609,.T.);
#1326=EDGE_CURVE('',#1054,#1055,#610,.T.);
#1327=EDGE_CURVE('',#953,#1056,#611,.T.);
#1328=EDGE_CURVE('',#1055,#1056,#204,.T.);
#1329=EDGE_CURVE('',#952,#1057,#612,.T.);
#1330=EDGE_CURVE('',#1056,#1057,#613,.T.);
#1331=EDGE_CURVE('',#1057,#1051,#205,.T.);
#1332=EDGE_CURVE('',#942,#1058,#614,.T.);
#1333=EDGE_CURVE('',#1059,#1058,#615,.T.);
#1334=EDGE_CURVE('',#943,#1059,#616,.T.);
#1335=EDGE_CURVE('',#949,#1060,#617,.T.);
#1336=EDGE_CURVE('',#1058,#1060,#206,.T.);
#1337=EDGE_CURVE('',#948,#1061,#618,.T.);
#1338=EDGE_CURVE('',#1060,#1061,#619,.T.);
#1339=EDGE_CURVE('',#947,#1062,#620,.T.);
#1340=EDGE_CURVE('',#1061,#1062,#207,.T.);
#1341=EDGE_CURVE('',#946,#1063,#621,.T.);
#1342=EDGE_CURVE('',#1062,#1063,#622,.T.);
#1343=EDGE_CURVE('',#945,#1064,#623,.T.);
#1344=EDGE_CURVE('',#1063,#1064,#208,.T.);
#1345=EDGE_CURVE('',#944,#1065,#624,.T.);
#1346=EDGE_CURVE('',#1064,#1065,#625,.T.);
#1347=EDGE_CURVE('',#1065,#1059,#209,.T.);
#1348=EDGE_CURVE('',#934,#1066,#626,.T.);
#1349=EDGE_CURVE('',#1067,#1066,#627,.T.);
#1350=EDGE_CURVE('',#935,#1067,#628,.T.);
#1351=EDGE_CURVE('',#941,#1068,#629,.T.);
#1352=EDGE_CURVE('',#1066,#1068,#210,.T.);
#1353=EDGE_CURVE('',#940,#1069,#630,.T.);
#1354=EDGE_CURVE('',#1068,#1069,#631,.T.);
#1355=EDGE_CURVE('',#939,#1070,#632,.T.);
#1356=EDGE_CURVE('',#1069,#1070,#211,.T.);
#1357=EDGE_CURVE('',#938,#1071,#633,.T.);
#1358=EDGE_CURVE('',#1070,#1071,#634,.T.);
#1359=EDGE_CURVE('',#937,#1072,#635,.T.);
#1360=EDGE_CURVE('',#1071,#1072,#212,.T.);
#1361=EDGE_CURVE('',#936,#1073,#636,.T.);
#1362=EDGE_CURVE('',#1072,#1073,#637,.T.);
#1363=EDGE_CURVE('',#1073,#1067,#213,.T.);
#1364=EDGE_CURVE('',#926,#1074,#638,.T.);
#1365=EDGE_CURVE('',#1075,#1074,#639,.T.);
#1366=EDGE_CURVE('',#927,#1075,#640,.T.);
#1367=EDGE_CURVE('',#933,#1076,#641,.T.);
#1368=EDGE_CURVE('',#1074,#1076,#214,.T.);
#1369=EDGE_CURVE('',#932,#1077,#642,.T.);
#1370=EDGE_CURVE('',#1076,#1077,#643,.T.);
#1371=EDGE_CURVE('',#931,#1078,#644,.T.);
#1372=EDGE_CURVE('',#1077,#1078,#215,.T.);
#1373=EDGE_CURVE('',#930,#1079,#645,.T.);
#1374=EDGE_CURVE('',#1078,#1079,#646,.T.);
#1375=EDGE_CURVE('',#929,#1080,#647,.T.);
#1376=EDGE_CURVE('',#1079,#1080,#216,.T.);
#1377=EDGE_CURVE('',#928,#1081,#648,.T.);
#1378=EDGE_CURVE('',#1080,#1081,#649,.T.);
#1379=EDGE_CURVE('',#1081,#1075,#217,.T.);
#1380=EDGE_CURVE('',#918,#1082,#650,.T.);
#1381=EDGE_CURVE('',#1083,#1082,#651,.T.);
#1382=EDGE_CURVE('',#919,#1083,#652,.T.);
#1383=EDGE_CURVE('',#925,#1084,#653,.T.);
#1384=EDGE_CURVE('',#1082,#1084,#218,.T.);
#1385=EDGE_CURVE('',#924,#1085,#654,.T.);
#1386=EDGE_CURVE('',#1084,#1085,#655,.T.);
#1387=EDGE_CURVE('',#923,#1086,#656,.T.);
#1388=EDGE_CURVE('',#1085,#1086,#219,.T.);
#1389=EDGE_CURVE('',#922,#1087,#657,.T.);
#1390=EDGE_CURVE('',#1086,#1087,#658,.T.);
#1391=EDGE_CURVE('',#921,#1088,#659,.T.);
#1392=EDGE_CURVE('',#1087,#1088,#220,.T.);
#1393=EDGE_CURVE('',#920,#1089,#660,.T.);
#1394=EDGE_CURVE('',#1088,#1089,#661,.T.);
#1395=EDGE_CURVE('',#1089,#1083,#221,.T.);
#1396=EDGE_CURVE('',#910,#1090,#662,.T.);
#1397=EDGE_CURVE('',#1091,#1090,#663,.T.);
#1398=EDGE_CURVE('',#911,#1091,#664,.T.);
#1399=EDGE_CURVE('',#917,#1092,#665,.T.);
#1400=EDGE_CURVE('',#1090,#1092,#222,.T.);
#1401=EDGE_CURVE('',#916,#1093,#666,.T.);
#1402=EDGE_CURVE('',#1092,#1093,#667,.T.);
#1403=EDGE_CURVE('',#915,#1094,#668,.T.);
#1404=EDGE_CURVE('',#1093,#1094,#223,.T.);
#1405=EDGE_CURVE('',#914,#1095,#669,.T.);
#1406=EDGE_CURVE('',#1094,#1095,#670,.T.);
#1407=EDGE_CURVE('',#913,#1096,#671,.T.);
#1408=EDGE_CURVE('',#1095,#1096,#224,.T.);
#1409=EDGE_CURVE('',#912,#1097,#672,.T.);
#1410=EDGE_CURVE('',#1096,#1097,#673,.T.);
#1411=EDGE_CURVE('',#1097,#1091,#225,.T.);
#1412=EDGE_CURVE('',#996,#995,#674,.T.);
#1413=EDGE_CURVE('',#1098,#1098,#226,.T.);
#1414=EDGE_CURVE('',#1098,#906,#675,.T.);
#1415=EDGE_CURVE('',#1099,#1099,#227,.T.);
#1416=EDGE_CURVE('',#1099,#907,#676,.T.);
#1417=EDGE_CURVE('',#1100,#1100,#228,.T.);
#1418=EDGE_CURVE('',#1100,#908,#677,.T.);
#1419=EDGE_CURVE('',#1101,#1101,#229,.T.);
#1420=EDGE_CURVE('',#1101,#909,#678,.T.);
#1421=EDGE_CURVE('',#896,#1102,#679,.T.);
#1422=EDGE_CURVE('',#1103,#1102,#680,.T.);
#1423=EDGE_CURVE('',#898,#1103,#681,.T.);
#1424=EDGE_CURVE('',#1104,#1103,#230,.T.);
#1425=EDGE_CURVE('',#899,#1104,#682,.T.);
#1426=EDGE_CURVE('',#1105,#1104,#683,.T.);
#1427=EDGE_CURVE('',#900,#1105,#684,.T.);
#1428=EDGE_CURVE('',#1106,#1105,#231,.T.);
#1429=EDGE_CURVE('',#901,#1106,#685,.T.);
#1430=EDGE_CURVE('',#1107,#1106,#686,.T.);
#1431=EDGE_CURVE('',#902,#1107,#687,.T.);
#1432=EDGE_CURVE('',#1108,#1107,#232,.T.);
#1433=EDGE_CURVE('',#903,#1108,#688,.T.);
#1434=EDGE_CURVE('',#1109,#1108,#689,.T.);
#1435=EDGE_CURVE('',#897,#1109,#690,.T.);
#1436=EDGE_CURVE('',#1102,#1109,#233,.T.);
#1437=ORIENTED_EDGE('',*,*,#1110,.F.);
#1438=ORIENTED_EDGE('',*,*,#1111,.F.);
#1439=ORIENTED_EDGE('',*,*,#1112,.F.);
#1440=ORIENTED_EDGE('',*,*,#1113,.F.);
#1441=ORIENTED_EDGE('',*,*,#1114,.F.);
#1442=ORIENTED_EDGE('',*,*,#1115,.F.);
#1443=ORIENTED_EDGE('',*,*,#1116,.F.);
#1444=ORIENTED_EDGE('',*,*,#1117,.F.);
#1445=ORIENTED_EDGE('',*,*,#1118,.F.);
#1446=ORIENTED_EDGE('',*,*,#1119,.F.);
#1447=ORIENTED_EDGE('',*,*,#1120,.F.);
#1448=ORIENTED_EDGE('',*,*,#1121,.F.);
#1449=ORIENTED_EDGE('',*,*,#1122,.F.);
#1450=ORIENTED_EDGE('',*,*,#1123,.F.);
#1451=ORIENTED_EDGE('',*,*,#1124,.F.);
#1452=ORIENTED_EDGE('',*,*,#1111,.T.);
#1453=ORIENTED_EDGE('',*,*,#1125,.T.);
#1454=ORIENTED_EDGE('',*,*,#1126,.T.);
#1455=ORIENTED_EDGE('',*,*,#1127,.T.);
#1456=ORIENTED_EDGE('',*,*,#1128,.T.);
#1457=ORIENTED_EDGE('',*,*,#1129,.T.);
#1458=ORIENTED_EDGE('',*,*,#1130,.T.);
#1459=ORIENTED_EDGE('',*,*,#1131,.T.);
#1460=ORIENTED_EDGE('',*,*,#1132,.T.);
#1461=ORIENTED_EDGE('',*,*,#1133,.T.);
#1462=ORIENTED_EDGE('',*,*,#1134,.T.);
#1463=ORIENTED_EDGE('',*,*,#1135,.T.);
#1464=ORIENTED_EDGE('',*,*,#1136,.T.);
#1465=ORIENTED_EDGE('',*,*,#1137,.T.);
#1466=ORIENTED_EDGE('',*,*,#1138,.T.);
#1467=ORIENTED_EDGE('',*,*,#1139,.T.);
#1468=ORIENTED_EDGE('',*,*,#1140,.T.);
#1469=ORIENTED_EDGE('',*,*,#1141,.T.);
#1470=ORIENTED_EDGE('',*,*,#1142,.T.);
#1471=ORIENTED_EDGE('',*,*,#1143,.T.);
#1472=ORIENTED_EDGE('',*,*,#1144,.T.);
#1473=ORIENTED_EDGE('',*,*,#1145,.T.);
#1474=ORIENTED_EDGE('',*,*,#1146,.T.);
#1475=ORIENTED_EDGE('',*,*,#1147,.T.);
#1476=ORIENTED_EDGE('',*,*,#1148,.T.);
#1477=ORIENTED_EDGE('',*,*,#1149,.T.);
#1478=ORIENTED_EDGE('',*,*,#1150,.T.);
#1479=ORIENTED_EDGE('',*,*,#1151,.T.);
#1480=ORIENTED_EDGE('',*,*,#1152,.T.);
#1481=ORIENTED_EDGE('',*,*,#1153,.T.);
#1482=ORIENTED_EDGE('',*,*,#1154,.T.);
#1483=ORIENTED_EDGE('',*,*,#1155,.T.);
#1484=ORIENTED_EDGE('',*,*,#1156,.T.);
#1485=ORIENTED_EDGE('',*,*,#1157,.T.);
#1486=ORIENTED_EDGE('',*,*,#1158,.T.);
#1487=ORIENTED_EDGE('',*,*,#1159,.T.);
#1488=ORIENTED_EDGE('',*,*,#1160,.T.);
#1489=ORIENTED_EDGE('',*,*,#1161,.T.);
#1490=ORIENTED_EDGE('',*,*,#1162,.T.);
#1491=ORIENTED_EDGE('',*,*,#1163,.T.);
#1492=ORIENTED_EDGE('',*,*,#1164,.T.);
#1493=ORIENTED_EDGE('',*,*,#1165,.T.);
#1494=ORIENTED_EDGE('',*,*,#1166,.T.);
#1495=ORIENTED_EDGE('',*,*,#1167,.T.);
#1496=ORIENTED_EDGE('',*,*,#1168,.T.);
#1497=ORIENTED_EDGE('',*,*,#1169,.T.);
#1498=ORIENTED_EDGE('',*,*,#1170,.T.);
#1499=ORIENTED_EDGE('',*,*,#1171,.T.);
#1500=ORIENTED_EDGE('',*,*,#1172,.T.);
#1501=ORIENTED_EDGE('',*,*,#1173,.T.);
#1502=ORIENTED_EDGE('',*,*,#1174,.T.);
#1503=ORIENTED_EDGE('',*,*,#1175,.T.);
#1504=ORIENTED_EDGE('',*,*,#1176,.T.);
#1505=ORIENTED_EDGE('',*,*,#1177,.T.);
#1506=ORIENTED_EDGE('',*,*,#1178,.T.);
#1507=ORIENTED_EDGE('',*,*,#1179,.T.);
#1508=ORIENTED_EDGE('',*,*,#1180,.T.);
#1509=ORIENTED_EDGE('',*,*,#1181,.T.);
#1510=ORIENTED_EDGE('',*,*,#1182,.T.);
#1511=ORIENTED_EDGE('',*,*,#1183,.T.);
#1512=ORIENTED_EDGE('',*,*,#1184,.T.);
#1513=ORIENTED_EDGE('',*,*,#1185,.T.);
#1514=ORIENTED_EDGE('',*,*,#1186,.T.);
#1515=ORIENTED_EDGE('',*,*,#1187,.T.);
#1516=ORIENTED_EDGE('',*,*,#1188,.T.);
#1517=ORIENTED_EDGE('',*,*,#1189,.T.);
#1518=ORIENTED_EDGE('',*,*,#1190,.T.);
#1519=ORIENTED_EDGE('',*,*,#1191,.T.);
#1520=ORIENTED_EDGE('',*,*,#1192,.T.);
#1521=ORIENTED_EDGE('',*,*,#1193,.T.);
#1522=ORIENTED_EDGE('',*,*,#1194,.T.);
#1523=ORIENTED_EDGE('',*,*,#1195,.T.);
#1524=ORIENTED_EDGE('',*,*,#1196,.T.);
#1525=ORIENTED_EDGE('',*,*,#1197,.T.);
#1526=ORIENTED_EDGE('',*,*,#1198,.T.);
#1527=ORIENTED_EDGE('',*,*,#1199,.T.);
#1528=ORIENTED_EDGE('',*,*,#1200,.T.);
#1529=ORIENTED_EDGE('',*,*,#1201,.T.);
#1530=ORIENTED_EDGE('',*,*,#1202,.T.);
#1531=ORIENTED_EDGE('',*,*,#1203,.T.);
#1532=ORIENTED_EDGE('',*,*,#1204,.T.);
#1533=ORIENTED_EDGE('',*,*,#1205,.T.);
#1534=ORIENTED_EDGE('',*,*,#1206,.T.);
#1535=ORIENTED_EDGE('',*,*,#1207,.T.);
#1536=ORIENTED_EDGE('',*,*,#1208,.T.);
#1537=ORIENTED_EDGE('',*,*,#1209,.T.);
#1538=ORIENTED_EDGE('',*,*,#1210,.T.);
#1539=ORIENTED_EDGE('',*,*,#1211,.T.);
#1540=ORIENTED_EDGE('',*,*,#1212,.T.);
#1541=ORIENTED_EDGE('',*,*,#1213,.T.);
#1542=ORIENTED_EDGE('',*,*,#1110,.T.);
#1543=ORIENTED_EDGE('',*,*,#1214,.F.);
#1544=ORIENTED_EDGE('',*,*,#1215,.F.);
#1545=ORIENTED_EDGE('',*,*,#1122,.T.);
#1546=ORIENTED_EDGE('',*,*,#1112,.T.);
#1547=ORIENTED_EDGE('',*,*,#1124,.T.);
#1548=ORIENTED_EDGE('',*,*,#1216,.T.);
#1549=ORIENTED_EDGE('',*,*,#1217,.F.);
#1550=ORIENTED_EDGE('',*,*,#1218,.F.);
#1551=ORIENTED_EDGE('',*,*,#1219,.T.);
#1552=ORIENTED_EDGE('',*,*,#1220,.T.);
#1553=ORIENTED_EDGE('',*,*,#1221,.F.);
#1554=ORIENTED_EDGE('',*,*,#1222,.F.);
#1555=ORIENTED_EDGE('',*,*,#1223,.T.);
#1556=ORIENTED_EDGE('',*,*,#1224,.T.);
#1557=ORIENTED_EDGE('',*,*,#1219,.F.);
#1558=ORIENTED_EDGE('',*,*,#1225,.F.);
#1559=ORIENTED_EDGE('',*,*,#1226,.T.);
#1560=ORIENTED_EDGE('',*,*,#1227,.T.);
#1561=ORIENTED_EDGE('',*,*,#1223,.F.);
#1562=ORIENTED_EDGE('',*,*,#1228,.F.);
#1563=ORIENTED_EDGE('',*,*,#1229,.T.);
#1564=ORIENTED_EDGE('',*,*,#1230,.T.);
#1565=ORIENTED_EDGE('',*,*,#1226,.F.);
#1566=ORIENTED_EDGE('',*,*,#1231,.F.);
#1567=ORIENTED_EDGE('',*,*,#1232,.T.);
#1568=ORIENTED_EDGE('',*,*,#1233,.T.);
#1569=ORIENTED_EDGE('',*,*,#1229,.F.);
#1570=ORIENTED_EDGE('',*,*,#1234,.F.);
#1571=ORIENTED_EDGE('',*,*,#1235,.T.);
#1572=ORIENTED_EDGE('',*,*,#1236,.T.);
#1573=ORIENTED_EDGE('',*,*,#1232,.F.);
#1574=ORIENTED_EDGE('',*,*,#1237,.F.);
#1575=ORIENTED_EDGE('',*,*,#1238,.T.);
#1576=ORIENTED_EDGE('',*,*,#1239,.T.);
#1577=ORIENTED_EDGE('',*,*,#1235,.F.);
#1578=ORIENTED_EDGE('',*,*,#1240,.F.);
#1579=ORIENTED_EDGE('',*,*,#1221,.T.);
#1580=ORIENTED_EDGE('',*,*,#1241,.T.);
#1581=ORIENTED_EDGE('',*,*,#1238,.F.);
#1582=ORIENTED_EDGE('',*,*,#1201,.F.);
#1583=ORIENTED_EDGE('',*,*,#1242,.T.);
#1584=ORIENTED_EDGE('',*,*,#1243,.T.);
#1585=ORIENTED_EDGE('',*,*,#1244,.F.);
#1586=ORIENTED_EDGE('',*,*,#1213,.F.);
#1587=ORIENTED_EDGE('',*,*,#1245,.T.);
#1588=ORIENTED_EDGE('',*,*,#1246,.T.);
#1589=ORIENTED_EDGE('',*,*,#1242,.F.);
#1590=ORIENTED_EDGE('',*,*,#1212,.F.);
#1591=ORIENTED_EDGE('',*,*,#1247,.T.);
#1592=ORIENTED_EDGE('',*,*,#1248,.T.);
#1593=ORIENTED_EDGE('',*,*,#1245,.F.);
#1594=ORIENTED_EDGE('',*,*,#1211,.F.);
#1595=ORIENTED_EDGE('',*,*,#1249,.T.);
#1596=ORIENTED_EDGE('',*,*,#1250,.T.);
#1597=ORIENTED_EDGE('',*,*,#1247,.F.);
#1598=ORIENTED_EDGE('',*,*,#1210,.F.);
#1599=ORIENTED_EDGE('',*,*,#1251,.T.);
#1600=ORIENTED_EDGE('',*,*,#1252,.T.);
#1601=ORIENTED_EDGE('',*,*,#1249,.F.);
#1602=ORIENTED_EDGE('',*,*,#1209,.F.);
#1603=ORIENTED_EDGE('',*,*,#1253,.T.);
#1604=ORIENTED_EDGE('',*,*,#1254,.T.);
#1605=ORIENTED_EDGE('',*,*,#1251,.F.);
#1606=ORIENTED_EDGE('',*,*,#1208,.F.);
#1607=ORIENTED_EDGE('',*,*,#1255,.T.);
#1608=ORIENTED_EDGE('',*,*,#1256,.T.);
#1609=ORIENTED_EDGE('',*,*,#1253,.F.);
#1610=ORIENTED_EDGE('',*,*,#1207,.F.);
#1611=ORIENTED_EDGE('',*,*,#1257,.T.);
#1612=ORIENTED_EDGE('',*,*,#1258,.T.);
#1613=ORIENTED_EDGE('',*,*,#1255,.F.);
#1614=ORIENTED_EDGE('',*,*,#1206,.F.);
#1615=ORIENTED_EDGE('',*,*,#1259,.T.);
#1616=ORIENTED_EDGE('',*,*,#1260,.T.);
#1617=ORIENTED_EDGE('',*,*,#1257,.F.);
#1618=ORIENTED_EDGE('',*,*,#1205,.F.);
#1619=ORIENTED_EDGE('',*,*,#1261,.T.);
#1620=ORIENTED_EDGE('',*,*,#1262,.T.);
#1621=ORIENTED_EDGE('',*,*,#1259,.F.);
#1622=ORIENTED_EDGE('',*,*,#1204,.F.);
#1623=ORIENTED_EDGE('',*,*,#1263,.T.);
#1624=ORIENTED_EDGE('',*,*,#1264,.T.);
#1625=ORIENTED_EDGE('',*,*,#1261,.F.);
#1626=ORIENTED_EDGE('',*,*,#1203,.F.);
#1627=ORIENTED_EDGE('',*,*,#1265,.T.);
#1628=ORIENTED_EDGE('',*,*,#1266,.T.);
#1629=ORIENTED_EDGE('',*,*,#1263,.F.);
#1630=ORIENTED_EDGE('',*,*,#1202,.F.);
#1631=ORIENTED_EDGE('',*,*,#1244,.T.);
#1632=ORIENTED_EDGE('',*,*,#1267,.T.);
#1633=ORIENTED_EDGE('',*,*,#1265,.F.);
#1634=ORIENTED_EDGE('',*,*,#1267,.F.);
#1635=ORIENTED_EDGE('',*,*,#1243,.F.);
#1636=ORIENTED_EDGE('',*,*,#1246,.F.);
#1637=ORIENTED_EDGE('',*,*,#1248,.F.);
#1638=ORIENTED_EDGE('',*,*,#1250,.F.);
#1639=ORIENTED_EDGE('',*,*,#1252,.F.);
#1640=ORIENTED_EDGE('',*,*,#1254,.F.);
#1641=ORIENTED_EDGE('',*,*,#1256,.F.);
#1642=ORIENTED_EDGE('',*,*,#1258,.F.);
#1643=ORIENTED_EDGE('',*,*,#1260,.F.);
#1644=ORIENTED_EDGE('',*,*,#1262,.F.);
#1645=ORIENTED_EDGE('',*,*,#1264,.F.);
#1646=ORIENTED_EDGE('',*,*,#1266,.F.);
#1647=ORIENTED_EDGE('',*,*,#1241,.F.);
#1648=ORIENTED_EDGE('',*,*,#1220,.F.);
#1649=ORIENTED_EDGE('',*,*,#1224,.F.);
#1650=ORIENTED_EDGE('',*,*,#1227,.F.);
#1651=ORIENTED_EDGE('',*,*,#1230,.F.);
#1652=ORIENTED_EDGE('',*,*,#1233,.F.);
#1653=ORIENTED_EDGE('',*,*,#1236,.F.);
#1654=ORIENTED_EDGE('',*,*,#1239,.F.);
#1655=ORIENTED_EDGE('',*,*,#1218,.T.);
#1656=ORIENTED_EDGE('',*,*,#1240,.T.);
#1657=ORIENTED_EDGE('',*,*,#1237,.T.);
#1658=ORIENTED_EDGE('',*,*,#1234,.T.);
#1659=ORIENTED_EDGE('',*,*,#1231,.T.);
#1660=ORIENTED_EDGE('',*,*,#1228,.T.);
#1661=ORIENTED_EDGE('',*,*,#1225,.T.);
#1662=ORIENTED_EDGE('',*,*,#1222,.T.);
#1663=ORIENTED_EDGE('',*,*,#1193,.F.);
#1664=ORIENTED_EDGE('',*,*,#1268,.T.);
#1665=ORIENTED_EDGE('',*,*,#1269,.F.);
#1666=ORIENTED_EDGE('',*,*,#1270,.F.);
#1667=ORIENTED_EDGE('',*,*,#1200,.F.);
#1668=ORIENTED_EDGE('',*,*,#1271,.T.);
#1669=ORIENTED_EDGE('',*,*,#1272,.F.);
#1670=ORIENTED_EDGE('',*,*,#1268,.F.);
#1671=ORIENTED_EDGE('',*,*,#1199,.F.);
#1672=ORIENTED_EDGE('',*,*,#1273,.T.);
#1673=ORIENTED_EDGE('',*,*,#1274,.F.);
#1674=ORIENTED_EDGE('',*,*,#1271,.F.);
#1675=ORIENTED_EDGE('',*,*,#1198,.F.);
#1676=ORIENTED_EDGE('',*,*,#1275,.T.);
#1677=ORIENTED_EDGE('',*,*,#1276,.F.);
#1678=ORIENTED_EDGE('',*,*,#1273,.F.);
#1679=ORIENTED_EDGE('',*,*,#1197,.F.);
#1680=ORIENTED_EDGE('',*,*,#1277,.T.);
#1681=ORIENTED_EDGE('',*,*,#1278,.F.);
#1682=ORIENTED_EDGE('',*,*,#1275,.F.);
#1683=ORIENTED_EDGE('',*,*,#1196,.F.);
#1684=ORIENTED_EDGE('',*,*,#1279,.T.);
#1685=ORIENTED_EDGE('',*,*,#1280,.F.);
#1686=ORIENTED_EDGE('',*,*,#1277,.F.);
#1687=ORIENTED_EDGE('',*,*,#1195,.F.);
#1688=ORIENTED_EDGE('',*,*,#1281,.T.);
#1689=ORIENTED_EDGE('',*,*,#1282,.F.);
#1690=ORIENTED_EDGE('',*,*,#1279,.F.);
#1691=ORIENTED_EDGE('',*,*,#1194,.F.);
#1692=ORIENTED_EDGE('',*,*,#1270,.T.);
#1693=ORIENTED_EDGE('',*,*,#1283,.F.);
#1694=ORIENTED_EDGE('',*,*,#1281,.F.);
#1695=ORIENTED_EDGE('',*,*,#1185,.F.);
#1696=ORIENTED_EDGE('',*,*,#1284,.T.);
#1697=ORIENTED_EDGE('',*,*,#1285,.F.);
#1698=ORIENTED_EDGE('',*,*,#1286,.F.);
#1699=ORIENTED_EDGE('',*,*,#1192,.F.);
#1700=ORIENTED_EDGE('',*,*,#1287,.T.);
#1701=ORIENTED_EDGE('',*,*,#1288,.F.);
#1702=ORIENTED_EDGE('',*,*,#1284,.F.);
#1703=ORIENTED_EDGE('',*,*,#1191,.F.);
#1704=ORIENTED_EDGE('',*,*,#1289,.T.);
#1705=ORIENTED_EDGE('',*,*,#1290,.F.);
#1706=ORIENTED_EDGE('',*,*,#1287,.F.);
#1707=ORIENTED_EDGE('',*,*,#1190,.F.);
#1708=ORIENTED_EDGE('',*,*,#1291,.T.);
#1709=ORIENTED_EDGE('',*,*,#1292,.F.);
#1710=ORIENTED_EDGE('',*,*,#1289,.F.);
#1711=ORIENTED_EDGE('',*,*,#1189,.F.);
#1712=ORIENTED_EDGE('',*,*,#1293,.T.);
#1713=ORIENTED_EDGE('',*,*,#1294,.F.);
#1714=ORIENTED_EDGE('',*,*,#1291,.F.);
#1715=ORIENTED_EDGE('',*,*,#1188,.F.);
#1716=ORIENTED_EDGE('',*,*,#1295,.T.);
#1717=ORIENTED_EDGE('',*,*,#1296,.F.);
#1718=ORIENTED_EDGE('',*,*,#1293,.F.);
#1719=ORIENTED_EDGE('',*,*,#1187,.F.);
#1720=ORIENTED_EDGE('',*,*,#1297,.T.);
#1721=ORIENTED_EDGE('',*,*,#1298,.F.);
#1722=ORIENTED_EDGE('',*,*,#1295,.F.);
#1723=ORIENTED_EDGE('',*,*,#1186,.F.);
#1724=ORIENTED_EDGE('',*,*,#1286,.T.);
#1725=ORIENTED_EDGE('',*,*,#1299,.F.);
#1726=ORIENTED_EDGE('',*,*,#1297,.F.);
#1727=ORIENTED_EDGE('',*,*,#1177,.F.);
#1728=ORIENTED_EDGE('',*,*,#1300,.T.);
#1729=ORIENTED_EDGE('',*,*,#1301,.F.);
#1730=ORIENTED_EDGE('',*,*,#1302,.F.);
#1731=ORIENTED_EDGE('',*,*,#1184,.F.);
#1732=ORIENTED_EDGE('',*,*,#1303,.T.);
#1733=ORIENTED_EDGE('',*,*,#1304,.F.);
#1734=ORIENTED_EDGE('',*,*,#1300,.F.);
#1735=ORIENTED_EDGE('',*,*,#1183,.F.);
#1736=ORIENTED_EDGE('',*,*,#1305,.T.);
#1737=ORIENTED_EDGE('',*,*,#1306,.F.);
#1738=ORIENTED_EDGE('',*,*,#1303,.F.);
#1739=ORIENTED_EDGE('',*,*,#1182,.F.);
#1740=ORIENTED_EDGE('',*,*,#1307,.T.);
#1741=ORIENTED_EDGE('',*,*,#1308,.F.);
#1742=ORIENTED_EDGE('',*,*,#1305,.F.);
#1743=ORIENTED_EDGE('',*,*,#1181,.F.);
#1744=ORIENTED_EDGE('',*,*,#1309,.T.);
#1745=ORIENTED_EDGE('',*,*,#1310,.F.);
#1746=ORIENTED_EDGE('',*,*,#1307,.F.);
#1747=ORIENTED_EDGE('',*,*,#1180,.F.);
#1748=ORIENTED_EDGE('',*,*,#1311,.T.);
#1749=ORIENTED_EDGE('',*,*,#1312,.F.);
#1750=ORIENTED_EDGE('',*,*,#1309,.F.);
#1751=ORIENTED_EDGE('',*,*,#1179,.F.);
#1752=ORIENTED_EDGE('',*,*,#1313,.T.);
#1753=ORIENTED_EDGE('',*,*,#1314,.F.);
#1754=ORIENTED_EDGE('',*,*,#1311,.F.);
#1755=ORIENTED_EDGE('',*,*,#1178,.F.);
#1756=ORIENTED_EDGE('',*,*,#1302,.T.);
#1757=ORIENTED_EDGE('',*,*,#1315,.F.);
#1758=ORIENTED_EDGE('',*,*,#1313,.F.);
#1759=ORIENTED_EDGE('',*,*,#1169,.F.);
#1760=ORIENTED_EDGE('',*,*,#1316,.T.);
#1761=ORIENTED_EDGE('',*,*,#1317,.F.);
#1762=ORIENTED_EDGE('',*,*,#1318,.F.);
#1763=ORIENTED_EDGE('',*,*,#1176,.F.);
#1764=ORIENTED_EDGE('',*,*,#1319,.T.);
#1765=ORIENTED_EDGE('',*,*,#1320,.F.);
#1766=ORIENTED_EDGE('',*,*,#1316,.F.);
#1767=ORIENTED_EDGE('',*,*,#1175,.F.);
#1768=ORIENTED_EDGE('',*,*,#1321,.T.);
#1769=ORIENTED_EDGE('',*,*,#1322,.F.);
#1770=ORIENTED_EDGE('',*,*,#1319,.F.);
#1771=ORIENTED_EDGE('',*,*,#1174,.F.);
#1772=ORIENTED_EDGE('',*,*,#1323,.T.);
#1773=ORIENTED_EDGE('',*,*,#1324,.F.);
#1774=ORIENTED_EDGE('',*,*,#1321,.F.);
#1775=ORIENTED_EDGE('',*,*,#1173,.F.);
#1776=ORIENTED_EDGE('',*,*,#1325,.T.);
#1777=ORIENTED_EDGE('',*,*,#1326,.F.);
#1778=ORIENTED_EDGE('',*,*,#1323,.F.);
#1779=ORIENTED_EDGE('',*,*,#1172,.F.);
#1780=ORIENTED_EDGE('',*,*,#1327,.T.);
#1781=ORIENTED_EDGE('',*,*,#1328,.F.);
#1782=ORIENTED_EDGE('',*,*,#1325,.F.);
#1783=ORIENTED_EDGE('',*,*,#1171,.F.);
#1784=ORIENTED_EDGE('',*,*,#1329,.T.);
#1785=ORIENTED_EDGE('',*,*,#1330,.F.);
#1786=ORIENTED_EDGE('',*,*,#1327,.F.);
#1787=ORIENTED_EDGE('',*,*,#1170,.F.);
#1788=ORIENTED_EDGE('',*,*,#1318,.T.);
#1789=ORIENTED_EDGE('',*,*,#1331,.F.);
#1790=ORIENTED_EDGE('',*,*,#1329,.F.);
#1791=ORIENTED_EDGE('',*,*,#1161,.F.);
#1792=ORIENTED_EDGE('',*,*,#1332,.T.);
#1793=ORIENTED_EDGE('',*,*,#1333,.F.);
#1794=ORIENTED_EDGE('',*,*,#1334,.F.);
#1795=ORIENTED_EDGE('',*,*,#1168,.F.);
#1796=ORIENTED_EDGE('',*,*,#1335,.T.);
#1797=ORIENTED_EDGE('',*,*,#1336,.F.);
#1798=ORIENTED_EDGE('',*,*,#1332,.F.);
#1799=ORIENTED_EDGE('',*,*,#1167,.F.);
#1800=ORIENTED_EDGE('',*,*,#1337,.T.);
#1801=ORIENTED_EDGE('',*,*,#1338,.F.);
#1802=ORIENTED_EDGE('',*,*,#1335,.F.);
#1803=ORIENTED_EDGE('',*,*,#1166,.F.);
#1804=ORIENTED_EDGE('',*,*,#1339,.T.);
#1805=ORIENTED_EDGE('',*,*,#1340,.F.);
#1806=ORIENTED_EDGE('',*,*,#1337,.F.);
#1807=ORIENTED_EDGE('',*,*,#1165,.F.);
#1808=ORIENTED_EDGE('',*,*,#1341,.T.);
#1809=ORIENTED_EDGE('',*,*,#1342,.F.);
#1810=ORIENTED_EDGE('',*,*,#1339,.F.);
#1811=ORIENTED_EDGE('',*,*,#1164,.F.);
#1812=ORIENTED_EDGE('',*,*,#1343,.T.);
#1813=ORIENTED_EDGE('',*,*,#1344,.F.);
#1814=ORIENTED_EDGE('',*,*,#1341,.F.);
#1815=ORIENTED_EDGE('',*,*,#1163,.F.);
#1816=ORIENTED_EDGE('',*,*,#1345,.T.);
#1817=ORIENTED_EDGE('',*,*,#1346,.F.);
#1818=ORIENTED_EDGE('',*,*,#1343,.F.);
#1819=ORIENTED_EDGE('',*,*,#1162,.F.);
#1820=ORIENTED_EDGE('',*,*,#1334,.T.);
#1821=ORIENTED_EDGE('',*,*,#1347,.F.);
#1822=ORIENTED_EDGE('',*,*,#1345,.F.);
#1823=ORIENTED_EDGE('',*,*,#1153,.F.);
#1824=ORIENTED_EDGE('',*,*,#1348,.T.);
#1825=ORIENTED_EDGE('',*,*,#1349,.F.);
#1826=ORIENTED_EDGE('',*,*,#1350,.F.);
#1827=ORIENTED_EDGE('',*,*,#1160,.F.);
#1828=ORIENTED_EDGE('',*,*,#1351,.T.);
#1829=ORIENTED_EDGE('',*,*,#1352,.F.);
#1830=ORIENTED_EDGE('',*,*,#1348,.F.);
#1831=ORIENTED_EDGE('',*,*,#1159,.F.);
#1832=ORIENTED_EDGE('',*,*,#1353,.T.);
#1833=ORIENTED_EDGE('',*,*,#1354,.F.);
#1834=ORIENTED_EDGE('',*,*,#1351,.F.);
#1835=ORIENTED_EDGE('',*,*,#1158,.F.);
#1836=ORIENTED_EDGE('',*,*,#1355,.T.);
#1837=ORIENTED_EDGE('',*,*,#1356,.F.);
#1838=ORIENTED_EDGE('',*,*,#1353,.F.);
#1839=ORIENTED_EDGE('',*,*,#1157,.F.);
#1840=ORIENTED_EDGE('',*,*,#1357,.T.);
#1841=ORIENTED_EDGE('',*,*,#1358,.F.);
#1842=ORIENTED_EDGE('',*,*,#1355,.F.);
#1843=ORIENTED_EDGE('',*,*,#1156,.F.);
#1844=ORIENTED_EDGE('',*,*,#1359,.T.);
#1845=ORIENTED_EDGE('',*,*,#1360,.F.);
#1846=ORIENTED_EDGE('',*,*,#1357,.F.);
#1847=ORIENTED_EDGE('',*,*,#1155,.F.);
#1848=ORIENTED_EDGE('',*,*,#1361,.T.);
#1849=ORIENTED_EDGE('',*,*,#1362,.F.);
#1850=ORIENTED_EDGE('',*,*,#1359,.F.);
#1851=ORIENTED_EDGE('',*,*,#1154,.F.);
#1852=ORIENTED_EDGE('',*,*,#1350,.T.);
#1853=ORIENTED_EDGE('',*,*,#1363,.F.);
#1854=ORIENTED_EDGE('',*,*,#1361,.F.);
#1855=ORIENTED_EDGE('',*,*,#1145,.F.);
#1856=ORIENTED_EDGE('',*,*,#1364,.T.);
#1857=ORIENTED_EDGE('',*,*,#1365,.F.);
#1858=ORIENTED_EDGE('',*,*,#1366,.F.);
#1859=ORIENTED_EDGE('',*,*,#1152,.F.);
#1860=ORIENTED_EDGE('',*,*,#1367,.T.);
#1861=ORIENTED_EDGE('',*,*,#1368,.F.);
#1862=ORIENTED_EDGE('',*,*,#1364,.F.);
#1863=ORIENTED_EDGE('',*,*,#1151,.F.);
#1864=ORIENTED_EDGE('',*,*,#1369,.T.);
#1865=ORIENTED_EDGE('',*,*,#1370,.F.);
#1866=ORIENTED_EDGE('',*,*,#1367,.F.);
#1867=ORIENTED_EDGE('',*,*,#1150,.F.);
#1868=ORIENTED_EDGE('',*,*,#1371,.T.);
#1869=ORIENTED_EDGE('',*,*,#1372,.F.);
#1870=ORIENTED_EDGE('',*,*,#1369,.F.);
#1871=ORIENTED_EDGE('',*,*,#1149,.F.);
#1872=ORIENTED_EDGE('',*,*,#1373,.T.);
#1873=ORIENTED_EDGE('',*,*,#1374,.F.);
#1874=ORIENTED_EDGE('',*,*,#1371,.F.);
#1875=ORIENTED_EDGE('',*,*,#1148,.F.);
#1876=ORIENTED_EDGE('',*,*,#1375,.T.);
#1877=ORIENTED_EDGE('',*,*,#1376,.F.);
#1878=ORIENTED_EDGE('',*,*,#1373,.F.);
#1879=ORIENTED_EDGE('',*,*,#1147,.F.);
#1880=ORIENTED_EDGE('',*,*,#1377,.T.);
#1881=ORIENTED_EDGE('',*,*,#1378,.F.);
#1882=ORIENTED_EDGE('',*,*,#1375,.F.);
#1883=ORIENTED_EDGE('',*,*,#1146,.F.);
#1884=ORIENTED_EDGE('',*,*,#1366,.T.);
#1885=ORIENTED_EDGE('',*,*,#1379,.F.);
#1886=ORIENTED_EDGE('',*,*,#1377,.F.);
#1887=ORIENTED_EDGE('',*,*,#1137,.F.);
#1888=ORIENTED_EDGE('',*,*,#1380,.T.);
#1889=ORIENTED_EDGE('',*,*,#1381,.F.);
#1890=ORIENTED_EDGE('',*,*,#1382,.F.);
#1891=ORIENTED_EDGE('',*,*,#1144,.F.);
#1892=ORIENTED_EDGE('',*,*,#1383,.T.);
#1893=ORIENTED_EDGE('',*,*,#1384,.F.);
#1894=ORIENTED_EDGE('',*,*,#1380,.F.);
#1895=ORIENTED_EDGE('',*,*,#1143,.F.);
#1896=ORIENTED_EDGE('',*,*,#1385,.T.);
#1897=ORIENTED_EDGE('',*,*,#1386,.F.);
#1898=ORIENTED_EDGE('',*,*,#1383,.F.);
#1899=ORIENTED_EDGE('',*,*,#1142,.F.);
#1900=ORIENTED_EDGE('',*,*,#1387,.T.);
#1901=ORIENTED_EDGE('',*,*,#1388,.F.);
#1902=ORIENTED_EDGE('',*,*,#1385,.F.);
#1903=ORIENTED_EDGE('',*,*,#1141,.F.);
#1904=ORIENTED_EDGE('',*,*,#1389,.T.);
#1905=ORIENTED_EDGE('',*,*,#1390,.F.);
#1906=ORIENTED_EDGE('',*,*,#1387,.F.);
#1907=ORIENTED_EDGE('',*,*,#1140,.F.);
#1908=ORIENTED_EDGE('',*,*,#1391,.T.);
#1909=ORIENTED_EDGE('',*,*,#1392,.F.);
#1910=ORIENTED_EDGE('',*,*,#1389,.F.);
#1911=ORIENTED_EDGE('',*,*,#1139,.F.);
#1912=ORIENTED_EDGE('',*,*,#1393,.T.);
#1913=ORIENTED_EDGE('',*,*,#1394,.F.);
#1914=ORIENTED_EDGE('',*,*,#1391,.F.);
#1915=ORIENTED_EDGE('',*,*,#1138,.F.);
#1916=ORIENTED_EDGE('',*,*,#1382,.T.);
#1917=ORIENTED_EDGE('',*,*,#1395,.F.);
#1918=ORIENTED_EDGE('',*,*,#1393,.F.);
#1919=ORIENTED_EDGE('',*,*,#1129,.F.);
#1920=ORIENTED_EDGE('',*,*,#1396,.T.);
#1921=ORIENTED_EDGE('',*,*,#1397,.F.);
#1922=ORIENTED_EDGE('',*,*,#1398,.F.);
#1923=ORIENTED_EDGE('',*,*,#1136,.F.);
#1924=ORIENTED_EDGE('',*,*,#1399,.T.);
#1925=ORIENTED_EDGE('',*,*,#1400,.F.);
#1926=ORIENTED_EDGE('',*,*,#1396,.F.);
#1927=ORIENTED_EDGE('',*,*,#1135,.F.);
#1928=ORIENTED_EDGE('',*,*,#1401,.T.);
#1929=ORIENTED_EDGE('',*,*,#1402,.F.);
#1930=ORIENTED_EDGE('',*,*,#1399,.F.);
#1931=ORIENTED_EDGE('',*,*,#1134,.F.);
#1932=ORIENTED_EDGE('',*,*,#1403,.T.);
#1933=ORIENTED_EDGE('',*,*,#1404,.F.);
#1934=ORIENTED_EDGE('',*,*,#1401,.F.);
#1935=ORIENTED_EDGE('',*,*,#1133,.F.);
#1936=ORIENTED_EDGE('',*,*,#1405,.T.);
#1937=ORIENTED_EDGE('',*,*,#1406,.F.);
#1938=ORIENTED_EDGE('',*,*,#1403,.F.);
#1939=ORIENTED_EDGE('',*,*,#1132,.F.);
#1940=ORIENTED_EDGE('',*,*,#1407,.T.);
#1941=ORIENTED_EDGE('',*,*,#1408,.F.);
#1942=ORIENTED_EDGE('',*,*,#1405,.F.);
#1943=ORIENTED_EDGE('',*,*,#1131,.F.);
#1944=ORIENTED_EDGE('',*,*,#1409,.T.);
#1945=ORIENTED_EDGE('',*,*,#1410,.F.);
#1946=ORIENTED_EDGE('',*,*,#1407,.F.);
#1947=ORIENTED_EDGE('',*,*,#1130,.F.);
#1948=ORIENTED_EDGE('',*,*,#1398,.T.);
#1949=ORIENTED_EDGE('',*,*,#1411,.F.);
#1950=ORIENTED_EDGE('',*,*,#1409,.F.);
#1951=ORIENTED_EDGE('',*,*,#1123,.T.);
#1952=ORIENTED_EDGE('',*,*,#1215,.T.);
#1953=ORIENTED_EDGE('',*,*,#1412,.F.);
#1954=ORIENTED_EDGE('',*,*,#1216,.F.);
#1955=ORIENTED_EDGE('',*,*,#1413,.F.);
#1956=ORIENTED_EDGE('',*,*,#1414,.T.);
#1957=ORIENTED_EDGE('',*,*,#1125,.F.);
#1958=ORIENTED_EDGE('',*,*,#1414,.F.);
#1959=ORIENTED_EDGE('',*,*,#1415,.F.);
#1960=ORIENTED_EDGE('',*,*,#1416,.T.);
#1961=ORIENTED_EDGE('',*,*,#1126,.F.);
#1962=ORIENTED_EDGE('',*,*,#1416,.F.);
#1963=ORIENTED_EDGE('',*,*,#1417,.F.);
#1964=ORIENTED_EDGE('',*,*,#1418,.T.);
#1965=ORIENTED_EDGE('',*,*,#1127,.F.);
#1966=ORIENTED_EDGE('',*,*,#1418,.F.);
#1967=ORIENTED_EDGE('',*,*,#1419,.F.);
#1968=ORIENTED_EDGE('',*,*,#1420,.T.);
#1969=ORIENTED_EDGE('',*,*,#1128,.F.);
#1970=ORIENTED_EDGE('',*,*,#1420,.F.);
#1971=ORIENTED_EDGE('',*,*,#1115,.T.);
#1972=ORIENTED_EDGE('',*,*,#1421,.T.);
#1973=ORIENTED_EDGE('',*,*,#1422,.F.);
#1974=ORIENTED_EDGE('',*,*,#1423,.F.);
#1975=ORIENTED_EDGE('',*,*,#1116,.T.);
#1976=ORIENTED_EDGE('',*,*,#1423,.T.);
#1977=ORIENTED_EDGE('',*,*,#1424,.F.);
#1978=ORIENTED_EDGE('',*,*,#1425,.F.);
#1979=ORIENTED_EDGE('',*,*,#1117,.T.);
#1980=ORIENTED_EDGE('',*,*,#1425,.T.);
#1981=ORIENTED_EDGE('',*,*,#1426,.F.);
#1982=ORIENTED_EDGE('',*,*,#1427,.F.);
#1983=ORIENTED_EDGE('',*,*,#1118,.T.);
#1984=ORIENTED_EDGE('',*,*,#1427,.T.);
#1985=ORIENTED_EDGE('',*,*,#1428,.F.);
#1986=ORIENTED_EDGE('',*,*,#1429,.F.);
#1987=ORIENTED_EDGE('',*,*,#1119,.T.);
#1988=ORIENTED_EDGE('',*,*,#1429,.T.);
#1989=ORIENTED_EDGE('',*,*,#1430,.F.);
#1990=ORIENTED_EDGE('',*,*,#1431,.F.);
#1991=ORIENTED_EDGE('',*,*,#1120,.T.);
#1992=ORIENTED_EDGE('',*,*,#1431,.T.);
#1993=ORIENTED_EDGE('',*,*,#1432,.F.);
#1994=ORIENTED_EDGE('',*,*,#1433,.F.);
#1995=ORIENTED_EDGE('',*,*,#1121,.T.);
#1996=ORIENTED_EDGE('',*,*,#1433,.T.);
#1997=ORIENTED_EDGE('',*,*,#1434,.F.);
#1998=ORIENTED_EDGE('',*,*,#1435,.F.);
#1999=ORIENTED_EDGE('',*,*,#1114,.T.);
#2000=ORIENTED_EDGE('',*,*,#1435,.T.);
#2001=ORIENTED_EDGE('',*,*,#1436,.F.);
#2002=ORIENTED_EDGE('',*,*,#1421,.F.);
#2003=ORIENTED_EDGE('',*,*,#1436,.T.);
#2004=ORIENTED_EDGE('',*,*,#1434,.T.);
#2005=ORIENTED_EDGE('',*,*,#1432,.T.);
#2006=ORIENTED_EDGE('',*,*,#1430,.T.);
#2007=ORIENTED_EDGE('',*,*,#1428,.T.);
#2008=ORIENTED_EDGE('',*,*,#1426,.T.);
#2009=ORIENTED_EDGE('',*,*,#1424,.T.);
#2010=ORIENTED_EDGE('',*,*,#1422,.T.);
#2011=ORIENTED_EDGE('',*,*,#1113,.T.);
#2012=ORIENTED_EDGE('',*,*,#1217,.T.);
#2013=ORIENTED_EDGE('',*,*,#1412,.T.);
#2014=ORIENTED_EDGE('',*,*,#1214,.T.);
#2015=ORIENTED_EDGE('',*,*,#1269,.T.);
#2016=ORIENTED_EDGE('',*,*,#1272,.T.);
#2017=ORIENTED_EDGE('',*,*,#1274,.T.);
#2018=ORIENTED_EDGE('',*,*,#1276,.T.);
#2019=ORIENTED_EDGE('',*,*,#1278,.T.);
#2020=ORIENTED_EDGE('',*,*,#1280,.T.);
#2021=ORIENTED_EDGE('',*,*,#1282,.T.);
#2022=ORIENTED_EDGE('',*,*,#1283,.T.);
#2023=ORIENTED_EDGE('',*,*,#1285,.T.);
#2024=ORIENTED_EDGE('',*,*,#1288,.T.);
#2025=ORIENTED_EDGE('',*,*,#1290,.T.);
#2026=ORIENTED_EDGE('',*,*,#1292,.T.);
#2027=ORIENTED_EDGE('',*,*,#1294,.T.);
#2028=ORIENTED_EDGE('',*,*,#1296,.T.);
#2029=ORIENTED_EDGE('',*,*,#1298,.T.);
#2030=ORIENTED_EDGE('',*,*,#1299,.T.);
#2031=ORIENTED_EDGE('',*,*,#1301,.T.);
#2032=ORIENTED_EDGE('',*,*,#1304,.T.);
#2033=ORIENTED_EDGE('',*,*,#1306,.T.);
#2034=ORIENTED_EDGE('',*,*,#1308,.T.);
#2035=ORIENTED_EDGE('',*,*,#1310,.T.);
#2036=ORIENTED_EDGE('',*,*,#1312,.T.);
#2037=ORIENTED_EDGE('',*,*,#1314,.T.);
#2038=ORIENTED_EDGE('',*,*,#1315,.T.);
#2039=ORIENTED_EDGE('',*,*,#1317,.T.);
#2040=ORIENTED_EDGE('',*,*,#1320,.T.);
#2041=ORIENTED_EDGE('',*,*,#1322,.T.);
#2042=ORIENTED_EDGE('',*,*,#1324,.T.);
#2043=ORIENTED_EDGE('',*,*,#1326,.T.);
#2044=ORIENTED_EDGE('',*,*,#1328,.T.);
#2045=ORIENTED_EDGE('',*,*,#1330,.T.);
#2046=ORIENTED_EDGE('',*,*,#1331,.T.);
#2047=ORIENTED_EDGE('',*,*,#1333,.T.);
#2048=ORIENTED_EDGE('',*,*,#1336,.T.);
#2049=ORIENTED_EDGE('',*,*,#1338,.T.);
#2050=ORIENTED_EDGE('',*,*,#1340,.T.);
#2051=ORIENTED_EDGE('',*,*,#1342,.T.);
#2052=ORIENTED_EDGE('',*,*,#1344,.T.);
#2053=ORIENTED_EDGE('',*,*,#1346,.T.);
#2054=ORIENTED_EDGE('',*,*,#1347,.T.);
#2055=ORIENTED_EDGE('',*,*,#1349,.T.);
#2056=ORIENTED_EDGE('',*,*,#1352,.T.);
#2057=ORIENTED_EDGE('',*,*,#1354,.T.);
#2058=ORIENTED_EDGE('',*,*,#1356,.T.);
#2059=ORIENTED_EDGE('',*,*,#1358,.T.);
#2060=ORIENTED_EDGE('',*,*,#1360,.T.);
#2061=ORIENTED_EDGE('',*,*,#1362,.T.);
#2062=ORIENTED_EDGE('',*,*,#1363,.T.);
#2063=ORIENTED_EDGE('',*,*,#1365,.T.);
#2064=ORIENTED_EDGE('',*,*,#1368,.T.);
#2065=ORIENTED_EDGE('',*,*,#1370,.T.);
#2066=ORIENTED_EDGE('',*,*,#1372,.T.);
#2067=ORIENTED_EDGE('',*,*,#1374,.T.);
#2068=ORIENTED_EDGE('',*,*,#1376,.T.);
#2069=ORIENTED_EDGE('',*,*,#1378,.T.);
#2070=ORIENTED_EDGE('',*,*,#1379,.T.);
#2071=ORIENTED_EDGE('',*,*,#1381,.T.);
#2072=ORIENTED_EDGE('',*,*,#1384,.T.);
#2073=ORIENTED_EDGE('',*,*,#1386,.T.);
#2074=ORIENTED_EDGE('',*,*,#1388,.T.);
#2075=ORIENTED_EDGE('',*,*,#1390,.T.);
#2076=ORIENTED_EDGE('',*,*,#1392,.T.);
#2077=ORIENTED_EDGE('',*,*,#1394,.T.);
#2078=ORIENTED_EDGE('',*,*,#1395,.T.);
#2079=ORIENTED_EDGE('',*,*,#1397,.T.);
#2080=ORIENTED_EDGE('',*,*,#1400,.T.);
#2081=ORIENTED_EDGE('',*,*,#1402,.T.);
#2082=ORIENTED_EDGE('',*,*,#1404,.T.);
#2083=ORIENTED_EDGE('',*,*,#1406,.T.);
#2084=ORIENTED_EDGE('',*,*,#1408,.T.);
#2085=ORIENTED_EDGE('',*,*,#1410,.T.);
#2086=ORIENTED_EDGE('',*,*,#1411,.T.);
#2087=ORIENTED_EDGE('',*,*,#1419,.T.);
#2088=ORIENTED_EDGE('',*,*,#1417,.T.);
#2089=ORIENTED_EDGE('',*,*,#1415,.T.);
#2090=ORIENTED_EDGE('',*,*,#1413,.T.);
#2091=PLANE('',#2268);
#2092=PLANE('',#2269);
#2093=PLANE('',#2314);
#2094=PLANE('',#2315);
#2095=PLANE('',#2316);
#2096=PLANE('',#2317);
#2097=PLANE('',#2318);
#2098=PLANE('',#2319);
#2099=PLANE('',#2320);
#2100=PLANE('',#2323);
#2101=PLANE('',#2326);
#2102=PLANE('',#2329);
#2103=PLANE('',#2332);
#2104=PLANE('',#2335);
#2105=PLANE('',#2338);
#2106=PLANE('',#2341);
#2107=PLANE('',#2344);
#2108=PLANE('',#2347);
#2109=PLANE('',#2350);
#2110=PLANE('',#2353);
#2111=PLANE('',#2356);
#2112=PLANE('',#2359);
#2113=PLANE('',#2362);
#2114=PLANE('',#2365);
#2115=PLANE('',#2368);
#2116=PLANE('',#2371);
#2117=PLANE('',#2374);
#2118=PLANE('',#2377);
#2119=PLANE('',#2380);
#2120=PLANE('',#2383);
#2121=PLANE('',#2386);
#2122=PLANE('',#2389);
#2123=PLANE('',#2392);
#2124=PLANE('',#2395);
#2125=PLANE('',#2398);
#2126=PLANE('',#2401);
#2127=PLANE('',#2404);
#2128=PLANE('',#2407);
#2129=PLANE('',#2410);
#2130=PLANE('',#2413);
#2131=PLANE('',#2416);
#2132=PLANE('',#2419);
#2133=PLANE('',#2422);
#2134=PLANE('',#2425);
#2135=PLANE('',#2428);
#2136=PLANE('',#2437);
#2137=PLANE('',#2440);
#2138=PLANE('',#2443);
#2139=PLANE('',#2446);
#2140=PLANE('',#2449);
#2141=ADVANCED_FACE('',(#234),#2091,.T.);
#2142=ADVANCED_FACE('',(#235,#116,#117,#118,#119,#120,#121,#122,#123,#124,
#125,#126,#127,#128,#129,#130),#2092,.F.);
#2143=ADVANCED_FACE('',(#236),#2093,.T.);
#2144=ADVANCED_FACE('',(#237),#2094,.T.);
#2145=ADVANCED_FACE('',(#238),#59,.F.);
#2146=ADVANCED_FACE('',(#239),#60,.F.);
#2147=ADVANCED_FACE('',(#240),#61,.F.);
#2148=ADVANCED_FACE('',(#241),#62,.F.);
#2149=ADVANCED_FACE('',(#242),#63,.F.);
#2150=ADVANCED_FACE('',(#243),#64,.F.);
#2151=ADVANCED_FACE('',(#244),#65,.F.);
#2152=ADVANCED_FACE('',(#245),#66,.F.);
#2153=ADVANCED_FACE('',(#246),#67,.F.);
#2154=ADVANCED_FACE('',(#247),#68,.F.);
#2155=ADVANCED_FACE('',(#248),#69,.F.);
#2156=ADVANCED_FACE('',(#249),#70,.F.);
#2157=ADVANCED_FACE('',(#250),#71,.F.);
#2158=ADVANCED_FACE('',(#251),#72,.F.);
#2159=ADVANCED_FACE('',(#252),#73,.F.);
#2160=ADVANCED_FACE('',(#253),#74,.F.);
#2161=ADVANCED_FACE('',(#254),#75,.F.);
#2162=ADVANCED_FACE('',(#255),#2095,.F.);
#2163=ADVANCED_FACE('',(#256),#76,.F.);
#2164=ADVANCED_FACE('',(#257),#77,.F.);
#2165=ADVANCED_FACE('',(#258),#2096,.F.);
#2166=ADVANCED_FACE('',(#259,#131),#2097,.F.);
#2167=ADVANCED_FACE('',(#260),#2098,.F.);
#2168=ADVANCED_FACE('',(#261),#2099,.F.);
#2169=ADVANCED_FACE('',(#262),#15,.F.);
#2170=ADVANCED_FACE('',(#263),#2100,.F.);
#2171=ADVANCED_FACE('',(#264),#16,.F.);
#2172=ADVANCED_FACE('',(#265),#2101,.F.);
#2173=ADVANCED_FACE('',(#266),#17,.F.);
#2174=ADVANCED_FACE('',(#267),#2102,.F.);
#2175=ADVANCED_FACE('',(#268),#18,.F.);
#2176=ADVANCED_FACE('',(#269),#2103,.F.);
#2177=ADVANCED_FACE('',(#270),#19,.F.);
#2178=ADVANCED_FACE('',(#271),#2104,.F.);
#2179=ADVANCED_FACE('',(#272),#20,.F.);
#2180=ADVANCED_FACE('',(#273),#2105,.F.);
#2181=ADVANCED_FACE('',(#274),#21,.F.);
#2182=ADVANCED_FACE('',(#275),#2106,.F.);
#2183=ADVANCED_FACE('',(#276),#22,.F.);
#2184=ADVANCED_FACE('',(#277),#2107,.F.);
#2185=ADVANCED_FACE('',(#278),#23,.F.);
#2186=ADVANCED_FACE('',(#279),#2108,.F.);
#2187=ADVANCED_FACE('',(#280),#24,.F.);
#2188=ADVANCED_FACE('',(#281),#2109,.F.);
#2189=ADVANCED_FACE('',(#282),#25,.F.);
#2190=ADVANCED_FACE('',(#283),#2110,.F.);
#2191=ADVANCED_FACE('',(#284),#26,.F.);
#2192=ADVANCED_FACE('',(#285),#2111,.F.);
#2193=ADVANCED_FACE('',(#286),#27,.F.);
#2194=ADVANCED_FACE('',(#287),#2112,.F.);
#2195=ADVANCED_FACE('',(#288),#28,.F.);
#2196=ADVANCED_FACE('',(#289),#2113,.F.);
#2197=ADVANCED_FACE('',(#290),#29,.F.);
#2198=ADVANCED_FACE('',(#291),#2114,.F.);
#2199=ADVANCED_FACE('',(#292),#30,.F.);
#2200=ADVANCED_FACE('',(#293),#2115,.F.);
#2201=ADVANCED_FACE('',(#294),#31,.F.);
#2202=ADVANCED_FACE('',(#295),#2116,.F.);
#2203=ADVANCED_FACE('',(#296),#32,.F.);
#2204=ADVANCED_FACE('',(#297),#2117,.F.);
#2205=ADVANCED_FACE('',(#298),#33,.F.);
#2206=ADVANCED_FACE('',(#299),#2118,.F.);
#2207=ADVANCED_FACE('',(#300),#34,.F.);
#2208=ADVANCED_FACE('',(#301),#2119,.F.);
#2209=ADVANCED_FACE('',(#302),#35,.F.);
#2210=ADVANCED_FACE('',(#303),#2120,.F.);
#2211=ADVANCED_FACE('',(#304),#36,.F.);
#2212=ADVANCED_FACE('',(#305),#2121,.F.);
#2213=ADVANCED_FACE('',(#306),#37,.F.);
#2214=ADVANCED_FACE('',(#307),#2122,.F.);
#2215=ADVANCED_FACE('',(#308),#38,.F.);
#2216=ADVANCED_FACE('',(#309),#2123,.F.);
#2217=ADVANCED_FACE('',(#310),#39,.F.);
#2218=ADVANCED_FACE('',(#311),#2124,.F.);
#2219=ADVANCED_FACE('',(#312),#40,.F.);
#2220=ADVANCED_FACE('',(#313),#2125,.F.);
#2221=ADVANCED_FACE('',(#314),#41,.F.);
#2222=ADVANCED_FACE('',(#315),#2126,.F.);
#2223=ADVANCED_FACE('',(#316),#42,.F.);
#2224=ADVANCED_FACE('',(#317),#2127,.F.);
#2225=ADVANCED_FACE('',(#318),#43,.F.);
#2226=ADVANCED_FACE('',(#319),#2128,.F.);
#2227=ADVANCED_FACE('',(#320),#44,.F.);
#2228=ADVANCED_FACE('',(#321),#2129,.F.);
#2229=ADVANCED_FACE('',(#322),#45,.F.);
#2230=ADVANCED_FACE('',(#323),#2130,.F.);
#2231=ADVANCED_FACE('',(#324),#46,.F.);
#2232=ADVANCED_FACE('',(#325),#2131,.F.);
#2233=ADVANCED_FACE('',(#326),#47,.F.);
#2234=ADVANCED_FACE('',(#327),#2132,.F.);
#2235=ADVANCED_FACE('',(#328),#48,.F.);
#2236=ADVANCED_FACE('',(#329),#2133,.F.);
#2237=ADVANCED_FACE('',(#330),#49,.F.);
#2238=ADVANCED_FACE('',(#331),#2134,.F.);
#2239=ADVANCED_FACE('',(#332),#50,.F.);
#2240=ADVANCED_FACE('',(#333),#2135,.T.);
#2241=ADVANCED_FACE('',(#334),#51,.F.);
#2242=ADVANCED_FACE('',(#335),#52,.F.);
#2243=ADVANCED_FACE('',(#336),#53,.F.);
#2244=ADVANCED_FACE('',(#337),#54,.F.);
#2245=ADVANCED_FACE('',(#338),#2136,.T.);
#2246=ADVANCED_FACE('',(#339),#55,.T.);
#2247=ADVANCED_FACE('',(#340),#2137,.T.);
#2248=ADVANCED_FACE('',(#341),#56,.T.);
#2249=ADVANCED_FACE('',(#342),#2138,.T.);
#2250=ADVANCED_FACE('',(#343),#57,.T.);
#2251=ADVANCED_FACE('',(#344),#2139,.T.);
#2252=ADVANCED_FACE('',(#345),#58,.T.);
#2253=ADVANCED_FACE('',(#346,#132,#133,#134,#135,#136,#137,#138,#139,#140,
#141,#142,#143,#144,#145),#2140,.T.);
#2254=CLOSED_SHELL('',(#2141,#2142,#2143,#2144,#2145,#2146,#2147,#2148,
#2149,#2150,#2151,#2152,#2153,#2154,#2155,#2156,#2157,#2158,#2159,#2160,
#2161,#2162,#2163,#2164,#2165,#2166,#2167,#2168,#2169,#2170,#2171,#2172,
#2173,#2174,#2175,#2176,#2177,#2178,#2179,#2180,#2181,#2182,#2183,#2184,
#2185,#2186,#2187,#2188,#2189,#2190,#2191,#2192,#2193,#2194,#2195,#2196,
#2197,#2198,#2199,#2200,#2201,#2202,#2203,#2204,#2205,#2206,#2207,#2208,
#2209,#2210,#2211,#2212,#2213,#2214,#2215,#2216,#2217,#2218,#2219,#2220,
#2221,#2222,#2223,#2224,#2225,#2226,#2227,#2228,#2229,#2230,#2231,#2232,
#2233,#2234,#2235,#2236,#2237,#2238,#2239,#2240,#2241,#2242,#2243,#2244,
#2245,#2246,#2247,#2248,#2249,#2250,#2251,#2252,#2253));
#2255=DERIVED_UNIT_ELEMENT(#2257,1.);
#2256=DERIVED_UNIT_ELEMENT(#4004,-3.);
#2257=(
MASS_UNIT()
NAMED_UNIT(*)
SI_UNIT(.KILO.,.GRAM.)
);
#2258=DERIVED_UNIT((#2255,#2256));
#2259=MEASURE_REPRESENTATION_ITEM('density measure',
POSITIVE_RATIO_MEASURE(7850.),#2258);
#2260=PROPERTY_DEFINITION_REPRESENTATION(#2265,#2262);
#2261=PROPERTY_DEFINITION_REPRESENTATION(#2266,#2263);
#2262=REPRESENTATION('material name',(#2264),#4001);
#2263=REPRESENTATION('density',(#2259),#4001);
#2264=DESCRIPTIVE_REPRESENTATION_ITEM('Steel','Steel');
#2265=PROPERTY_DEFINITION('material property','material name',#4011);
#2266=PROPERTY_DEFINITION('material property','density of part',#4011);
#2267=AXIS2_PLACEMENT_3D('',#3017,#2450,#2451);
#2268=AXIS2_PLACEMENT_3D('',#3018,#2452,#2453);
#2269=AXIS2_PLACEMENT_3D('',#3027,#2458,#2459);
#2270=AXIS2_PLACEMENT_3D('',#3030,#2460,#2461);
#2271=AXIS2_PLACEMENT_3D('',#3034,#2463,#2464);
#2272=AXIS2_PLACEMENT_3D('',#3038,#2466,#2467);
#2273=AXIS2_PLACEMENT_3D('',#3042,#2469,#2470);
#2274=AXIS2_PLACEMENT_3D('',#3050,#2475,#2476);
#2275=AXIS2_PLACEMENT_3D('',#3052,#2477,#2478);
#2276=AXIS2_PLACEMENT_3D('',#3054,#2479,#2480);
#2277=AXIS2_PLACEMENT_3D('',#3056,#2481,#2482);
#2278=AXIS2_PLACEMENT_3D('',#3061,#2484,#2485);
#2279=AXIS2_PLACEMENT_3D('',#3065,#2487,#2488);
#2280=AXIS2_PLACEMENT_3D('',#3069,#2490,#2491);
#2281=AXIS2_PLACEMENT_3D('',#3072,#2493,#2494);
#2282=AXIS2_PLACEMENT_3D('',#3077,#2496,#2497);
#2283=AXIS2_PLACEMENT_3D('',#3081,#2499,#2500);
#2284=AXIS2_PLACEMENT_3D('',#3085,#2502,#2503);
#2285=AXIS2_PLACEMENT_3D('',#3088,#2505,#2506);
#2286=AXIS2_PLACEMENT_3D('',#3093,#2508,#2509);
#2287=AXIS2_PLACEMENT_3D('',#3097,#2511,#2512);
#2288=AXIS2_PLACEMENT_3D('',#3101,#2514,#2515);
#2289=AXIS2_PLACEMENT_3D('',#3104,#2517,#2518);
#2290=AXIS2_PLACEMENT_3D('',#3109,#2520,#2521);
#2291=AXIS2_PLACEMENT_3D('',#3113,#2523,#2524);
#2292=AXIS2_PLACEMENT_3D('',#3117,#2526,#2527);
#2293=AXIS2_PLACEMENT_3D('',#3120,#2529,#2530);
#2294=AXIS2_PLACEMENT_3D('',#3125,#2532,#2533);
#2295=AXIS2_PLACEMENT_3D('',#3129,#2535,#2536);
#2296=AXIS2_PLACEMENT_3D('',#3133,#2538,#2539);
#2297=AXIS2_PLACEMENT_3D('',#3136,#2541,#2542);
#2298=AXIS2_PLACEMENT_3D('',#3141,#2544,#2545);
#2299=AXIS2_PLACEMENT_3D('',#3145,#2547,#2548);
#2300=AXIS2_PLACEMENT_3D('',#3149,#2550,#2551);
#2301=AXIS2_PLACEMENT_3D('',#3152,#2553,#2554);
#2302=AXIS2_PLACEMENT_3D('',#3157,#2556,#2557);
#2303=AXIS2_PLACEMENT_3D('',#3161,#2559,#2560);
#2304=AXIS2_PLACEMENT_3D('',#3165,#2562,#2563);
#2305=AXIS2_PLACEMENT_3D('',#3168,#2565,#2566);
#2306=AXIS2_PLACEMENT_3D('',#3173,#2568,#2569);
#2307=AXIS2_PLACEMENT_3D('',#3177,#2571,#2572);
#2308=AXIS2_PLACEMENT_3D('',#3181,#2574,#2575);
#2309=AXIS2_PLACEMENT_3D('',#3184,#2577,#2578);
#2310=AXIS2_PLACEMENT_3D('',#3189,#2580,#2581);
#2311=AXIS2_PLACEMENT_3D('',#3193,#2583,#2584);
#2312=AXIS2_PLACEMENT_3D('',#3197,#2586,#2587);
#2313=AXIS2_PLACEMENT_3D('',#3200,#2589,#2590);
#2314=AXIS2_PLACEMENT_3D('',#3271,#2593,#2594);
#2315=AXIS2_PLACEMENT_3D('',#3275,#2597,#2598);
#2316=AXIS2_PLACEMENT_3D('',#3618,#2619,#2620);
#2317=AXIS2_PLACEMENT_3D('',#3656,#2625,#2626);
#2318=AXIS2_PLACEMENT_3D('',#3658,#2628,#2629);
#2319=AXIS2_PLACEMENT_3D('',#3659,#2630,#2631);
#2320=AXIS2_PLACEMENT_3D('',#3660,#2632,#2633);
#2321=AXIS2_PLACEMENT_3D('',#3666,#2637,#2638);
#2322=AXIS2_PLACEMENT_3D('',#3669,#2640,#2641);
#2323=AXIS2_PLACEMENT_3D('',#3670,#2642,#2643);
#2324=AXIS2_PLACEMENT_3D('',#3674,#2646,#2647);
#2325=AXIS2_PLACEMENT_3D('',#3677,#2649,#2650);
#2326=AXIS2_PLACEMENT_3D('',#3678,#2651,#2652);
#2327=AXIS2_PLACEMENT_3D('',#3682,#2655,#2656);
#2328=AXIS2_PLACEMENT_3D('',#3685,#2658,#2659);
#2329=AXIS2_PLACEMENT_3D('',#3686,#2660,#2661);
#2330=AXIS2_PLACEMENT_3D('',#3690,#2664,#2665);
#2331=AXIS2_PLACEMENT_3D('',#3691,#2666,#2667);
#2332=AXIS2_PLACEMENT_3D('',#3692,#2668,#2669);
#2333=AXIS2_PLACEMENT_3D('',#3698,#2673,#2674);
#2334=AXIS2_PLACEMENT_3D('',#3701,#2676,#2677);
#2335=AXIS2_PLACEMENT_3D('',#3702,#2678,#2679);
#2336=AXIS2_PLACEMENT_3D('',#3706,#2682,#2683);
#2337=AXIS2_PLACEMENT_3D('',#3709,#2685,#2686);
#2338=AXIS2_PLACEMENT_3D('',#3710,#2687,#2688);
#2339=AXIS2_PLACEMENT_3D('',#3714,#2691,#2692);
#2340=AXIS2_PLACEMENT_3D('',#3717,#2694,#2695);
#2341=AXIS2_PLACEMENT_3D('',#3718,#2696,#2697);
#2342=AXIS2_PLACEMENT_3D('',#3722,#2700,#2701);
#2343=AXIS2_PLACEMENT_3D('',#3723,#2702,#2703);
#2344=AXIS2_PLACEMENT_3D('',#3724,#2704,#2705);
#2345=AXIS2_PLACEMENT_3D('',#3730,#2709,#2710);
#2346=AXIS2_PLACEMENT_3D('',#3733,#2712,#2713);
#2347=AXIS2_PLACEMENT_3D('',#3734,#2714,#2715);
#2348=AXIS2_PLACEMENT_3D('',#3738,#2718,#2719);
#2349=AXIS2_PLACEMENT_3D('',#3741,#2721,#2722);
#2350=AXIS2_PLACEMENT_3D('',#3742,#2723,#2724);
#2351=AXIS2_PLACEMENT_3D('',#3746,#2727,#2728);
#2352=AXIS2_PLACEMENT_3D('',#3749,#2730,#2731);
#2353=AXIS2_PLACEMENT_3D('',#3750,#2732,#2733);
#2354=AXIS2_PLACEMENT_3D('',#3754,#2736,#2737);
#2355=AXIS2_PLACEMENT_3D('',#3755,#2738,#2739);
#2356=AXIS2_PLACEMENT_3D('',#3756,#2740,#2741);
#2357=AXIS2_PLACEMENT_3D('',#3762,#2745,#2746);
#2358=AXIS2_PLACEMENT_3D('',#3765,#2748,#2749);
#2359=AXIS2_PLACEMENT_3D('',#3766,#2750,#2751);
#2360=AXIS2_PLACEMENT_3D('',#3770,#2754,#2755);
#2361=AXIS2_PLACEMENT_3D('',#3773,#2757,#2758);
#2362=AXIS2_PLACEMENT_3D('',#3774,#2759,#2760);
#2363=AXIS2_PLACEMENT_3D('',#3778,#2763,#2764);
#2364=AXIS2_PLACEMENT_3D('',#3781,#2766,#2767);
#2365=AXIS2_PLACEMENT_3D('',#3782,#2768,#2769);
#2366=AXIS2_PLACEMENT_3D('',#3786,#2772,#2773);
#2367=AXIS2_PLACEMENT_3D('',#3787,#2774,#2775);
#2368=AXIS2_PLACEMENT_3D('',#3788,#2776,#2777);
#2369=AXIS2_PLACEMENT_3D('',#3794,#2781,#2782);
#2370=AXIS2_PLACEMENT_3D('',#3797,#2784,#2785);
#2371=AXIS2_PLACEMENT_3D('',#3798,#2786,#2787);
#2372=AXIS2_PLACEMENT_3D('',#3802,#2790,#2791);
#2373=AXIS2_PLACEMENT_3D('',#3805,#2793,#2794);
#2374=AXIS2_PLACEMENT_3D('',#3806,#2795,#2796);
#2375=AXIS2_PLACEMENT_3D('',#3810,#2799,#2800);
#2376=AXIS2_PLACEMENT_3D('',#3813,#2802,#2803);
#2377=AXIS2_PLACEMENT_3D('',#3814,#2804,#2805);
#2378=AXIS2_PLACEMENT_3D('',#3818,#2808,#2809);
#2379=AXIS2_PLACEMENT_3D('',#3819,#2810,#2811);
#2380=AXIS2_PLACEMENT_3D('',#3820,#2812,#2813);
#2381=AXIS2_PLACEMENT_3D('',#3826,#2817,#2818);
#2382=AXIS2_PLACEMENT_3D('',#3829,#2820,#2821);
#2383=AXIS2_PLACEMENT_3D('',#3830,#2822,#2823);
#2384=AXIS2_PLACEMENT_3D('',#3834,#2826,#2827);
#2385=AXIS2_PLACEMENT_3D('',#3837,#2829,#2830);
#2386=AXIS2_PLACEMENT_3D('',#3838,#2831,#2832);
#2387=AXIS2_PLACEMENT_3D('',#3842,#2835,#2836);
#2388=AXIS2_PLACEMENT_3D('',#3845,#2838,#2839);
#2389=AXIS2_PLACEMENT_3D('',#3846,#2840,#2841);
#2390=AXIS2_PLACEMENT_3D('',#3850,#2844,#2845);
#2391=AXIS2_PLACEMENT_3D('',#3851,#2846,#2847);
#2392=AXIS2_PLACEMENT_3D('',#3852,#2848,#2849);
#2393=AXIS2_PLACEMENT_3D('',#3858,#2853,#2854);
#2394=AXIS2_PLACEMENT_3D('',#3861,#2856,#2857);
#2395=AXIS2_PLACEMENT_3D('',#3862,#2858,#2859);
#2396=AXIS2_PLACEMENT_3D('',#3866,#2862,#2863);
#2397=AXIS2_PLACEMENT_3D('',#3869,#2865,#2866);
#2398=AXIS2_PLACEMENT_3D('',#3870,#2867,#2868);
#2399=AXIS2_PLACEMENT_3D('',#3874,#2871,#2872);
#2400=AXIS2_PLACEMENT_3D('',#3877,#2874,#2875);
#2401=AXIS2_PLACEMENT_3D('',#3878,#2876,#2877);
#2402=AXIS2_PLACEMENT_3D('',#3882,#2880,#2881);
#2403=AXIS2_PLACEMENT_3D('',#3883,#2882,#2883);
#2404=AXIS2_PLACEMENT_3D('',#3884,#2884,#2885);
#2405=AXIS2_PLACEMENT_3D('',#3890,#2889,#2890);
#2406=AXIS2_PLACEMENT_3D('',#3893,#2892,#2893);
#2407=AXIS2_PLACEMENT_3D('',#3894,#2894,#2895);
#2408=AXIS2_PLACEMENT_3D('',#3898,#2898,#2899);
#2409=AXIS2_PLACEMENT_3D('',#3901,#2901,#2902);
#2410=AXIS2_PLACEMENT_3D('',#3902,#2903,#2904);
#2411=AXIS2_PLACEMENT_3D('',#3906,#2907,#2908);
#2412=AXIS2_PLACEMENT_3D('',#3909,#2910,#2911);
#2413=AXIS2_PLACEMENT_3D('',#3910,#2912,#2913);
#2414=AXIS2_PLACEMENT_3D('',#3914,#2916,#2917);
#2415=AXIS2_PLACEMENT_3D('',#3915,#2918,#2919);
#2416=AXIS2_PLACEMENT_3D('',#3916,#2920,#2921);
#2417=AXIS2_PLACEMENT_3D('',#3922,#2925,#2926);
#2418=AXIS2_PLACEMENT_3D('',#3925,#2928,#2929);
#2419=AXIS2_PLACEMENT_3D('',#3926,#2930,#2931);
#2420=AXIS2_PLACEMENT_3D('',#3930,#2934,#2935);
#2421=AXIS2_PLACEMENT_3D('',#3933,#2937,#2938);
#2422=AXIS2_PLACEMENT_3D('',#3934,#2939,#2940);
#2423=AXIS2_PLACEMENT_3D('',#3938,#2943,#2944);
#2424=AXIS2_PLACEMENT_3D('',#3941,#2946,#2947);
#2425=AXIS2_PLACEMENT_3D('',#3942,#2948,#2949);
#2426=AXIS2_PLACEMENT_3D('',#3946,#2952,#2953);
#2427=AXIS2_PLACEMENT_3D('',#3947,#2954,#2955);
#2428=AXIS2_PLACEMENT_3D('',#3948,#2956,#2957);
#2429=AXIS2_PLACEMENT_3D('',#3950,#2959,#2960);
#2430=AXIS2_PLACEMENT_3D('',#3952,#2961,#2962);
#2431=AXIS2_PLACEMENT_3D('',#3954,#2964,#2965);
#2432=AXIS2_PLACEMENT_3D('',#3956,#2966,#2967);
#2433=AXIS2_PLACEMENT_3D('',#3958,#2969,#2970);
#2434=AXIS2_PLACEMENT_3D('',#3960,#2971,#2972);
#2435=AXIS2_PLACEMENT_3D('',#3962,#2974,#2975);
#2436=AXIS2_PLACEMENT_3D('',#3964,#2976,#2977);
#2437=AXIS2_PLACEMENT_3D('',#3966,#2979,#2980);
#2438=AXIS2_PLACEMENT_3D('',#3972,#2984,#2985);
#2439=AXIS2_PLACEMENT_3D('',#3974,#2986,#2987);
#2440=AXIS2_PLACEMENT_3D('',#3976,#2989,#2990);
#2441=AXIS2_PLACEMENT_3D('',#3980,#2993,#2994);
#2442=AXIS2_PLACEMENT_3D('',#3982,#2995,#2996);
#2443=AXIS2_PLACEMENT_3D('',#3984,#2998,#2999);
#2444=AXIS2_PLACEMENT_3D('',#3988,#3002,#3003);
#2445=AXIS2_PLACEMENT_3D('',#3990,#3004,#3005);
#2446=AXIS2_PLACEMENT_3D('',#3992,#3007,#3008);
#2447=AXIS2_PLACEMENT_3D('',#3996,#3011,#3012);
#2448=AXIS2_PLACEMENT_3D('',#3997,#3013,#3014);
#2449=AXIS2_PLACEMENT_3D('',#3998,#3015,#3016);
#2450=DIRECTION('axis',(0.,0.,1.));
#2451=DIRECTION('refdir',(1.,0.,0.));
#2452=DIRECTION('center_axis',(-1.,0.,0.));
#2453=DIRECTION('ref_axis',(0.,-1.,0.));
#2454=DIRECTION('',(0.,0.,1.));
#2455=DIRECTION('',(0.,1.,0.));
#2456=DIRECTION('',(0.,0.,-1.));
#2457=DIRECTION('',(0.,-1.,0.));
#2458=DIRECTION('center_axis',(0.,0.,1.));
#2459=DIRECTION('ref_axis',(1.,0.,0.));
#2460=DIRECTION('center_axis',(0.,0.,1.));
#2461=DIRECTION('ref_axis',(0.,-1.,0.));
#2462=DIRECTION('',(1.,0.,0.));
#2463=DIRECTION('center_axis',(0.,0.,1.));
#2464=DIRECTION('ref_axis',(-1.,1.77635683940025E-15,0.));
#2465=DIRECTION('',(-1.27905878413036E-16,-1.,0.));
#2466=DIRECTION('center_axis',(0.,0.,1.));
#2467=DIRECTION('ref_axis',(0.,1.,0.));
#2468=DIRECTION('',(-1.,0.,0.));
#2469=DIRECTION('center_axis',(0.,0.,1.));
#2470=DIRECTION('ref_axis',(1.,-2.66453525910039E-15,0.));
#2471=DIRECTION('',(0.,1.,0.));
#2472=DIRECTION('',(1.,0.,0.));
#2473=DIRECTION('',(3.99513110739077E-17,1.,0.));
#2474=DIRECTION('',(-1.,0.,0.));
#2475=DIRECTION('center_axis',(0.,0.,1.));
#2476=DIRECTION('ref_axis',(1.,0.,0.));
#2477=DIRECTION('center_axis',(0.,0.,1.));
#2478=DIRECTION('ref_axis',(1.,0.,0.));
#2479=DIRECTION('center_axis',(0.,0.,1.));
#2480=DIRECTION('ref_axis',(1.,0.,0.));
#2481=DIRECTION('center_axis',(0.,0.,1.));
#2482=DIRECTION('ref_axis',(1.,0.,0.));
#2483=DIRECTION('',(-1.,0.,0.));
#2484=DIRECTION('center_axis',(0.,0.,1.));
#2485=DIRECTION('ref_axis',(0.,1.,0.));
#2486=DIRECTION('',(1.70803542250025E-16,-1.,0.));
#2487=DIRECTION('center_axis',(0.,0.,1.));
#2488=DIRECTION('ref_axis',(-1.,0.,0.));
#2489=DIRECTION('',(1.,0.,0.));
#2490=DIRECTION('center_axis',(0.,0.,1.));
#2491=DIRECTION('ref_axis',(0.,-1.,0.));
#2492=DIRECTION('',(-3.41607084500049E-16,1.,0.));
#2493=DIRECTION('center_axis',(0.,0.,1.));
#2494=DIRECTION('ref_axis',(1.,0.,0.));
#2495=DIRECTION('',(-1.,0.,0.));
#2496=DIRECTION('center_axis',(0.,0.,1.));
#2497=DIRECTION('ref_axis',(0.,1.,0.));
#2498=DIRECTION('',(0.,-1.,0.));
#2499=DIRECTION('center_axis',(0.,0.,1.));
#2500=DIRECTION('ref_axis',(-1.,0.,0.));
#2501=DIRECTION('',(1.,0.,0.));
#2502=DIRECTION('center_axis',(0.,0.,1.));
#2503=DIRECTION('ref_axis',(0.,-1.,0.));
#2504=DIRECTION('',(0.,1.,0.));
#2505=DIRECTION('center_axis',(0.,0.,1.));
#2506=DIRECTION('ref_axis',(1.,0.,0.));
#2507=DIRECTION('',(-1.,0.,0.));
#2508=DIRECTION('center_axis',(0.,0.,1.));
#2509=DIRECTION('ref_axis',(0.,1.,0.));
#2510=DIRECTION('',(0.,-1.,0.));
#2511=DIRECTION('center_axis',(0.,0.,1.));
#2512=DIRECTION('ref_axis',(-1.,0.,0.));
#2513=DIRECTION('',(1.,0.,0.));
#2514=DIRECTION('center_axis',(0.,0.,1.));
#2515=DIRECTION('ref_axis',(8.88178419700128E-15,-1.,0.));
#2516=DIRECTION('',(0.,1.,0.));
#2517=DIRECTION('center_axis',(0.,0.,1.));
#2518=DIRECTION('ref_axis',(1.,0.,0.));
#2519=DIRECTION('',(-1.,0.,0.));
#2520=DIRECTION('center_axis',(0.,0.,1.));
#2521=DIRECTION('ref_axis',(0.,1.,0.));
#2522=DIRECTION('',(0.,-1.,0.));
#2523=DIRECTION('center_axis',(0.,0.,1.));
#2524=DIRECTION('ref_axis',(-1.,0.,0.));
#2525=DIRECTION('',(1.,0.,0.));
#2526=DIRECTION('center_axis',(0.,0.,1.));
#2527=DIRECTION('ref_axis',(0.,-1.,0.));
#2528=DIRECTION('',(0.,1.,0.));
#2529=DIRECTION('center_axis',(0.,0.,1.));
#2530=DIRECTION('ref_axis',(1.,0.,0.));
#2531=DIRECTION('',(-1.,0.,0.));
#2532=DIRECTION('center_axis',(0.,0.,1.));
#2533=DIRECTION('ref_axis',(0.,1.,0.));
#2534=DIRECTION('',(3.41607084500049E-16,-1.,0.));
#2535=DIRECTION('center_axis',(0.,0.,1.));
#2536=DIRECTION('ref_axis',(-1.,0.,0.));
#2537=DIRECTION('',(1.,0.,0.));
#2538=DIRECTION('center_axis',(0.,0.,1.));
#2539=DIRECTION('ref_axis',(0.,-1.,0.));
#2540=DIRECTION('',(-3.41607084500049E-16,1.,0.));
#2541=DIRECTION('center_axis',(0.,0.,1.));
#2542=DIRECTION('ref_axis',(1.,0.,0.));
#2543=DIRECTION('',(-0.999810241692936,-0.0194802619570072,0.));
#2544=DIRECTION('center_axis',(0.,0.,1.));
#2545=DIRECTION('ref_axis',(-0.861575077054574,0.507630167147703,0.));
#2546=DIRECTION('',(0.,-1.,0.));
#2547=DIRECTION('center_axis',(0.,0.,1.));
#2548=DIRECTION('ref_axis',(-1.,0.,0.));
#2549=DIRECTION('',(1.,0.,0.));
#2550=DIRECTION('center_axis',(0.,0.,1.));
#2551=DIRECTION('ref_axis',(0.,-1.,0.));
#2552=DIRECTION('',(0.,1.,0.));
#2553=DIRECTION('center_axis',(0.,0.,1.));
#2554=DIRECTION('ref_axis',(1.,0.,0.));
#2555=DIRECTION('',(-1.,0.,0.));
#2556=DIRECTION('center_axis',(0.,0.,1.));
#2557=DIRECTION('ref_axis',(0.,1.,0.));
#2558=DIRECTION('',(1.70803542250025E-16,-1.,0.));
#2559=DIRECTION('center_axis',(0.,0.,1.));
#2560=DIRECTION('ref_axis',(-1.,0.,0.));
#2561=DIRECTION('',(1.,0.,0.));
#2562=DIRECTION('center_axis',(0.,0.,1.));
#2563=DIRECTION('ref_axis',(8.88178419700128E-15,-1.,0.));
#2564=DIRECTION('',(0.,1.,0.));
#2565=DIRECTION('center_axis',(0.,0.,1.));
#2566=DIRECTION('ref_axis',(1.,0.,0.));
#2567=DIRECTION('',(-1.,0.,0.));
#2568=DIRECTION('center_axis',(0.,0.,1.));
#2569=DIRECTION('ref_axis',(0.,1.,0.));
#2570=DIRECTION('',(1.70803542250025E-16,-1.,0.));
#2571=DIRECTION('center_axis',(0.,0.,1.));
#2572=DIRECTION('ref_axis',(-1.,0.,0.));
#2573=DIRECTION('',(1.,0.,0.));
#2574=DIRECTION('center_axis',(0.,0.,1.));
#2575=DIRECTION('ref_axis',(0.,-1.,0.));
#2576=DIRECTION('',(0.,1.,0.));
#2577=DIRECTION('center_axis',(0.,0.,1.));
#2578=DIRECTION('ref_axis',(1.,0.,0.));
#2579=DIRECTION('',(-1.,0.,0.));
#2580=DIRECTION('center_axis',(0.,0.,1.));
#2581=DIRECTION('ref_axis',(0.,1.,0.));
#2582=DIRECTION('',(0.,-1.,0.));
#2583=DIRECTION('center_axis',(0.,0.,1.));
#2584=DIRECTION('ref_axis',(-1.,0.,0.));
#2585=DIRECTION('',(1.,0.,0.));
#2586=DIRECTION('center_axis',(0.,0.,1.));
#2587=DIRECTION('ref_axis',(0.,-1.,0.));
#2588=DIRECTION('',(0.,1.,0.));
#2589=DIRECTION('center_axis',(0.,0.,1.));
#2590=DIRECTION('ref_axis',(1.,0.,0.));
#2591=DIRECTION('',(0.,1.,0.));
#2592=DIRECTION('',(0.,-1.,0.));
#2593=DIRECTION('center_axis',(0.,-1.,0.));
#2594=DIRECTION('ref_axis',(1.,0.,0.));
#2595=DIRECTION('',(1.,0.,0.));
#2596=DIRECTION('',(0.,0.,1.));
#2597=DIRECTION('center_axis',(0.,1.,0.));
#2598=DIRECTION('ref_axis',(-1.,0.,0.));
#2599=DIRECTION('',(0.,0.,1.));
#2600=DIRECTION('',(-1.,0.,0.));
#2601=DIRECTION('',(0.,0.,1.));
#2602=DIRECTION('',(0.,0.,1.));
#2603=DIRECTION('',(0.,0.,1.));
#2604=DIRECTION('',(0.,0.,1.));
#2605=DIRECTION('',(0.,0.,1.));
#2606=DIRECTION('',(0.,0.,1.));
#2607=DIRECTION('',(0.,0.,1.));
#2608=DIRECTION('',(0.,0.,1.));
#2609=DIRECTION('',(0.,0.,1.));
#2610=DIRECTION('',(0.,0.,1.));
#2611=DIRECTION('',(0.,0.,1.));
#2612=DIRECTION('',(0.,0.,1.));
#2613=DIRECTION('',(0.,0.,1.));
#2614=DIRECTION('',(0.,0.,1.));
#2615=DIRECTION('',(0.,0.,1.));
#2616=DIRECTION('',(0.,0.,1.));
#2617=DIRECTION('',(0.,0.,1.));
#2618=DIRECTION('',(0.,0.,1.));
#2619=DIRECTION('center_axis',(-1.,0.,0.));
#2620=DIRECTION('ref_axis',(0.,-1.,0.));
#2621=DIRECTION('',(0.,0.,1.));
#2622=DIRECTION('',(0.,-1.,0.));
#2623=DIRECTION('',(0.,0.,1.));
#2624=DIRECTION('',(0.,0.,1.));
#2625=DIRECTION('center_axis',(1.,0.,0.));
#2626=DIRECTION('ref_axis',(0.,1.,0.));
#2627=DIRECTION('',(0.,1.,0.));
#2628=DIRECTION('center_axis',(0.,0.,1.));
#2629=DIRECTION('ref_axis',(1.,0.,0.));
#2630=DIRECTION('center_axis',(0.,0.,1.));
#2631=DIRECTION('ref_axis',(1.,0.,0.));
#2632=DIRECTION('center_axis',(0.,1.,0.));
#2633=DIRECTION('ref_axis',(-1.,0.,0.));
#2634=DIRECTION('',(0.,0.,1.));
#2635=DIRECTION('',(1.,0.,0.));
#2636=DIRECTION('',(0.,0.,1.));
#2637=DIRECTION('center_axis',(0.,0.,1.));
#2638=DIRECTION('ref_axis',(1.,0.,0.));
#2639=DIRECTION('',(0.,0.,1.));
#2640=DIRECTION('center_axis',(0.,0.,-1.));
#2641=DIRECTION('ref_axis',(1.,0.,0.));
#2642=DIRECTION('center_axis',(1.,0.,0.));
#2643=DIRECTION('ref_axis',(0.,1.,0.));
#2644=DIRECTION('',(0.,0.,1.));
#2645=DIRECTION('',(0.,-1.,0.));
#2646=DIRECTION('center_axis',(0.,0.,1.));
#2647=DIRECTION('ref_axis',(0.,-1.,0.));
#2648=DIRECTION('',(0.,0.,1.));
#2649=DIRECTION('center_axis',(0.,0.,-1.));
#2650=DIRECTION('ref_axis',(0.,-1.,0.));
#2651=DIRECTION('center_axis',(0.,-1.,0.));
#2652=DIRECTION('ref_axis',(1.,0.,0.));
#2653=DIRECTION('',(0.,0.,1.));
#2654=DIRECTION('',(-1.,0.,0.));
#2655=DIRECTION('center_axis',(0.,0.,1.));
#2656=DIRECTION('ref_axis',(-1.,0.,0.));
#2657=DIRECTION('',(0.,0.,1.));
#2658=DIRECTION('center_axis',(0.,0.,-1.));
#2659=DIRECTION('ref_axis',(-1.,0.,0.));
#2660=DIRECTION('center_axis',(-1.,0.,0.));
#2661=DIRECTION('ref_axis',(0.,-1.,0.));
#2662=DIRECTION('',(0.,0.,1.));
#2663=DIRECTION('',(0.,1.,0.));
#2664=DIRECTION('center_axis',(0.,0.,1.));
#2665=DIRECTION('ref_axis',(0.,1.,0.));
#2666=DIRECTION('center_axis',(0.,0.,-1.));
#2667=DIRECTION('ref_axis',(0.,1.,0.));
#2668=DIRECTION('center_axis',(0.,1.,0.));
#2669=DIRECTION('ref_axis',(-1.,0.,0.));
#2670=DIRECTION('',(0.,0.,1.));
#2671=DIRECTION('',(1.,0.,0.));
#2672=DIRECTION('',(0.,0.,1.));
#2673=DIRECTION('center_axis',(0.,0.,1.));
#2674=DIRECTION('ref_axis',(1.,0.,0.));
#2675=DIRECTION('',(0.,0.,1.));
#2676=DIRECTION('center_axis',(0.,0.,-1.));
#2677=DIRECTION('ref_axis',(1.,0.,0.));
#2678=DIRECTION('center_axis',(1.,0.,0.));
#2679=DIRECTION('ref_axis',(0.,1.,0.));
#2680=DIRECTION('',(0.,0.,1.));
#2681=DIRECTION('',(0.,-1.,0.));
#2682=DIRECTION('center_axis',(0.,0.,1.));
#2683=DIRECTION('ref_axis',(0.,-1.,0.));
#2684=DIRECTION('',(0.,0.,1.));
#2685=DIRECTION('center_axis',(0.,0.,-1.));
#2686=DIRECTION('ref_axis',(0.,-1.,0.));
#2687=DIRECTION('center_axis',(0.,-1.,0.));
#2688=DIRECTION('ref_axis',(1.,0.,0.));
#2689=DIRECTION('',(0.,0.,1.));
#2690=DIRECTION('',(-1.,0.,0.));
#2691=DIRECTION('center_axis',(0.,0.,1.));
#2692=DIRECTION('ref_axis',(-1.,0.,0.));
#2693=DIRECTION('',(0.,0.,1.));
#2694=DIRECTION('center_axis',(0.,0.,-1.));
#2695=DIRECTION('ref_axis',(-1.,0.,0.));
#2696=DIRECTION('center_axis',(-1.,-1.70803542250025E-16,0.));
#2697=DIRECTION('ref_axis',(1.70803542250025E-16,-1.,0.));
#2698=DIRECTION('',(0.,0.,1.));
#2699=DIRECTION('',(-1.70803542250025E-16,1.,0.));
#2700=DIRECTION('center_axis',(0.,0.,1.));
#2701=DIRECTION('ref_axis',(0.,1.,0.));
#2702=DIRECTION('center_axis',(0.,0.,-1.));
#2703=DIRECTION('ref_axis',(0.,1.,0.));
#2704=DIRECTION('center_axis',(0.,1.,0.));
#2705=DIRECTION('ref_axis',(-1.,0.,0.));
#2706=DIRECTION('',(0.,0.,1.));
#2707=DIRECTION('',(1.,0.,0.));
#2708=DIRECTION('',(0.,0.,1.));
#2709=DIRECTION('center_axis',(0.,0.,1.));
#2710=DIRECTION('ref_axis',(1.,0.,0.));
#2711=DIRECTION('',(0.,0.,1.));
#2712=DIRECTION('center_axis',(0.,0.,-1.));
#2713=DIRECTION('ref_axis',(1.,0.,0.));
#2714=DIRECTION('center_axis',(1.,0.,0.));
#2715=DIRECTION('ref_axis',(0.,1.,0.));
#2716=DIRECTION('',(0.,0.,1.));
#2717=DIRECTION('',(0.,-1.,0.));
#2718=DIRECTION('center_axis',(0.,0.,1.));
#2719=DIRECTION('ref_axis',(8.88178419700128E-15,-1.,0.));
#2720=DIRECTION('',(0.,0.,1.));
#2721=DIRECTION('center_axis',(0.,0.,-1.));
#2722=DIRECTION('ref_axis',(8.88178419700128E-15,-1.,0.));
#2723=DIRECTION('center_axis',(0.,-1.,0.));
#2724=DIRECTION('ref_axis',(1.,0.,0.));
#2725=DIRECTION('',(0.,0.,1.));
#2726=DIRECTION('',(-1.,0.,0.));
#2727=DIRECTION('center_axis',(0.,0.,1.));
#2728=DIRECTION('ref_axis',(-1.,0.,0.));
#2729=DIRECTION('',(0.,0.,1.));
#2730=DIRECTION('center_axis',(0.,0.,-1.));
#2731=DIRECTION('ref_axis',(-1.,0.,0.));
#2732=DIRECTION('center_axis',(-1.,-1.70803542250025E-16,0.));
#2733=DIRECTION('ref_axis',(1.70803542250025E-16,-1.,0.));
#2734=DIRECTION('',(0.,0.,1.));
#2735=DIRECTION('',(-1.70803542250025E-16,1.,0.));
#2736=DIRECTION('center_axis',(0.,0.,1.));
#2737=DIRECTION('ref_axis',(0.,1.,0.));
#2738=DIRECTION('center_axis',(0.,0.,-1.));
#2739=DIRECTION('ref_axis',(0.,1.,0.));
#2740=DIRECTION('center_axis',(-0.0194802619570072,0.999810241692936,0.));
#2741=DIRECTION('ref_axis',(-0.999810241692936,-0.0194802619570072,0.));
#2742=DIRECTION('',(0.,0.,1.));
#2743=DIRECTION('',(0.999810241692936,0.0194802619570072,0.));
#2744=DIRECTION('',(0.,0.,1.));
#2745=DIRECTION('center_axis',(0.,0.,1.));
#2746=DIRECTION('ref_axis',(1.,0.,0.));
#2747=DIRECTION('',(0.,0.,1.));
#2748=DIRECTION('center_axis',(0.,0.,-1.));
#2749=DIRECTION('ref_axis',(1.,0.,0.));
#2750=DIRECTION('center_axis',(1.,0.,0.));
#2751=DIRECTION('ref_axis',(0.,1.,0.));
#2752=DIRECTION('',(0.,0.,1.));
#2753=DIRECTION('',(0.,-1.,0.));
#2754=DIRECTION('center_axis',(0.,0.,1.));
#2755=DIRECTION('ref_axis',(0.,-1.,0.));
#2756=DIRECTION('',(0.,0.,1.));
#2757=DIRECTION('center_axis',(0.,0.,-1.));
#2758=DIRECTION('ref_axis',(0.,-1.,0.));
#2759=DIRECTION('center_axis',(0.,-1.,0.));
#2760=DIRECTION('ref_axis',(1.,0.,0.));
#2761=DIRECTION('',(0.,0.,1.));
#2762=DIRECTION('',(-1.,0.,0.));
#2763=DIRECTION('center_axis',(0.,0.,1.));
#2764=DIRECTION('ref_axis',(-1.,0.,0.));
#2765=DIRECTION('',(0.,0.,1.));
#2766=DIRECTION('center_axis',(0.,0.,-1.));
#2767=DIRECTION('ref_axis',(-1.,0.,0.));
#2768=DIRECTION('center_axis',(-1.,0.,0.));
#2769=DIRECTION('ref_axis',(0.,-1.,0.));
#2770=DIRECTION('',(0.,0.,1.));
#2771=DIRECTION('',(0.,1.,0.));
#2772=DIRECTION('center_axis',(0.,0.,1.));
#2773=DIRECTION('ref_axis',(-0.861575077054574,0.507630167147703,0.));
#2774=DIRECTION('center_axis',(0.,0.,-1.));
#2775=DIRECTION('ref_axis',(-0.861575077054574,0.507630167147703,0.));
#2776=DIRECTION('center_axis',(0.,1.,0.));
#2777=DIRECTION('ref_axis',(-1.,0.,0.));
#2778=DIRECTION('',(0.,0.,1.));
#2779=DIRECTION('',(1.,0.,0.));
#2780=DIRECTION('',(0.,0.,1.));
#2781=DIRECTION('center_axis',(0.,0.,1.));
#2782=DIRECTION('ref_axis',(1.,0.,0.));
#2783=DIRECTION('',(0.,0.,1.));
#2784=DIRECTION('center_axis',(0.,0.,-1.));
#2785=DIRECTION('ref_axis',(1.,0.,0.));
#2786=DIRECTION('center_axis',(1.,3.41607084500049E-16,0.));
#2787=DIRECTION('ref_axis',(-3.41607084500049E-16,1.,0.));
#2788=DIRECTION('',(0.,0.,1.));
#2789=DIRECTION('',(3.41607084500049E-16,-1.,0.));
#2790=DIRECTION('center_axis',(0.,0.,1.));
#2791=DIRECTION('ref_axis',(0.,-1.,0.));
#2792=DIRECTION('',(0.,0.,1.));
#2793=DIRECTION('center_axis',(0.,0.,-1.));
#2794=DIRECTION('ref_axis',(0.,-1.,0.));
#2795=DIRECTION('center_axis',(0.,-1.,0.));
#2796=DIRECTION('ref_axis',(1.,0.,0.));
#2797=DIRECTION('',(0.,0.,1.));
#2798=DIRECTION('',(-1.,0.,0.));
#2799=DIRECTION('center_axis',(0.,0.,1.));
#2800=DIRECTION('ref_axis',(-1.,0.,0.));
#2801=DIRECTION('',(0.,0.,1.));
#2802=DIRECTION('center_axis',(0.,0.,-1.));
#2803=DIRECTION('ref_axis',(-1.,0.,0.));
#2804=DIRECTION('center_axis',(-1.,-3.41607084500049E-16,0.));
#2805=DIRECTION('ref_axis',(3.41607084500049E-16,-1.,0.));
#2806=DIRECTION('',(0.,0.,1.));
#2807=DIRECTION('',(-3.41607084500049E-16,1.,0.));
#2808=DIRECTION('center_axis',(0.,0.,1.));
#2809=DIRECTION('ref_axis',(0.,1.,0.));
#2810=DIRECTION('center_axis',(0.,0.,-1.));
#2811=DIRECTION('ref_axis',(0.,1.,0.));
#2812=DIRECTION('center_axis',(0.,1.,0.));
#2813=DIRECTION('ref_axis',(-1.,0.,0.));
#2814=DIRECTION('',(0.,0.,1.));
#2815=DIRECTION('',(1.,0.,0.));
#2816=DIRECTION('',(0.,0.,1.));
#2817=DIRECTION('center_axis',(0.,0.,1.));
#2818=DIRECTION('ref_axis',(1.,0.,0.));
#2819=DIRECTION('',(0.,0.,1.));
#2820=DIRECTION('center_axis',(0.,0.,-1.));
#2821=DIRECTION('ref_axis',(1.,0.,0.));
#2822=DIRECTION('center_axis',(1.,0.,0.));
#2823=DIRECTION('ref_axis',(0.,1.,0.));
#2824=DIRECTION('',(0.,0.,1.));
#2825=DIRECTION('',(0.,-1.,0.));
#2826=DIRECTION('center_axis',(0.,0.,1.));
#2827=DIRECTION('ref_axis',(0.,-1.,0.));
#2828=DIRECTION('',(0.,0.,1.));
#2829=DIRECTION('center_axis',(0.,0.,-1.));
#2830=DIRECTION('ref_axis',(0.,-1.,0.));
#2831=DIRECTION('center_axis',(0.,-1.,0.));
#2832=DIRECTION('ref_axis',(1.,0.,0.));
#2833=DIRECTION('',(0.,0.,1.));
#2834=DIRECTION('',(-1.,0.,0.));
#2835=DIRECTION('center_axis',(0.,0.,1.));
#2836=DIRECTION('ref_axis',(-1.,0.,0.));
#2837=DIRECTION('',(0.,0.,1.));
#2838=DIRECTION('center_axis',(0.,0.,-1.));
#2839=DIRECTION('ref_axis',(-1.,0.,0.));
#2840=DIRECTION('center_axis',(-1.,0.,0.));
#2841=DIRECTION('ref_axis',(0.,-1.,0.));
#2842=DIRECTION('',(0.,0.,1.));
#2843=DIRECTION('',(0.,1.,0.));
#2844=DIRECTION('center_axis',(0.,0.,1.));
#2845=DIRECTION('ref_axis',(0.,1.,0.));
#2846=DIRECTION('center_axis',(0.,0.,-1.));
#2847=DIRECTION('ref_axis',(0.,1.,0.));
#2848=DIRECTION('center_axis',(0.,1.,0.));
#2849=DIRECTION('ref_axis',(-1.,0.,0.));
#2850=DIRECTION('',(0.,0.,1.));
#2851=DIRECTION('',(1.,0.,0.));
#2852=DIRECTION('',(0.,0.,1.));
#2853=DIRECTION('center_axis',(0.,0.,1.));
#2854=DIRECTION('ref_axis',(1.,0.,0.));
#2855=DIRECTION('',(0.,0.,1.));
#2856=DIRECTION('center_axis',(0.,0.,-1.));
#2857=DIRECTION('ref_axis',(1.,0.,0.));
#2858=DIRECTION('center_axis',(1.,0.,0.));
#2859=DIRECTION('ref_axis',(0.,1.,0.));
#2860=DIRECTION('',(0.,0.,1.));
#2861=DIRECTION('',(0.,-1.,0.));
#2862=DIRECTION('center_axis',(0.,0.,1.));
#2863=DIRECTION('ref_axis',(8.88178419700128E-15,-1.,0.));
#2864=DIRECTION('',(0.,0.,1.));
#2865=DIRECTION('center_axis',(0.,0.,-1.));
#2866=DIRECTION('ref_axis',(8.88178419700128E-15,-1.,0.));
#2867=DIRECTION('center_axis',(0.,-1.,0.));
#2868=DIRECTION('ref_axis',(1.,0.,0.));
#2869=DIRECTION('',(0.,0.,1.));
#2870=DIRECTION('',(-1.,0.,0.));
#2871=DIRECTION('center_axis',(0.,0.,1.));
#2872=DIRECTION('ref_axis',(-1.,0.,0.));
#2873=DIRECTION('',(0.,0.,1.));
#2874=DIRECTION('center_axis',(0.,0.,-1.));
#2875=DIRECTION('ref_axis',(-1.,0.,0.));
#2876=DIRECTION('center_axis',(-1.,0.,0.));
#2877=DIRECTION('ref_axis',(0.,-1.,0.));
#2878=DIRECTION('',(0.,0.,1.));
#2879=DIRECTION('',(0.,1.,0.));
#2880=DIRECTION('center_axis',(0.,0.,1.));
#2881=DIRECTION('ref_axis',(0.,1.,0.));
#2882=DIRECTION('center_axis',(0.,0.,-1.));
#2883=DIRECTION('ref_axis',(0.,1.,0.));
#2884=DIRECTION('center_axis',(0.,1.,0.));
#2885=DIRECTION('ref_axis',(-1.,0.,0.));
#2886=DIRECTION('',(0.,0.,1.));
#2887=DIRECTION('',(1.,0.,0.));
#2888=DIRECTION('',(0.,0.,1.));
#2889=DIRECTION('center_axis',(0.,0.,1.));
#2890=DIRECTION('ref_axis',(1.,0.,0.));
#2891=DIRECTION('',(0.,0.,1.));
#2892=DIRECTION('center_axis',(0.,0.,-1.));
#2893=DIRECTION('ref_axis',(1.,0.,0.));
#2894=DIRECTION('center_axis',(1.,0.,0.));
#2895=DIRECTION('ref_axis',(0.,1.,0.));
#2896=DIRECTION('',(0.,0.,1.));
#2897=DIRECTION('',(0.,-1.,0.));
#2898=DIRECTION('center_axis',(0.,0.,1.));
#2899=DIRECTION('ref_axis',(0.,-1.,0.));
#2900=DIRECTION('',(0.,0.,1.));
#2901=DIRECTION('center_axis',(0.,0.,-1.));
#2902=DIRECTION('ref_axis',(0.,-1.,0.));
#2903=DIRECTION('center_axis',(0.,-1.,0.));
#2904=DIRECTION('ref_axis',(1.,0.,0.));
#2905=DIRECTION('',(0.,0.,1.));
#2906=DIRECTION('',(-1.,0.,0.));
#2907=DIRECTION('center_axis',(0.,0.,1.));
#2908=DIRECTION('ref_axis',(-1.,0.,0.));
#2909=DIRECTION('',(0.,0.,1.));
#2910=DIRECTION('center_axis',(0.,0.,-1.));
#2911=DIRECTION('ref_axis',(-1.,0.,0.));
#2912=DIRECTION('center_axis',(-1.,0.,0.));
#2913=DIRECTION('ref_axis',(0.,-1.,0.));
#2914=DIRECTION('',(0.,0.,1.));
#2915=DIRECTION('',(0.,1.,0.));
#2916=DIRECTION('center_axis',(0.,0.,1.));
#2917=DIRECTION('ref_axis',(0.,1.,0.));
#2918=DIRECTION('center_axis',(0.,0.,-1.));
#2919=DIRECTION('ref_axis',(0.,1.,0.));
#2920=DIRECTION('center_axis',(0.,1.,0.));
#2921=DIRECTION('ref_axis',(-1.,0.,0.));
#2922=DIRECTION('',(0.,0.,1.));
#2923=DIRECTION('',(1.,0.,0.));
#2924=DIRECTION('',(0.,0.,1.));
#2925=DIRECTION('center_axis',(0.,0.,1.));
#2926=DIRECTION('ref_axis',(1.,0.,0.));
#2927=DIRECTION('',(0.,0.,1.));
#2928=DIRECTION('center_axis',(0.,0.,-1.));
#2929=DIRECTION('ref_axis',(1.,0.,0.));
#2930=DIRECTION('center_axis',(1.,3.41607084500049E-16,0.));
#2931=DIRECTION('ref_axis',(-3.41607084500049E-16,1.,0.));
#2932=DIRECTION('',(0.,0.,1.));
#2933=DIRECTION('',(3.41607084500049E-16,-1.,0.));
#2934=DIRECTION('center_axis',(0.,0.,1.));
#2935=DIRECTION('ref_axis',(0.,-1.,0.));
#2936=DIRECTION('',(0.,0.,1.));
#2937=DIRECTION('center_axis',(0.,0.,-1.));
#2938=DIRECTION('ref_axis',(0.,-1.,0.));
#2939=DIRECTION('center_axis',(0.,-1.,0.));
#2940=DIRECTION('ref_axis',(1.,0.,0.));
#2941=DIRECTION('',(0.,0.,1.));
#2942=DIRECTION('',(-1.,0.,0.));
#2943=DIRECTION('center_axis',(0.,0.,1.));
#2944=DIRECTION('ref_axis',(-1.,0.,0.));
#2945=DIRECTION('',(0.,0.,1.));
#2946=DIRECTION('center_axis',(0.,0.,-1.));
#2947=DIRECTION('ref_axis',(-1.,0.,0.));
#2948=DIRECTION('center_axis',(-1.,-1.70803542250025E-16,0.));
#2949=DIRECTION('ref_axis',(1.70803542250025E-16,-1.,0.));
#2950=DIRECTION('',(0.,0.,1.));
#2951=DIRECTION('',(-1.70803542250025E-16,1.,0.));
#2952=DIRECTION('center_axis',(0.,0.,1.));
#2953=DIRECTION('ref_axis',(0.,1.,0.));
#2954=DIRECTION('center_axis',(0.,0.,-1.));
#2955=DIRECTION('ref_axis',(0.,1.,0.));
#2956=DIRECTION('center_axis',(1.,-3.99513110739077E-17,0.));
#2957=DIRECTION('ref_axis',(3.99513110739077E-17,1.,0.));
#2958=DIRECTION('',(3.99513110739077E-17,1.,0.));
#2959=DIRECTION('center_axis',(0.,0.,1.));
#2960=DIRECTION('ref_axis',(1.,0.,0.));
#2961=DIRECTION('center_axis',(0.,0.,-1.));
#2962=DIRECTION('ref_axis',(1.,0.,0.));
#2963=DIRECTION('',(0.,0.,-1.));
#2964=DIRECTION('center_axis',(0.,0.,1.));
#2965=DIRECTION('ref_axis',(1.,0.,0.));
#2966=DIRECTION('center_axis',(0.,0.,-1.));
#2967=DIRECTION('ref_axis',(1.,0.,0.));
#2968=DIRECTION('',(0.,0.,-1.));
#2969=DIRECTION('center_axis',(0.,0.,1.));
#2970=DIRECTION('ref_axis',(1.,0.,0.));
#2971=DIRECTION('center_axis',(0.,0.,-1.));
#2972=DIRECTION('ref_axis',(1.,0.,0.));
#2973=DIRECTION('',(0.,0.,-1.));
#2974=DIRECTION('center_axis',(0.,0.,1.));
#2975=DIRECTION('ref_axis',(1.,0.,0.));
#2976=DIRECTION('center_axis',(0.,0.,-1.));
#2977=DIRECTION('ref_axis',(1.,0.,0.));
#2978=DIRECTION('',(0.,0.,-1.));
#2979=DIRECTION('center_axis',(0.,-1.,0.));
#2980=DIRECTION('ref_axis',(1.,0.,0.));
#2981=DIRECTION('',(0.,0.,1.));
#2982=DIRECTION('',(1.,0.,0.));
#2983=DIRECTION('',(0.,0.,1.));
#2984=DIRECTION('center_axis',(0.,0.,1.));
#2985=DIRECTION('ref_axis',(-1.,1.77635683940025E-15,0.));
#2986=DIRECTION('center_axis',(0.,0.,1.));
#2987=DIRECTION('ref_axis',(-1.,1.77635683940025E-15,0.));
#2988=DIRECTION('',(0.,0.,1.));
#2989=DIRECTION('center_axis',(-1.,1.27905878413036E-16,0.));
#2990=DIRECTION('ref_axis',(-1.27905878413036E-16,-1.,0.));
#2991=DIRECTION('',(-1.27905878413036E-16,-1.,0.));
#2992=DIRECTION('',(0.,0.,1.));
#2993=DIRECTION('center_axis',(0.,0.,1.));
#2994=DIRECTION('ref_axis',(0.,1.,0.));
#2995=DIRECTION('center_axis',(0.,0.,1.));
#2996=DIRECTION('ref_axis',(0.,1.,0.));
#2997=DIRECTION('',(0.,0.,1.));
#2998=DIRECTION('center_axis',(0.,1.,0.));
#2999=DIRECTION('ref_axis',(-1.,0.,0.));
#3000=DIRECTION('',(-1.,0.,0.));
#3001=DIRECTION('',(0.,0.,1.));
#3002=DIRECTION('center_axis',(0.,0.,1.));
#3003=DIRECTION('ref_axis',(1.,-2.66453525910039E-15,0.));
#3004=DIRECTION('center_axis',(0.,0.,1.));
#3005=DIRECTION('ref_axis',(1.,-2.66453525910039E-15,0.));
#3006=DIRECTION('',(0.,0.,1.));
#3007=DIRECTION('center_axis',(1.,0.,0.));
#3008=DIRECTION('ref_axis',(0.,1.,0.));
#3009=DIRECTION('',(0.,1.,0.));
#3010=DIRECTION('',(0.,0.,1.));
#3011=DIRECTION('center_axis',(0.,0.,1.));
#3012=DIRECTION('ref_axis',(0.,-1.,0.));
#3013=DIRECTION('center_axis',(0.,0.,1.));
#3014=DIRECTION('ref_axis',(0.,-1.,0.));
#3015=DIRECTION('center_axis',(0.,0.,1.));
#3016=DIRECTION('ref_axis',(1.,0.,0.));
#3017=CARTESIAN_POINT('',(0.,0.,0.));
#3018=CARTESIAN_POINT('Origin',(30.6697547821967,27.0934684706381,0.));
#3019=CARTESIAN_POINT('',(30.6697547821967,27.0931299102822,0.));
#3020=CARTESIAN_POINT('',(30.6697547821967,27.0931299102822,1.5));
#3021=CARTESIAN_POINT('',(30.6697547821967,27.0931299102822,0.));
#3022=CARTESIAN_POINT('',(30.6697547821967,-28.48567383759,0.));
#3023=CARTESIAN_POINT('',(30.6697547821967,-28.48567383759,0.));
#3024=CARTESIAN_POINT('',(30.6697547821967,-28.48567383759,1.5));
#3025=CARTESIAN_POINT('',(30.6697547821967,-28.4856731268099,0.));
#3026=CARTESIAN_POINT('',(30.6697547821967,-28.48567383759,1.5));
#3027=CARTESIAN_POINT('Origin',(-10.2148978510709,-0.499911152648038,0.));
#3028=CARTESIAN_POINT('',(35.0701021489291,-40.219911152648,0.));
#3029=CARTESIAN_POINT('',(40.0701021489291,-35.219911152648,0.));
#3030=CARTESIAN_POINT('Origin',(35.0701021489291,-35.219911152648,0.));
#3031=CARTESIAN_POINT('',(-55.4998978510709,-40.219911152648,0.));
#3032=CARTESIAN_POINT('',(-55.4998978510709,-40.219911152648,0.));
#3033=CARTESIAN_POINT('',(-60.4998978510709,-35.219911152648,0.));
#3034=CARTESIAN_POINT('Origin',(-55.4998978510709,-35.219911152648,0.));
#3035=CARTESIAN_POINT('',(-60.4998978510709,34.220088847352,0.));
#3036=CARTESIAN_POINT('',(-60.4998978510709,34.220088847352,0.));
#3037=CARTESIAN_POINT('',(-55.4998978510709,39.220088847352,0.));
#3038=CARTESIAN_POINT('Origin',(-55.4998978510709,34.220088847352,0.));
#3039=CARTESIAN_POINT('',(35.0701021489291,39.220088847352,0.));
#3040=CARTESIAN_POINT('',(35.0701021489291,39.220088847352,0.));
#3041=CARTESIAN_POINT('',(40.0701021489291,34.220088847352,0.));
#3042=CARTESIAN_POINT('Origin',(35.0701021489291,34.220088847352,0.));
#3043=CARTESIAN_POINT('',(40.0701021489291,-35.219911152648,0.));
#3044=CARTESIAN_POINT('',(7.91000500045029,27.0931299102822,0.));
#3045=CARTESIAN_POINT('',(7.91000500045029,27.0931299102822,0.));
#3046=CARTESIAN_POINT('',(7.91000500045029,-28.4856731268099,0.));
#3047=CARTESIAN_POINT('',(7.91000500045029,-28.4856731268099,0.));
#3048=CARTESIAN_POINT('',(34.4911716703639,-28.4856731268099,0.));
#3049=CARTESIAN_POINT('',(-57.1999330750658,-35.2200442147795,0.));
#3050=CARTESIAN_POINT('Origin',(-55.4999330750658,-35.2200442147795,0.));
#3051=CARTESIAN_POINT('',(33.370175620787,-35.2199331769953,0.));
#3052=CARTESIAN_POINT('Origin',(35.070175620787,-35.2199331769953,0.));
#3053=CARTESIAN_POINT('',(33.3705585170782,34.2193559228499,0.));
#3054=CARTESIAN_POINT('Origin',(35.0705585170782,34.2193559228499,0.));
#3055=CARTESIAN_POINT('',(-57.1998978510709,34.220088847352,0.));
#3056=CARTESIAN_POINT('Origin',(-55.4998978510709,34.220088847352,0.));
#3057=CARTESIAN_POINT('',(-33.5554845230896,-12.6525881834104,0.));
#3058=CARTESIAN_POINT('',(-46.5554845230895,-12.6525881834104,0.));
#3059=CARTESIAN_POINT('',(-21.8851911870803,-12.6525881834104,0.));
#3060=CARTESIAN_POINT('',(-47.0554845230895,-13.1525881834104,0.));
#3061=CARTESIAN_POINT('Origin',(-46.5554845230895,-13.1525881834104,0.));
#3062=CARTESIAN_POINT('',(-47.0554845230895,-26.1525881834104,0.));
#3063=CARTESIAN_POINT('',(-47.0554845230895,-6.82624966802922,0.));
#3064=CARTESIAN_POINT('',(-46.5554845230895,-26.6525881834104,0.));
#3065=CARTESIAN_POINT('Origin',(-46.5554845230895,-26.1525881834104,0.));
#3066=CARTESIAN_POINT('',(-33.5554845230896,-26.6525881834104,0.));
#3067=CARTESIAN_POINT('',(-28.3851911870802,-26.6525881834104,0.));
#3068=CARTESIAN_POINT('',(-33.0554845230896,-26.1525881834104,0.));
#3069=CARTESIAN_POINT('Origin',(-33.5554845230896,-26.1525881834104,0.));
#3070=CARTESIAN_POINT('',(-33.0554845230896,-13.1525881834104,0.));
#3071=CARTESIAN_POINT('',(-33.0554845230896,-13.3262496680292,0.));
#3072=CARTESIAN_POINT('Origin',(-33.5554845230896,-13.1525881834104,0.));
#3073=CARTESIAN_POINT('',(4.54451547691033,6.39741181658953,0.));
#3074=CARTESIAN_POINT('',(-8.45548452308964,6.39741181658954,0.));
#3075=CARTESIAN_POINT('',(-2.83519118708031,6.39741181658954,0.));
#3076=CARTESIAN_POINT('',(-8.95548452308964,5.89741181658954,0.));
#3077=CARTESIAN_POINT('Origin',(-8.45548452308964,5.89741181658954,0.));
#3078=CARTESIAN_POINT('',(-8.95548452308965,-7.10258818341043,0.));
#3079=CARTESIAN_POINT('',(-8.95548452308965,2.69875033197075,0.));
#3080=CARTESIAN_POINT('',(-8.45548452308964,-7.60258818341043,0.));
#3081=CARTESIAN_POINT('Origin',(-8.45548452308964,-7.10258818341043,0.));
#3082=CARTESIAN_POINT('',(4.54451547691033,-7.60258818341042,0.));
#3083=CARTESIAN_POINT('',(-9.33519118708029,-7.60258818341042,0.));
#3084=CARTESIAN_POINT('',(5.04451547691033,-7.10258818341043,0.));
#3085=CARTESIAN_POINT('Origin',(4.54451547691033,-7.10258818341043,0.));
#3086=CARTESIAN_POINT('',(5.04451547691032,5.89741181658954,0.));
#3087=CARTESIAN_POINT('',(5.04451547691032,-3.80124966802923,0.));
#3088=CARTESIAN_POINT('Origin',(4.54451547691033,5.89741181658954,0.));
#3089=CARTESIAN_POINT('',(-14.5054845230896,25.4319118165895,0.));
#3090=CARTESIAN_POINT('',(-27.5054845230896,25.4319118165895,0.));
#3091=CARTESIAN_POINT('',(-12.3601911870803,25.4319118165895,0.));
#3092=CARTESIAN_POINT('',(-28.0054845230896,24.9319118165895,0.));
#3093=CARTESIAN_POINT('Origin',(-27.5054845230896,24.9319118165895,0.));
#3094=CARTESIAN_POINT('',(-28.0054845230896,11.9319118165895,0.));
#3095=CARTESIAN_POINT('',(-28.0054845230896,12.2160003319707,0.));
#3096=CARTESIAN_POINT('',(-27.5054845230896,11.4319118165895,0.));
#3097=CARTESIAN_POINT('Origin',(-27.5054845230896,11.9319118165895,0.));
#3098=CARTESIAN_POINT('',(-14.5054845230896,11.4319118165895,0.));
#3099=CARTESIAN_POINT('',(-18.8601911870803,11.4319118165895,0.));
#3100=CARTESIAN_POINT('',(-14.0054845230896,11.9319118165895,0.));
#3101=CARTESIAN_POINT('Origin',(-14.5054845230896,11.9319118165895,0.));
#3102=CARTESIAN_POINT('',(-14.0054845230896,24.9319118165895,0.));
#3103=CARTESIAN_POINT('',(-14.0054845230896,5.71600033197074,0.));
#3104=CARTESIAN_POINT('Origin',(-14.5054845230896,24.9319118165895,0.));
#3105=CARTESIAN_POINT('',(-14.5054845230896,6.39741181658954,0.));
#3106=CARTESIAN_POINT('',(-27.5054845230896,6.39741181658954,0.));
#3107=CARTESIAN_POINT('',(-12.3601911870803,6.39741181658954,0.));
#3108=CARTESIAN_POINT('',(-28.0054845230896,5.89741181658954,0.));
#3109=CARTESIAN_POINT('Origin',(-27.5054845230896,5.89741181658954,0.));
#3110=CARTESIAN_POINT('',(-28.0054845230896,-7.10258818341043,0.));
#3111=CARTESIAN_POINT('',(-28.0054845230896,2.69875033197075,0.));
#3112=CARTESIAN_POINT('',(-27.5054845230896,-7.60258818341042,0.));
#3113=CARTESIAN_POINT('Origin',(-27.5054845230896,-7.10258818341043,0.));
#3114=CARTESIAN_POINT('',(-14.5054845230896,-7.60258818341042,0.));
#3115=CARTESIAN_POINT('',(-18.8601911870803,-7.60258818341042,0.));
#3116=CARTESIAN_POINT('',(-14.0054845230896,-7.10258818341043,0.));
#3117=CARTESIAN_POINT('Origin',(-14.5054845230896,-7.10258818341043,0.));
#3118=CARTESIAN_POINT('',(-14.0054845230896,5.89741181658954,0.));
#3119=CARTESIAN_POINT('',(-14.0054845230896,-3.80124966802923,0.));
#3120=CARTESIAN_POINT('Origin',(-14.5054845230896,5.89741181658954,0.));
#3121=CARTESIAN_POINT('',(-14.5054845230896,-12.6525881834104,0.));
#3122=CARTESIAN_POINT('',(-27.5054845230896,-12.6525881834104,0.));
#3123=CARTESIAN_POINT('',(-12.3601911870803,-12.6525881834104,0.));
#3124=CARTESIAN_POINT('',(-28.0054845230896,-13.1525881834104,0.));
#3125=CARTESIAN_POINT('Origin',(-27.5054845230896,-13.1525881834104,0.));
#3126=CARTESIAN_POINT('',(-28.0054845230896,-26.1525881834104,0.));
#3127=CARTESIAN_POINT('',(-28.0054845230896,-6.82624966802922,0.));
#3128=CARTESIAN_POINT('',(-27.5054845230896,-26.6525881834104,0.));
#3129=CARTESIAN_POINT('Origin',(-27.5054845230896,-26.1525881834104,0.));
#3130=CARTESIAN_POINT('',(-14.5054845230896,-26.6525881834104,0.));
#3131=CARTESIAN_POINT('',(-18.8601911870803,-26.6525881834104,0.));
#3132=CARTESIAN_POINT('',(-14.0054845230896,-26.1525881834104,0.));
#3133=CARTESIAN_POINT('Origin',(-14.5054845230896,-26.1525881834104,0.));
#3134=CARTESIAN_POINT('',(-14.0054845230896,-13.1525881834104,0.));
#3135=CARTESIAN_POINT('',(-14.0054845230896,-13.3262496680292,0.));
#3136=CARTESIAN_POINT('Origin',(-14.5054845230896,-13.1525881834104,0.));
#3137=CARTESIAN_POINT('',(4.54451547691031,25.4474118165895,0.));
#3138=CARTESIAN_POINT('',(-8.88627206161695,25.1857269001633,0.));
#3139=CARTESIAN_POINT('',(-3.08507309810743,25.2987572240801,0.));
#3140=CARTESIAN_POINT('',(-8.95548452308967,24.9319118165895,0.));
#3141=CARTESIAN_POINT('Origin',(-8.45548452308966,24.9319118165895,0.));
#3142=CARTESIAN_POINT('',(-8.95548452308965,11.9319118165895,0.));
#3143=CARTESIAN_POINT('',(-8.95548452308965,12.2160003319707,0.));
#3144=CARTESIAN_POINT('',(-8.45548452308964,11.4319118165895,0.));
#3145=CARTESIAN_POINT('Origin',(-8.45548452308964,11.9319118165895,0.));
#3146=CARTESIAN_POINT('',(4.54451547691033,11.4319118165895,0.));
#3147=CARTESIAN_POINT('',(-9.33519118708029,11.4319118165895,0.));
#3148=CARTESIAN_POINT('',(5.04451547691033,11.9319118165895,0.));
#3149=CARTESIAN_POINT('Origin',(4.54451547691033,11.9319118165895,0.));
#3150=CARTESIAN_POINT('',(5.04451547691032,24.9474118165895,0.));
#3151=CARTESIAN_POINT('',(5.04451547691032,5.71600033197075,0.));
#3152=CARTESIAN_POINT('Origin',(4.54451547691031,24.9474118165895,0.));
#3153=CARTESIAN_POINT('',(-33.5554845230896,25.4319118165895,0.));
#3154=CARTESIAN_POINT('',(-46.5554845230895,25.4319118165895,0.));
#3155=CARTESIAN_POINT('',(-21.8851911870803,25.4319118165895,0.));
#3156=CARTESIAN_POINT('',(-47.0554845230895,24.9319118165895,0.));
#3157=CARTESIAN_POINT('Origin',(-46.5554845230895,24.9319118165895,0.));
#3158=CARTESIAN_POINT('',(-47.0554845230895,11.9319118165895,0.));
#3159=CARTESIAN_POINT('',(-47.0554845230895,12.2160003319707,0.));
#3160=CARTESIAN_POINT('',(-46.5554845230895,11.4319118165895,0.));
#3161=CARTESIAN_POINT('Origin',(-46.5554845230895,11.9319118165895,0.));
#3162=CARTESIAN_POINT('',(-33.5554845230896,11.4319118165895,0.));
#3163=CARTESIAN_POINT('',(-28.3851911870802,11.4319118165895,0.));
#3164=CARTESIAN_POINT('',(-33.0554845230896,11.9319118165895,0.));
#3165=CARTESIAN_POINT('Origin',(-33.5554845230896,11.9319118165895,0.));
#3166=CARTESIAN_POINT('',(-33.0554845230896,24.9319118165895,0.));
#3167=CARTESIAN_POINT('',(-33.0554845230896,5.71600033197074,0.));
#3168=CARTESIAN_POINT('Origin',(-33.5554845230896,24.9319118165895,0.));
#3169=CARTESIAN_POINT('',(-33.5554845230896,6.39741181658954,0.));
#3170=CARTESIAN_POINT('',(-46.5554845230895,6.39741181658954,0.));
#3171=CARTESIAN_POINT('',(-21.8851911870803,6.39741181658954,0.));
#3172=CARTESIAN_POINT('',(-47.0554845230895,5.89741181658954,0.));
#3173=CARTESIAN_POINT('Origin',(-46.5554845230895,5.89741181658954,0.));
#3174=CARTESIAN_POINT('',(-47.0554845230895,-7.10258818341043,0.));
#3175=CARTESIAN_POINT('',(-47.0554845230895,2.69875033197075,0.));
#3176=CARTESIAN_POINT('',(-46.5554845230895,-7.60258818341042,0.));
#3177=CARTESIAN_POINT('Origin',(-46.5554845230895,-7.10258818341043,0.));
#3178=CARTESIAN_POINT('',(-33.5554845230896,-7.60258818341042,0.));
#3179=CARTESIAN_POINT('',(-28.3851911870802,-7.60258818341042,0.));
#3180=CARTESIAN_POINT('',(-33.0554845230896,-7.10258818341043,0.));
#3181=CARTESIAN_POINT('Origin',(-33.5554845230896,-7.10258818341043,0.));
#3182=CARTESIAN_POINT('',(-33.0554845230896,5.89741181658954,0.));
#3183=CARTESIAN_POINT('',(-33.0554845230896,-3.80124966802923,0.));
#3184=CARTESIAN_POINT('Origin',(-33.5554845230896,5.89741181658954,0.));
#3185=CARTESIAN_POINT('',(4.54451547691033,-12.6525881834104,0.));
#3186=CARTESIAN_POINT('',(-8.45548452308964,-12.6525881834104,0.));
#3187=CARTESIAN_POINT('',(-2.83519118708031,-12.6525881834104,0.));
#3188=CARTESIAN_POINT('',(-8.95548452308963,-13.1525881834104,0.));
#3189=CARTESIAN_POINT('Origin',(-8.45548452308964,-13.1525881834104,0.));
#3190=CARTESIAN_POINT('',(-8.95548452308965,-26.1525881834104,0.));
#3191=CARTESIAN_POINT('',(-8.95548452308965,-6.82624966802922,0.));
#3192=CARTESIAN_POINT('',(-8.45548452308964,-26.6525881834104,0.));
#3193=CARTESIAN_POINT('Origin',(-8.45548452308964,-26.1525881834104,0.));
#3194=CARTESIAN_POINT('',(4.54451547691033,-26.6525881834104,0.));
#3195=CARTESIAN_POINT('',(-9.33519118708029,-26.6525881834104,0.));
#3196=CARTESIAN_POINT('',(5.04451547691033,-26.1525881834104,0.));
#3197=CARTESIAN_POINT('Origin',(4.54451547691033,-26.1525881834104,0.));
#3198=CARTESIAN_POINT('',(5.04451547691032,-13.1525881834104,0.));
#3199=CARTESIAN_POINT('',(5.04451547691032,-13.3262496680292,0.));
#3200=CARTESIAN_POINT('Origin',(4.54451547691033,-13.1525881834104,0.));
#3201=CARTESIAN_POINT('',(-52.8242901722369,-0.326120147621593,0.));
#3202=CARTESIAN_POINT('',(-51.9893649975238,-0.0802810882687183,0.));
#3203=CARTESIAN_POINT('Ctrl Pts',(-52.8242901722369,-0.326120147621593,
0.));
#3204=CARTESIAN_POINT('Ctrl Pts',(-52.7274767612762,-0.300841804279729,
0.));
#3205=CARTESIAN_POINT('Ctrl Pts',(-52.446681747772,-0.227525177072744,0.));
#3206=CARTESIAN_POINT('Ctrl Pts',(-52.1703936157364,-0.1385675908333,0.));
#3207=CARTESIAN_POINT('Ctrl Pts',(-51.9893649975238,-0.0802810882687183,
0.));
#3208=CARTESIAN_POINT('',(-51.9893649975238,0.7731978202701,0.));
#3209=CARTESIAN_POINT('',(-51.9893649975238,-0.290096120458378,0.));
#3210=CARTESIAN_POINT('',(-54.4523943225322,0.174834837996998,0.));
#3211=CARTESIAN_POINT('Ctrl Pts',(-51.9893649975238,0.7731978202701,0.));
#3212=CARTESIAN_POINT('Ctrl Pts',(-52.3634286027095,0.664058791066298,0.));
#3213=CARTESIAN_POINT('Ctrl Pts',(-53.1752579781758,0.427194608907942,0.));
#3214=CARTESIAN_POINT('Ctrl Pts',(-54.0049801520759,0.263243047549245,0.));
#3215=CARTESIAN_POINT('Ctrl Pts',(-54.4523943225322,0.174834837996998,0.));
#3216=CARTESIAN_POINT('',(-56.9154227534709,0.7731978202701,0.));
#3217=CARTESIAN_POINT('Ctrl Pts',(-54.4523943225322,0.174834837996998,0.));
#3218=CARTESIAN_POINT('Ctrl Pts',(-54.9594555455907,0.265379262774683,0.));
#3219=CARTESIAN_POINT('Ctrl Pts',(-55.7932636847763,0.414269919177322,0.));
#3220=CARTESIAN_POINT('Ctrl Pts',(-56.5994859838868,0.67214394586995,0.));
#3221=CARTESIAN_POINT('Ctrl Pts',(-56.9154227534709,0.7731978202701,0.));
#3222=CARTESIAN_POINT('',(-56.9154227534709,-0.0570889209866138,0.));
#3223=CARTESIAN_POINT('',(-56.9154227534709,0.136643333811031,0.));
#3224=CARTESIAN_POINT('',(-56.0155595103679,-0.358589479839763,0.));
#3225=CARTESIAN_POINT('Ctrl Pts',(-56.9154227534709,-0.0570889209866138,
0.));
#3226=CARTESIAN_POINT('Ctrl Pts',(-56.76429597294,-0.118962657369756,0.));
#3227=CARTESIAN_POINT('Ctrl Pts',(-56.4708882004042,-0.239088521937696,
0.));
#3228=CARTESIAN_POINT('Ctrl Pts',(-56.1642542277424,-0.319564569813072,
0.));
#3229=CARTESIAN_POINT('Ctrl Pts',(-56.0155595103679,-0.358589479839763,
0.));
#3230=CARTESIAN_POINT('',(-57.0267463485179,-1.96813930026289,0.));
#3231=CARTESIAN_POINT('Ctrl Pts',(-56.0155595103679,-0.358589479839763,
0.));
#3232=CARTESIAN_POINT('Ctrl Pts',(-56.310354941459,-0.529672755726402,0.));
#3233=CARTESIAN_POINT('Ctrl Pts',(-56.9249684031981,-0.886361066834693,
0.));
#3234=CARTESIAN_POINT('Ctrl Pts',(-56.9919118825343,-1.59789045159769,0.));
#3235=CARTESIAN_POINT('Ctrl Pts',(-57.0267463485179,-1.96813930026289,0.));
#3236=CARTESIAN_POINT('',(-56.3309753695903,-3.46172731570002,0.));
#3237=CARTESIAN_POINT('Ctrl Pts',(-57.0267463485179,-1.96813930026289,0.));
#3238=CARTESIAN_POINT('Ctrl Pts',(-56.9989103902354,-2.26134912362958,0.));
#3239=CARTESIAN_POINT('Ctrl Pts',(-56.9437793818949,-2.8420711183056,0.));
#3240=CARTESIAN_POINT('Ctrl Pts',(-56.5339028965954,-3.25653071579893,0.));
#3241=CARTESIAN_POINT('Ctrl Pts',(-56.3309753695903,-3.46172731570002,0.));
#3242=CARTESIAN_POINT('',(-54.4431174556193,-4.02762092850204,0.));
#3243=CARTESIAN_POINT('Ctrl Pts',(-56.3309753695903,-3.46172731570002,0.));
#3244=CARTESIAN_POINT('Ctrl Pts',(-56.0650255750456,-3.62651967202984,0.));
#3245=CARTESIAN_POINT('Ctrl Pts',(-55.4887209104917,-3.98361941635689,0.));
#3246=CARTESIAN_POINT('Ctrl Pts',(-54.8091070059128,-4.01221920658998,0.));
#3247=CARTESIAN_POINT('Ctrl Pts',(-54.4431174556193,-4.02762092850204,0.));
#3248=CARTESIAN_POINT('',(-52.5483012954173,-3.45940809897181,0.));
#3249=CARTESIAN_POINT('Ctrl Pts',(-54.4431174556193,-4.02762092850204,0.));
#3250=CARTESIAN_POINT('Ctrl Pts',(-54.0704936644517,-4.01374213527081,0.));
#3251=CARTESIAN_POINT('Ctrl Pts',(-53.3868262622651,-3.98827817204895,0.));
#3252=CARTESIAN_POINT('Ctrl Pts',(-52.8105059258631,-3.62478442948982,0.));
#3253=CARTESIAN_POINT('Ctrl Pts',(-52.5483012954173,-3.45940809897181,0.));
#3254=CARTESIAN_POINT('',(-51.8780422965464,-1.95422385088201,0.));
#3255=CARTESIAN_POINT('Ctrl Pts',(-52.5483012954173,-3.45940809897181,0.));
#3256=CARTESIAN_POINT('Ctrl Pts',(-52.3528278485083,-3.25184513043695,0.));
#3257=CARTESIAN_POINT('Ctrl Pts',(-51.9545137327876,-2.82889632805152,0.));
#3258=CARTESIAN_POINT('Ctrl Pts',(-51.9038451640795,-2.24935441429962,0.));
#3259=CARTESIAN_POINT('Ctrl Pts',(-51.8780422965464,-1.95422385088201,0.));
#3260=CARTESIAN_POINT('',(-52.1122846762118,-1.00797552815672,0.));
#3261=CARTESIAN_POINT('Ctrl Pts',(-51.8780422965464,-1.95422385088201,0.));
#3262=CARTESIAN_POINT('Ctrl Pts',(-51.8844788007975,-1.77534441468215,0.));
#3263=CARTESIAN_POINT('Ctrl Pts',(-51.8964447176572,-1.44279488499689,0.));
#3264=CARTESIAN_POINT('Ctrl Pts',(-52.0440682879207,-1.14540052712974,0.));
#3265=CARTESIAN_POINT('Ctrl Pts',(-52.1122846762118,-1.00797552815672,0.));
#3266=CARTESIAN_POINT('Ctrl Pts',(-52.1122846762118,-1.00797552815672,0.));
#3267=CARTESIAN_POINT('Ctrl Pts',(-52.2054830368287,-0.884755570742514,
0.));
#3268=CARTESIAN_POINT('Ctrl Pts',(-52.4060250850003,-0.619613754171048,
0.));
#3269=CARTESIAN_POINT('Ctrl Pts',(-52.6784629654862,-0.428446050854547,
0.));
#3270=CARTESIAN_POINT('Ctrl Pts',(-52.8242901722369,-0.326120147621593,
0.));
#3271=CARTESIAN_POINT('Origin',(7.91000500045029,27.0931299102822,0.));
#3272=CARTESIAN_POINT('',(7.91000500045029,27.0931299102822,1.5));
#3273=CARTESIAN_POINT('',(7.91000500045029,27.0931299102822,1.5));
#3274=CARTESIAN_POINT('',(7.91000500045029,27.0931299102822,0.));
#3275=CARTESIAN_POINT('Origin',(34.4911716703639,-28.4856731268099,0.));
#3276=CARTESIAN_POINT('',(7.91000500045029,-28.4856731268099,1.5));
#3277=CARTESIAN_POINT('',(7.91000500045029,-28.4856731268099,0.));
#3278=CARTESIAN_POINT('',(34.4911716703639,-28.4856731268099,1.5));
#3279=CARTESIAN_POINT('Ctrl Pts',(-53.0330214659152,-0.875779280579052,
0.));
#3280=CARTESIAN_POINT('Ctrl Pts',(-53.0330214659152,-0.875779280579052,
0.2));
#3281=CARTESIAN_POINT('Ctrl Pts',(-52.8977332875615,-1.00444392114067,0.));
#3282=CARTESIAN_POINT('Ctrl Pts',(-52.8977332875615,-1.00444392114067,0.2));
#3283=CARTESIAN_POINT('Ctrl Pts',(-52.6281074694686,-1.2608692008156,0.));
#3284=CARTESIAN_POINT('Ctrl Pts',(-52.6281074694686,-1.2608692008156,0.2));
#3285=CARTESIAN_POINT('Ctrl Pts',(-52.5887724298994,-1.63077095344496,0.));
#3286=CARTESIAN_POINT('Ctrl Pts',(-52.5887724298994,-1.63077095344496,0.2));
#3287=CARTESIAN_POINT('Ctrl Pts',(-52.5691742459712,-1.8150698041081,0.));
#3288=CARTESIAN_POINT('Ctrl Pts',(-52.5691742459712,-1.8150698041081,0.2));
#3289=CARTESIAN_POINT('',(-53.0330214659152,-0.875779280579052,0.));
#3290=CARTESIAN_POINT('',(-52.5691742459712,-1.8150698041081,0.));
#3291=CARTESIAN_POINT('Ctrl Pts',(-53.0330214659152,-0.875779280579052,
0.));
#3292=CARTESIAN_POINT('Ctrl Pts',(-52.8977332875615,-1.00444392114067,0.));
#3293=CARTESIAN_POINT('Ctrl Pts',(-52.6281074694686,-1.2608692008156,0.));
#3294=CARTESIAN_POINT('Ctrl Pts',(-52.5887724298994,-1.63077095344496,0.));
#3295=CARTESIAN_POINT('Ctrl Pts',(-52.5691742459712,-1.8150698041081,0.));
#3296=CARTESIAN_POINT('',(-53.0330214659152,-0.875779280579052,0.2));
#3297=CARTESIAN_POINT('',(-53.0330214659152,-0.875779280579052,0.));
#3298=CARTESIAN_POINT('',(-52.5691742459712,-1.8150698041081,0.2));
#3299=CARTESIAN_POINT('Ctrl Pts',(-53.0330214659152,-0.875779280579052,
0.2));
#3300=CARTESIAN_POINT('Ctrl Pts',(-52.8977332875615,-1.00444392114067,0.2));
#3301=CARTESIAN_POINT('Ctrl Pts',(-52.6281074694686,-1.2608692008156,0.2));
#3302=CARTESIAN_POINT('Ctrl Pts',(-52.5887724298994,-1.63077095344496,0.2));
#3303=CARTESIAN_POINT('Ctrl Pts',(-52.5691742459712,-1.8150698041081,0.2));
#3304=CARTESIAN_POINT('',(-52.5691742459712,-1.8150698041081,0.));
#3305=CARTESIAN_POINT('Ctrl Pts',(-54.4060093919215,-0.516297707474193,
0.));
#3306=CARTESIAN_POINT('Ctrl Pts',(-54.4060093919215,-0.516297707474193,
0.2));
#3307=CARTESIAN_POINT('Ctrl Pts',(-54.1334772299778,-0.522909673334287,
0.));
#3308=CARTESIAN_POINT('Ctrl Pts',(-54.1334772299778,-0.522909673334287,
0.2));
#3309=CARTESIAN_POINT('Ctrl Pts',(-53.6453174352367,-0.534753031101967,
0.));
#3310=CARTESIAN_POINT('Ctrl Pts',(-53.6453174352367,-0.534753031101967,
0.2));
#3311=CARTESIAN_POINT('Ctrl Pts',(-53.2206177844484,-0.771295057049073,
0.));
#3312=CARTESIAN_POINT('Ctrl Pts',(-53.2206177844484,-0.771295057049073,
0.2));
#3313=CARTESIAN_POINT('Ctrl Pts',(-53.0330214659152,-0.875779280579052,
0.));
#3314=CARTESIAN_POINT('Ctrl Pts',(-53.0330214659152,-0.875779280579052,
0.2));
#3315=CARTESIAN_POINT('',(-54.4060093919215,-0.516297707474193,0.));
#3316=CARTESIAN_POINT('Ctrl Pts',(-54.4060093919215,-0.516297707474193,
0.));
#3317=CARTESIAN_POINT('Ctrl Pts',(-54.1334772299778,-0.522909673334287,
0.));
#3318=CARTESIAN_POINT('Ctrl Pts',(-53.6453174352367,-0.534753031101967,
0.));
#3319=CARTESIAN_POINT('Ctrl Pts',(-53.2206177844484,-0.771295057049073,
0.));
#3320=CARTESIAN_POINT('Ctrl Pts',(-53.0330214659152,-0.875779280579052,
0.));
#3321=CARTESIAN_POINT('',(-54.4060093919215,-0.516297707474193,0.2));
#3322=CARTESIAN_POINT('',(-54.4060093919215,-0.516297707474193,0.));
#3323=CARTESIAN_POINT('Ctrl Pts',(-54.4060093919215,-0.516297707474193,
0.2));
#3324=CARTESIAN_POINT('Ctrl Pts',(-54.1334772299778,-0.522909673334287,
0.2));
#3325=CARTESIAN_POINT('Ctrl Pts',(-53.6453174352367,-0.534753031101967,
0.2));
#3326=CARTESIAN_POINT('Ctrl Pts',(-53.2206177844484,-0.771295057049073,
0.2));
#3327=CARTESIAN_POINT('Ctrl Pts',(-53.0330214659152,-0.875779280579052,
0.2));
#3328=CARTESIAN_POINT('Ctrl Pts',(-55.8416164676127,-0.901290664589366,
0.));
#3329=CARTESIAN_POINT('Ctrl Pts',(-55.8416164676127,-0.901290664589366,
0.2));
#3330=CARTESIAN_POINT('Ctrl Pts',(-55.643387500833,-0.789327015858358,0.));
#3331=CARTESIAN_POINT('Ctrl Pts',(-55.643387500833,-0.789327015858358,0.2));
#3332=CARTESIAN_POINT('Ctrl Pts',(-55.1999137239657,-0.538844238385399,
0.));
#3333=CARTESIAN_POINT('Ctrl Pts',(-55.1999137239657,-0.538844238385399,
0.2));
#3334=CARTESIAN_POINT('Ctrl Pts',(-54.6887096425431,-0.524326269206351,
0.));
#3335=CARTESIAN_POINT('Ctrl Pts',(-54.6887096425431,-0.524326269206351,
0.2));
#3336=CARTESIAN_POINT('Ctrl Pts',(-54.4060093919215,-0.516297707474193,
0.));
#3337=CARTESIAN_POINT('Ctrl Pts',(-54.4060093919215,-0.516297707474193,
0.2));
#3338=CARTESIAN_POINT('',(-55.8416164676127,-0.901290664589366,0.));
#3339=CARTESIAN_POINT('Ctrl Pts',(-55.8416164676127,-0.901290664589366,
0.));
#3340=CARTESIAN_POINT('Ctrl Pts',(-55.643387500833,-0.789327015858358,0.));
#3341=CARTESIAN_POINT('Ctrl Pts',(-55.1999137239657,-0.538844238385399,
0.));
#3342=CARTESIAN_POINT('Ctrl Pts',(-54.6887096425431,-0.524326269206351,
0.));
#3343=CARTESIAN_POINT('Ctrl Pts',(-54.4060093919215,-0.516297707474193,
0.));
#3344=CARTESIAN_POINT('',(-55.8416164676127,-0.901290664589366,0.2));
#3345=CARTESIAN_POINT('',(-55.8416164676127,-0.901290664589366,0.));
#3346=CARTESIAN_POINT('Ctrl Pts',(-55.8416164676127,-0.901290664589366,
0.2));
#3347=CARTESIAN_POINT('Ctrl Pts',(-55.643387500833,-0.789327015858358,0.2));
#3348=CARTESIAN_POINT('Ctrl Pts',(-55.1999137239657,-0.538844238385399,
0.2));
#3349=CARTESIAN_POINT('Ctrl Pts',(-54.6887096425431,-0.524326269206351,
0.2));
#3350=CARTESIAN_POINT('Ctrl Pts',(-54.4060093919215,-0.516297707474193,
0.2));
#3351=CARTESIAN_POINT('Ctrl Pts',(-56.3402522365031,-1.86145443669554,0.));
#3352=CARTESIAN_POINT('Ctrl Pts',(-56.3402522365031,-1.86145443669554,0.2));
#3353=CARTESIAN_POINT('Ctrl Pts',(-56.3173503815123,-1.67604702403223,0.));
#3354=CARTESIAN_POINT('Ctrl Pts',(-56.3173503815123,-1.67604702403223,0.2));
#3355=CARTESIAN_POINT('Ctrl Pts',(-56.270294579806,-1.29509559242698,0.));
#3356=CARTESIAN_POINT('Ctrl Pts',(-56.270294579806,-1.29509559242698,0.2));
#3357=CARTESIAN_POINT('Ctrl Pts',(-55.9870216756003,-1.03486708430858,0.));
#3358=CARTESIAN_POINT('Ctrl Pts',(-55.9870216756003,-1.03486708430858,0.2));
#3359=CARTESIAN_POINT('Ctrl Pts',(-55.8416164676127,-0.901290664589366,
0.));
#3360=CARTESIAN_POINT('Ctrl Pts',(-55.8416164676127,-0.901290664589366,
0.2));
#3361=CARTESIAN_POINT('',(-56.3402522365031,-1.86145443669554,0.));
#3362=CARTESIAN_POINT('Ctrl Pts',(-56.3402522365031,-1.86145443669554,0.));
#3363=CARTESIAN_POINT('Ctrl Pts',(-56.3173503815123,-1.67604702403223,0.));
#3364=CARTESIAN_POINT('Ctrl Pts',(-56.270294579806,-1.29509559242698,0.));
#3365=CARTESIAN_POINT('Ctrl Pts',(-55.9870216756003,-1.03486708430858,0.));
#3366=CARTESIAN_POINT('Ctrl Pts',(-55.8416164676127,-0.901290664589366,
0.));
#3367=CARTESIAN_POINT('',(-56.3402522365031,-1.86145443669554,0.2));
#3368=CARTESIAN_POINT('',(-56.3402522365031,-1.86145443669554,0.));
#3369=CARTESIAN_POINT('Ctrl Pts',(-56.3402522365031,-1.86145443669554,0.2));
#3370=CARTESIAN_POINT('Ctrl Pts',(-56.3173503815123,-1.67604702403223,0.2));
#3371=CARTESIAN_POINT('Ctrl Pts',(-56.270294579806,-1.29509559242698,0.2));
#3372=CARTESIAN_POINT('Ctrl Pts',(-55.9870216756003,-1.03486708430858,0.2));
#3373=CARTESIAN_POINT('Ctrl Pts',(-55.8416164676127,-0.901290664589366,
0.2));
#3374=CARTESIAN_POINT('Ctrl Pts',(-55.8346588174281,-2.77987186065908,0.));
#3375=CARTESIAN_POINT('Ctrl Pts',(-55.8346588174281,-2.77987186065908,0.2));
#3376=CARTESIAN_POINT('Ctrl Pts',(-55.9821214206232,-2.6599907081842,0.));
#3377=CARTESIAN_POINT('Ctrl Pts',(-55.9821214206232,-2.6599907081842,0.2));
#3378=CARTESIAN_POINT('Ctrl Pts',(-56.2749294063745,-2.42194961827301,0.));
#3379=CARTESIAN_POINT('Ctrl Pts',(-56.2749294063745,-2.42194961827301,0.2));
#3380=CARTESIAN_POINT('Ctrl Pts',(-56.3185831762574,-2.04738336587837,0.));
#3381=CARTESIAN_POINT('Ctrl Pts',(-56.3185831762574,-2.04738336587837,0.2));
#3382=CARTESIAN_POINT('Ctrl Pts',(-56.3402522365031,-1.86145443669554,0.));
#3383=CARTESIAN_POINT('Ctrl Pts',(-56.3402522365031,-1.86145443669554,0.2));
#3384=CARTESIAN_POINT('',(-55.8346588174281,-2.77987186065908,0.));
#3385=CARTESIAN_POINT('Ctrl Pts',(-55.8346588174281,-2.77987186065908,0.));
#3386=CARTESIAN_POINT('Ctrl Pts',(-55.9821214206232,-2.6599907081842,0.));
#3387=CARTESIAN_POINT('Ctrl Pts',(-56.2749294063745,-2.42194961827301,0.));
#3388=CARTESIAN_POINT('Ctrl Pts',(-56.3185831762574,-2.04738336587837,0.));
#3389=CARTESIAN_POINT('Ctrl Pts',(-56.3402522365031,-1.86145443669554,0.));
#3390=CARTESIAN_POINT('',(-55.8346588174281,-2.77987186065908,0.2));
#3391=CARTESIAN_POINT('',(-55.8346588174281,-2.77987186065908,0.));
#3392=CARTESIAN_POINT('Ctrl Pts',(-55.8346588174281,-2.77987186065908,0.2));
#3393=CARTESIAN_POINT('Ctrl Pts',(-55.9821214206232,-2.6599907081842,0.2));
#3394=CARTESIAN_POINT('Ctrl Pts',(-56.2749294063745,-2.42194961827301,0.2));
#3395=CARTESIAN_POINT('Ctrl Pts',(-56.3185831762574,-2.04738336587837,0.2));
#3396=CARTESIAN_POINT('Ctrl Pts',(-56.3402522365031,-1.86145443669554,0.2));
#3397=CARTESIAN_POINT('Ctrl Pts',(-54.4431174556193,-3.10920346728559,0.));
#3398=CARTESIAN_POINT('Ctrl Pts',(-54.4431174556193,-3.10920346728559,0.2));
#3399=CARTESIAN_POINT('Ctrl Pts',(-54.7118258325292,-3.10194615824677,0.));
#3400=CARTESIAN_POINT('Ctrl Pts',(-54.7118258325292,-3.10194615824677,0.2));
#3401=CARTESIAN_POINT('Ctrl Pts',(-55.2000209791185,-3.08876092341786,0.));
#3402=CARTESIAN_POINT('Ctrl Pts',(-55.2000209791185,-3.08876092341786,0.2));
#3403=CARTESIAN_POINT('Ctrl Pts',(-55.6378265883648,-2.87567346448091,0.));
#3404=CARTESIAN_POINT('Ctrl Pts',(-55.6378265883648,-2.87567346448091,0.2));
#3405=CARTESIAN_POINT('Ctrl Pts',(-55.8346588174281,-2.77987186065908,0.));
#3406=CARTESIAN_POINT('Ctrl Pts',(-55.8346588174281,-2.77987186065908,0.2));
#3407=CARTESIAN_POINT('',(-54.4431174556193,-3.10920346728559,0.));
#3408=CARTESIAN_POINT('Ctrl Pts',(-54.4431174556193,-3.10920346728559,0.));
#3409=CARTESIAN_POINT('Ctrl Pts',(-54.7118258325292,-3.10194615824677,0.));
#3410=CARTESIAN_POINT('Ctrl Pts',(-55.2000209791185,-3.08876092341786,0.));
#3411=CARTESIAN_POINT('Ctrl Pts',(-55.6378265883648,-2.87567346448091,0.));
#3412=CARTESIAN_POINT('Ctrl Pts',(-55.8346588174281,-2.77987186065908,0.));
#3413=CARTESIAN_POINT('',(-54.4431174556193,-3.10920346728559,0.2));
#3414=CARTESIAN_POINT('',(-54.4431174556193,-3.10920346728559,0.));
#3415=CARTESIAN_POINT('Ctrl Pts',(-54.4431174556193,-3.10920346728559,0.2));
#3416=CARTESIAN_POINT('Ctrl Pts',(-54.7118258325292,-3.10194615824677,0.2));
#3417=CARTESIAN_POINT('Ctrl Pts',(-55.2000209791185,-3.08876092341786,0.2));
#3418=CARTESIAN_POINT('Ctrl Pts',(-55.6378265883648,-2.87567346448091,0.2));
#3419=CARTESIAN_POINT('Ctrl Pts',(-55.8346588174281,-2.77987186065908,0.2));
#3420=CARTESIAN_POINT('Ctrl Pts',(-53.0515754977641,-2.76131797782179,0.));
#3421=CARTESIAN_POINT('Ctrl Pts',(-53.0515754977641,-2.76131797782179,0.2));
#3422=CARTESIAN_POINT('Ctrl Pts',(-53.2441314790654,-2.8624563517755,0.));
#3423=CARTESIAN_POINT('Ctrl Pts',(-53.2441314790654,-2.8624563517755,0.2));
#3424=CARTESIAN_POINT('Ctrl Pts',(-53.6779215710493,-3.09030086869982,0.));
#3425=CARTESIAN_POINT('Ctrl Pts',(-53.6779215710493,-3.09030086869982,0.2));
#3426=CARTESIAN_POINT('Ctrl Pts',(-54.1696585959472,-3.10244822570845,0.));
#3427=CARTESIAN_POINT('Ctrl Pts',(-54.1696585959472,-3.10244822570845,0.2));
#3428=CARTESIAN_POINT('Ctrl Pts',(-54.4431174556193,-3.10920346728559,0.));
#3429=CARTESIAN_POINT('Ctrl Pts',(-54.4431174556193,-3.10920346728559,0.2));
#3430=CARTESIAN_POINT('',(-53.0515754977641,-2.76131797782179,0.));
#3431=CARTESIAN_POINT('Ctrl Pts',(-53.0515754977641,-2.76131797782179,0.));
#3432=CARTESIAN_POINT('Ctrl Pts',(-53.2441314790654,-2.8624563517755,0.));
#3433=CARTESIAN_POINT('Ctrl Pts',(-53.6779215710493,-3.09030086869982,0.));
#3434=CARTESIAN_POINT('Ctrl Pts',(-54.1696585959472,-3.10244822570845,0.));
#3435=CARTESIAN_POINT('Ctrl Pts',(-54.4431174556193,-3.10920346728559,0.));
#3436=CARTESIAN_POINT('',(-53.0515754977641,-2.76131797782179,0.2));
#3437=CARTESIAN_POINT('',(-53.0515754977641,-2.76131797782179,0.));
#3438=CARTESIAN_POINT('Ctrl Pts',(-53.0515754977641,-2.76131797782179,0.2));
#3439=CARTESIAN_POINT('Ctrl Pts',(-53.2441314790654,-2.8624563517755,0.2));
#3440=CARTESIAN_POINT('Ctrl Pts',(-53.6779215710493,-3.09030086869982,0.2));
#3441=CARTESIAN_POINT('Ctrl Pts',(-54.1696585959472,-3.10244822570845,0.2));
#3442=CARTESIAN_POINT('Ctrl Pts',(-54.4431174556193,-3.10920346728559,0.2));
#3443=CARTESIAN_POINT('Ctrl Pts',(-52.5691742459712,-1.8150698041081,0.));
#3444=CARTESIAN_POINT('Ctrl Pts',(-52.5691742459712,-1.8150698041081,0.2));
#3445=CARTESIAN_POINT('Ctrl Pts',(-52.5891300533484,-2.00398332044969,0.));
#3446=CARTESIAN_POINT('Ctrl Pts',(-52.5891300533484,-2.00398332044969,0.2));
#3447=CARTESIAN_POINT('Ctrl Pts',(-52.628970346145,-2.38113517715146,0.));
#3448=CARTESIAN_POINT('Ctrl Pts',(-52.628970346145,-2.38113517715146,0.2));
#3449=CARTESIAN_POINT('Ctrl Pts',(-52.9108753356781,-2.6347417127865,0.));
#3450=CARTESIAN_POINT('Ctrl Pts',(-52.9108753356781,-2.6347417127865,0.2));
#3451=CARTESIAN_POINT('Ctrl Pts',(-53.0515754977641,-2.76131797782179,0.));
#3452=CARTESIAN_POINT('Ctrl Pts',(-53.0515754977641,-2.76131797782179,0.2));
#3453=CARTESIAN_POINT('Ctrl Pts',(-52.5691742459712,-1.8150698041081,0.));
#3454=CARTESIAN_POINT('Ctrl Pts',(-52.5891300533484,-2.00398332044969,0.));
#3455=CARTESIAN_POINT('Ctrl Pts',(-52.628970346145,-2.38113517715146,0.));
#3456=CARTESIAN_POINT('Ctrl Pts',(-52.9108753356781,-2.6347417127865,0.));
#3457=CARTESIAN_POINT('Ctrl Pts',(-53.0515754977641,-2.76131797782179,0.));
#3458=CARTESIAN_POINT('Ctrl Pts',(-52.5691742459712,-1.8150698041081,0.2));
#3459=CARTESIAN_POINT('Ctrl Pts',(-52.5891300533484,-2.00398332044969,0.2));
#3460=CARTESIAN_POINT('Ctrl Pts',(-52.628970346145,-2.38113517715146,0.2));
#3461=CARTESIAN_POINT('Ctrl Pts',(-52.9108753356781,-2.6347417127865,0.2));
#3462=CARTESIAN_POINT('Ctrl Pts',(-53.0515754977641,-2.76131797782179,0.2));
#3463=CARTESIAN_POINT('Ctrl Pts',(-52.8242901722369,-0.326120147621593,
0.));
#3464=CARTESIAN_POINT('Ctrl Pts',(-52.8242901722369,-0.326120147621593,
0.2));
#3465=CARTESIAN_POINT('Ctrl Pts',(-52.7274767612762,-0.300841804279729,
0.));
#3466=CARTESIAN_POINT('Ctrl Pts',(-52.7274767612762,-0.300841804279729,
0.2));
#3467=CARTESIAN_POINT('Ctrl Pts',(-52.446681747772,-0.227525177072744,0.));
#3468=CARTESIAN_POINT('Ctrl Pts',(-52.446681747772,-0.227525177072744,0.2));
#3469=CARTESIAN_POINT('Ctrl Pts',(-52.1703936157364,-0.1385675908333,0.));
#3470=CARTESIAN_POINT('Ctrl Pts',(-52.1703936157364,-0.1385675908333,0.2));
#3471=CARTESIAN_POINT('Ctrl Pts',(-51.9893649975238,-0.0802810882687183,
0.));
#3472=CARTESIAN_POINT('Ctrl Pts',(-51.9893649975238,-0.0802810882687183,
0.2));
#3473=CARTESIAN_POINT('',(-52.8242901722369,-0.326120147621593,0.2));
#3474=CARTESIAN_POINT('',(-52.8242901722369,-0.326120147621593,0.));
#3475=CARTESIAN_POINT('',(-51.9893649975238,-0.0802810882687183,0.2));
#3476=CARTESIAN_POINT('Ctrl Pts',(-52.8242901722369,-0.326120147621593,
0.2));
#3477=CARTESIAN_POINT('Ctrl Pts',(-52.7274767612762,-0.300841804279729,
0.2));
#3478=CARTESIAN_POINT('Ctrl Pts',(-52.446681747772,-0.227525177072744,0.2));
#3479=CARTESIAN_POINT('Ctrl Pts',(-52.1703936157364,-0.1385675908333,0.2));
#3480=CARTESIAN_POINT('Ctrl Pts',(-51.9893649975238,-0.0802810882687183,
0.2));
#3481=CARTESIAN_POINT('',(-51.9893649975238,-0.0802810882687183,0.));
#3482=CARTESIAN_POINT('Ctrl Pts',(-52.1122846762118,-1.00797552815672,0.));
#3483=CARTESIAN_POINT('Ctrl Pts',(-52.1122846762118,-1.00797552815672,0.2));
#3484=CARTESIAN_POINT('Ctrl Pts',(-52.2054830368287,-0.884755570742514,
0.));
#3485=CARTESIAN_POINT('Ctrl Pts',(-52.2054830368287,-0.884755570742514,
0.2));
#3486=CARTESIAN_POINT('Ctrl Pts',(-52.4060250850003,-0.619613754171048,
0.));
#3487=CARTESIAN_POINT('Ctrl Pts',(-52.4060250850003,-0.619613754171048,
0.2));
#3488=CARTESIAN_POINT('Ctrl Pts',(-52.6784629654862,-0.428446050854547,
0.));
#3489=CARTESIAN_POINT('Ctrl Pts',(-52.6784629654862,-0.428446050854547,
0.2));
#3490=CARTESIAN_POINT('Ctrl Pts',(-52.8242901722369,-0.326120147621593,
0.));
#3491=CARTESIAN_POINT('Ctrl Pts',(-52.8242901722369,-0.326120147621593,
0.2));
#3492=CARTESIAN_POINT('',(-52.1122846762118,-1.00797552815672,0.2));
#3493=CARTESIAN_POINT('',(-52.1122846762118,-1.00797552815672,0.));
#3494=CARTESIAN_POINT('Ctrl Pts',(-52.1122846762118,-1.00797552815672,0.2));
#3495=CARTESIAN_POINT('Ctrl Pts',(-52.2054830368287,-0.884755570742514,
0.2));
#3496=CARTESIAN_POINT('Ctrl Pts',(-52.4060250850003,-0.619613754171048,
0.2));
#3497=CARTESIAN_POINT('Ctrl Pts',(-52.6784629654862,-0.428446050854547,
0.2));
#3498=CARTESIAN_POINT('Ctrl Pts',(-52.8242901722369,-0.326120147621593,
0.2));
#3499=CARTESIAN_POINT('Ctrl Pts',(-51.8780422965464,-1.95422385088201,0.));
#3500=CARTESIAN_POINT('Ctrl Pts',(-51.8780422965464,-1.95422385088201,0.2));
#3501=CARTESIAN_POINT('Ctrl Pts',(-51.8844788007975,-1.77534441468215,0.));
#3502=CARTESIAN_POINT('Ctrl Pts',(-51.8844788007975,-1.77534441468215,0.2));
#3503=CARTESIAN_POINT('Ctrl Pts',(-51.8964447176572,-1.44279488499689,0.));
#3504=CARTESIAN_POINT('Ctrl Pts',(-51.8964447176572,-1.44279488499689,0.2));
#3505=CARTESIAN_POINT('Ctrl Pts',(-52.0440682879207,-1.14540052712974,0.));
#3506=CARTESIAN_POINT('Ctrl Pts',(-52.0440682879207,-1.14540052712974,0.2));
#3507=CARTESIAN_POINT('Ctrl Pts',(-52.1122846762118,-1.00797552815672,0.));
#3508=CARTESIAN_POINT('Ctrl Pts',(-52.1122846762118,-1.00797552815672,0.2));
#3509=CARTESIAN_POINT('',(-51.8780422965464,-1.95422385088201,0.2));
#3510=CARTESIAN_POINT('',(-51.8780422965464,-1.95422385088201,0.));
#3511=CARTESIAN_POINT('Ctrl Pts',(-51.8780422965464,-1.95422385088201,0.2));
#3512=CARTESIAN_POINT('Ctrl Pts',(-51.8844788007975,-1.77534441468215,0.2));
#3513=CARTESIAN_POINT('Ctrl Pts',(-51.8964447176572,-1.44279488499689,0.2));
#3514=CARTESIAN_POINT('Ctrl Pts',(-52.0440682879207,-1.14540052712974,0.2));
#3515=CARTESIAN_POINT('Ctrl Pts',(-52.1122846762118,-1.00797552815672,0.2));
#3516=CARTESIAN_POINT('Ctrl Pts',(-52.5483012954173,-3.45940809897181,0.));
#3517=CARTESIAN_POINT('Ctrl Pts',(-52.5483012954173,-3.45940809897181,0.2));
#3518=CARTESIAN_POINT('Ctrl Pts',(-52.3528278485083,-3.25184513043695,0.));
#3519=CARTESIAN_POINT('Ctrl Pts',(-52.3528278485083,-3.25184513043695,0.2));
#3520=CARTESIAN_POINT('Ctrl Pts',(-51.9545137327876,-2.82889632805152,0.));
#3521=CARTESIAN_POINT('Ctrl Pts',(-51.9545137327876,-2.82889632805152,0.2));
#3522=CARTESIAN_POINT('Ctrl Pts',(-51.9038451640795,-2.24935441429962,0.));
#3523=CARTESIAN_POINT('Ctrl Pts',(-51.9038451640795,-2.24935441429962,0.2));
#3524=CARTESIAN_POINT('Ctrl Pts',(-51.8780422965464,-1.95422385088201,0.));
#3525=CARTESIAN_POINT('Ctrl Pts',(-51.8780422965464,-1.95422385088201,0.2));
#3526=CARTESIAN_POINT('',(-52.5483012954173,-3.45940809897181,0.2));
#3527=CARTESIAN_POINT('',(-52.5483012954173,-3.45940809897181,0.));
#3528=CARTESIAN_POINT('Ctrl Pts',(-52.5483012954173,-3.45940809897181,0.2));
#3529=CARTESIAN_POINT('Ctrl Pts',(-52.3528278485083,-3.25184513043695,0.2));
#3530=CARTESIAN_POINT('Ctrl Pts',(-51.9545137327876,-2.82889632805152,0.2));
#3531=CARTESIAN_POINT('Ctrl Pts',(-51.9038451640795,-2.24935441429962,0.2));
#3532=CARTESIAN_POINT('Ctrl Pts',(-51.8780422965464,-1.95422385088201,0.2));
#3533=CARTESIAN_POINT('Ctrl Pts',(-54.4431174556193,-4.02762092850204,0.));
#3534=CARTESIAN_POINT('Ctrl Pts',(-54.4431174556193,-4.02762092850204,0.2));
#3535=CARTESIAN_POINT('Ctrl Pts',(-54.0704936644517,-4.01374213527081,0.));
#3536=CARTESIAN_POINT('Ctrl Pts',(-54.0704936644517,-4.01374213527081,0.2));
#3537=CARTESIAN_POINT('Ctrl Pts',(-53.3868262622651,-3.98827817204895,0.));
#3538=CARTESIAN_POINT('Ctrl Pts',(-53.3868262622651,-3.98827817204895,0.2));
#3539=CARTESIAN_POINT('Ctrl Pts',(-52.8105059258631,-3.62478442948982,0.));
#3540=CARTESIAN_POINT('Ctrl Pts',(-52.8105059258631,-3.62478442948982,0.2));
#3541=CARTESIAN_POINT('Ctrl Pts',(-52.5483012954173,-3.45940809897181,0.));
#3542=CARTESIAN_POINT('Ctrl Pts',(-52.5483012954173,-3.45940809897181,0.2));
#3543=CARTESIAN_POINT('',(-54.4431174556193,-4.02762092850204,0.2));
#3544=CARTESIAN_POINT('',(-54.4431174556193,-4.02762092850204,0.));
#3545=CARTESIAN_POINT('Ctrl Pts',(-54.4431174556193,-4.02762092850204,0.2));
#3546=CARTESIAN_POINT('Ctrl Pts',(-54.0704936644517,-4.01374213527081,0.2));
#3547=CARTESIAN_POINT('Ctrl Pts',(-53.3868262622651,-3.98827817204895,0.2));
#3548=CARTESIAN_POINT('Ctrl Pts',(-52.8105059258631,-3.62478442948982,0.2));
#3549=CARTESIAN_POINT('Ctrl Pts',(-52.5483012954173,-3.45940809897181,0.2));
#3550=CARTESIAN_POINT('Ctrl Pts',(-56.3309753695903,-3.46172731570002,0.));
#3551=CARTESIAN_POINT('Ctrl Pts',(-56.3309753695903,-3.46172731570002,0.2));
#3552=CARTESIAN_POINT('Ctrl Pts',(-56.0650255750456,-3.62651967202984,0.));
#3553=CARTESIAN_POINT('Ctrl Pts',(-56.0650255750456,-3.62651967202984,0.2));
#3554=CARTESIAN_POINT('Ctrl Pts',(-55.4887209104917,-3.98361941635689,0.));
#3555=CARTESIAN_POINT('Ctrl Pts',(-55.4887209104917,-3.98361941635689,0.2));
#3556=CARTESIAN_POINT('Ctrl Pts',(-54.8091070059128,-4.01221920658998,0.));
#3557=CARTESIAN_POINT('Ctrl Pts',(-54.8091070059128,-4.01221920658998,0.2));
#3558=CARTESIAN_POINT('Ctrl Pts',(-54.4431174556193,-4.02762092850204,0.));
#3559=CARTESIAN_POINT('Ctrl Pts',(-54.4431174556193,-4.02762092850204,0.2));
#3560=CARTESIAN_POINT('',(-56.3309753695903,-3.46172731570002,0.2));
#3561=CARTESIAN_POINT('',(-56.3309753695903,-3.46172731570002,0.));
#3562=CARTESIAN_POINT('Ctrl Pts',(-56.3309753695903,-3.46172731570002,0.2));
#3563=CARTESIAN_POINT('Ctrl Pts',(-56.0650255750456,-3.62651967202984,0.2));
#3564=CARTESIAN_POINT('Ctrl Pts',(-55.4887209104917,-3.98361941635689,0.2));
#3565=CARTESIAN_POINT('Ctrl Pts',(-54.8091070059128,-4.01221920658998,0.2));
#3566=CARTESIAN_POINT('Ctrl Pts',(-54.4431174556193,-4.02762092850204,0.2));
#3567=CARTESIAN_POINT('Ctrl Pts',(-57.0267463485179,-1.96813930026289,0.));
#3568=CARTESIAN_POINT('Ctrl Pts',(-57.0267463485179,-1.96813930026289,0.2));
#3569=CARTESIAN_POINT('Ctrl Pts',(-56.9989103902354,-2.26134912362958,0.));
#3570=CARTESIAN_POINT('Ctrl Pts',(-56.9989103902354,-2.26134912362958,0.2));
#3571=CARTESIAN_POINT('Ctrl Pts',(-56.9437793818949,-2.8420711183056,0.));
#3572=CARTESIAN_POINT('Ctrl Pts',(-56.9437793818949,-2.8420711183056,0.2));
#3573=CARTESIAN_POINT('Ctrl Pts',(-56.5339028965954,-3.25653071579893,0.));
#3574=CARTESIAN_POINT('Ctrl Pts',(-56.5339028965954,-3.25653071579893,0.2));
#3575=CARTESIAN_POINT('Ctrl Pts',(-56.3309753695903,-3.46172731570002,0.));
#3576=CARTESIAN_POINT('Ctrl Pts',(-56.3309753695903,-3.46172731570002,0.2));
#3577=CARTESIAN_POINT('',(-57.0267463485179,-1.96813930026289,0.2));
#3578=CARTESIAN_POINT('',(-57.0267463485179,-1.96813930026289,0.));
#3579=CARTESIAN_POINT('Ctrl Pts',(-57.0267463485179,-1.96813930026289,0.2));
#3580=CARTESIAN_POINT('Ctrl Pts',(-56.9989103902354,-2.26134912362958,0.2));
#3581=CARTESIAN_POINT('Ctrl Pts',(-56.9437793818949,-2.8420711183056,0.2));
#3582=CARTESIAN_POINT('Ctrl Pts',(-56.5339028965954,-3.25653071579893,0.2));
#3583=CARTESIAN_POINT('Ctrl Pts',(-56.3309753695903,-3.46172731570002,0.2));
#3584=CARTESIAN_POINT('Ctrl Pts',(-56.0155595103679,-0.358589479839763,
0.));
#3585=CARTESIAN_POINT('Ctrl Pts',(-56.0155595103679,-0.358589479839763,
0.2));
#3586=CARTESIAN_POINT('Ctrl Pts',(-56.310354941459,-0.529672755726402,0.));
#3587=CARTESIAN_POINT('Ctrl Pts',(-56.310354941459,-0.529672755726402,0.2));
#3588=CARTESIAN_POINT('Ctrl Pts',(-56.9249684031981,-0.886361066834693,
0.));
#3589=CARTESIAN_POINT('Ctrl Pts',(-56.9249684031981,-0.886361066834693,
0.2));
#3590=CARTESIAN_POINT('Ctrl Pts',(-56.9919118825343,-1.59789045159769,0.));
#3591=CARTESIAN_POINT('Ctrl Pts',(-56.9919118825343,-1.59789045159769,0.2));
#3592=CARTESIAN_POINT('Ctrl Pts',(-57.0267463485179,-1.96813930026289,0.));
#3593=CARTESIAN_POINT('Ctrl Pts',(-57.0267463485179,-1.96813930026289,0.2));
#3594=CARTESIAN_POINT('',(-56.0155595103679,-0.358589479839763,0.2));
#3595=CARTESIAN_POINT('',(-56.0155595103679,-0.358589479839763,0.));
#3596=CARTESIAN_POINT('Ctrl Pts',(-56.0155595103679,-0.358589479839763,
0.2));
#3597=CARTESIAN_POINT('Ctrl Pts',(-56.310354941459,-0.529672755726402,0.2));
#3598=CARTESIAN_POINT('Ctrl Pts',(-56.9249684031981,-0.886361066834693,
0.2));
#3599=CARTESIAN_POINT('Ctrl Pts',(-56.9919118825343,-1.59789045159769,0.2));
#3600=CARTESIAN_POINT('Ctrl Pts',(-57.0267463485179,-1.96813930026289,0.2));
#3601=CARTESIAN_POINT('Ctrl Pts',(-56.9154227534709,-0.0570889209866138,
0.));
#3602=CARTESIAN_POINT('Ctrl Pts',(-56.9154227534709,-0.0570889209866138,
0.2));
#3603=CARTESIAN_POINT('Ctrl Pts',(-56.76429597294,-0.118962657369756,0.));
#3604=CARTESIAN_POINT('Ctrl Pts',(-56.76429597294,-0.118962657369756,0.2));
#3605=CARTESIAN_POINT('Ctrl Pts',(-56.4708882004042,-0.239088521937696,
0.));
#3606=CARTESIAN_POINT('Ctrl Pts',(-56.4708882004042,-0.239088521937696,
0.2));
#3607=CARTESIAN_POINT('Ctrl Pts',(-56.1642542277424,-0.319564569813072,
0.));
#3608=CARTESIAN_POINT('Ctrl Pts',(-56.1642542277424,-0.319564569813072,
0.2));
#3609=CARTESIAN_POINT('Ctrl Pts',(-56.0155595103679,-0.358589479839763,
0.));
#3610=CARTESIAN_POINT('Ctrl Pts',(-56.0155595103679,-0.358589479839763,
0.2));
#3611=CARTESIAN_POINT('',(-56.9154227534709,-0.0570889209866138,0.2));
#3612=CARTESIAN_POINT('',(-56.9154227534709,-0.0570889209866138,0.));
#3613=CARTESIAN_POINT('Ctrl Pts',(-56.9154227534709,-0.0570889209866138,
0.2));
#3614=CARTESIAN_POINT('Ctrl Pts',(-56.76429597294,-0.118962657369756,0.2));
#3615=CARTESIAN_POINT('Ctrl Pts',(-56.4708882004042,-0.239088521937696,
0.2));
#3616=CARTESIAN_POINT('Ctrl Pts',(-56.1642542277424,-0.319564569813072,
0.2));
#3617=CARTESIAN_POINT('Ctrl Pts',(-56.0155595103679,-0.358589479839763,
0.2));
#3618=CARTESIAN_POINT('Origin',(-56.9154227534709,0.7731978202701,0.));
#3619=CARTESIAN_POINT('',(-56.9154227534709,0.7731978202701,0.2));
#3620=CARTESIAN_POINT('',(-56.9154227534709,0.7731978202701,0.));
#3621=CARTESIAN_POINT('',(-56.9154227534709,0.7731978202701,0.2));
#3622=CARTESIAN_POINT('Ctrl Pts',(-54.4523943225322,0.174834837996998,0.));
#3623=CARTESIAN_POINT('Ctrl Pts',(-54.4523943225322,0.174834837996998,0.2));
#3624=CARTESIAN_POINT('Ctrl Pts',(-54.9594555455907,0.265379262774683,0.));
#3625=CARTESIAN_POINT('Ctrl Pts',(-54.9594555455907,0.265379262774683,0.2));
#3626=CARTESIAN_POINT('Ctrl Pts',(-55.7932636847763,0.414269919177322,0.));
#3627=CARTESIAN_POINT('Ctrl Pts',(-55.7932636847763,0.414269919177322,0.2));
#3628=CARTESIAN_POINT('Ctrl Pts',(-56.5994859838868,0.67214394586995,0.));
#3629=CARTESIAN_POINT('Ctrl Pts',(-56.5994859838868,0.67214394586995,0.2));
#3630=CARTESIAN_POINT('Ctrl Pts',(-56.9154227534709,0.7731978202701,0.));
#3631=CARTESIAN_POINT('Ctrl Pts',(-56.9154227534709,0.7731978202701,0.2));
#3632=CARTESIAN_POINT('',(-54.4523943225322,0.174834837996998,0.2));
#3633=CARTESIAN_POINT('',(-54.4523943225322,0.174834837996998,0.));
#3634=CARTESIAN_POINT('Ctrl Pts',(-54.4523943225322,0.174834837996998,0.2));
#3635=CARTESIAN_POINT('Ctrl Pts',(-54.9594555455907,0.265379262774683,0.2));
#3636=CARTESIAN_POINT('Ctrl Pts',(-55.7932636847763,0.414269919177322,0.2));
#3637=CARTESIAN_POINT('Ctrl Pts',(-56.5994859838868,0.67214394586995,0.2));
#3638=CARTESIAN_POINT('Ctrl Pts',(-56.9154227534709,0.7731978202701,0.2));
#3639=CARTESIAN_POINT('Ctrl Pts',(-51.9893649975238,0.7731978202701,0.));
#3640=CARTESIAN_POINT('Ctrl Pts',(-51.9893649975238,0.7731978202701,0.2));
#3641=CARTESIAN_POINT('Ctrl Pts',(-52.3634286027095,0.664058791066298,0.));
#3642=CARTESIAN_POINT('Ctrl Pts',(-52.3634286027095,0.664058791066298,0.2));
#3643=CARTESIAN_POINT('Ctrl Pts',(-53.1752579781758,0.427194608907942,0.));
#3644=CARTESIAN_POINT('Ctrl Pts',(-53.1752579781758,0.427194608907942,0.2));
#3645=CARTESIAN_POINT('Ctrl Pts',(-54.0049801520759,0.263243047549245,0.));
#3646=CARTESIAN_POINT('Ctrl Pts',(-54.0049801520759,0.263243047549245,0.2));
#3647=CARTESIAN_POINT('Ctrl Pts',(-54.4523943225322,0.174834837996998,0.));
#3648=CARTESIAN_POINT('Ctrl Pts',(-54.4523943225322,0.174834837996998,0.2));
#3649=CARTESIAN_POINT('',(-51.9893649975238,0.7731978202701,0.2));
#3650=CARTESIAN_POINT('',(-51.9893649975238,0.7731978202701,0.));
#3651=CARTESIAN_POINT('Ctrl Pts',(-51.9893649975238,0.7731978202701,0.2));
#3652=CARTESIAN_POINT('Ctrl Pts',(-52.3634286027095,0.664058791066298,0.2));
#3653=CARTESIAN_POINT('Ctrl Pts',(-53.1752579781758,0.427194608907942,0.2));
#3654=CARTESIAN_POINT('Ctrl Pts',(-54.0049801520759,0.263243047549245,0.2));
#3655=CARTESIAN_POINT('Ctrl Pts',(-54.4523943225322,0.174834837996998,0.2));
#3656=CARTESIAN_POINT('Origin',(-51.9893649975238,-0.0802810882687183,0.));
#3657=CARTESIAN_POINT('',(-51.9893649975238,-0.0802810882687183,0.2));
#3658=CARTESIAN_POINT('Origin',(-54.4523943225322,-1.62721155411597,0.2));
#3659=CARTESIAN_POINT('Origin',(-10.2148978510709,-0.499911152648038,0.));
#3660=CARTESIAN_POINT('Origin',(4.54451547691033,-12.6525881834104,0.));
#3661=CARTESIAN_POINT('',(4.54451547691033,-12.6525881834104,1.5));
#3662=CARTESIAN_POINT('',(4.54451547691033,-12.6525881834104,0.));
#3663=CARTESIAN_POINT('',(-8.45548452308964,-12.6525881834104,1.5));
#3664=CARTESIAN_POINT('',(-2.83519118708031,-12.6525881834104,1.5));
#3665=CARTESIAN_POINT('',(-8.45548452308964,-12.6525881834104,0.));
#3666=CARTESIAN_POINT('Origin',(4.54451547691033,-13.1525881834104,0.));
#3667=CARTESIAN_POINT('',(5.04451547691032,-13.1525881834104,1.5));
#3668=CARTESIAN_POINT('',(5.04451547691032,-13.1525881834104,0.));
#3669=CARTESIAN_POINT('Origin',(4.54451547691033,-13.1525881834104,1.5));
#3670=CARTESIAN_POINT('Origin',(5.04451547691032,-26.1525881834104,0.));
#3671=CARTESIAN_POINT('',(5.04451547691033,-26.1525881834104,1.5));
#3672=CARTESIAN_POINT('',(5.04451547691033,-26.1525881834104,0.));
#3673=CARTESIAN_POINT('',(5.04451547691032,-13.3262496680292,1.5));
#3674=CARTESIAN_POINT('Origin',(4.54451547691033,-26.1525881834104,0.));
#3675=CARTESIAN_POINT('',(4.54451547691033,-26.6525881834104,1.5));
#3676=CARTESIAN_POINT('',(4.54451547691033,-26.6525881834104,0.));
#3677=CARTESIAN_POINT('Origin',(4.54451547691033,-26.1525881834104,1.5));
#3678=CARTESIAN_POINT('Origin',(-8.45548452308964,-26.6525881834104,0.));
#3679=CARTESIAN_POINT('',(-8.45548452308964,-26.6525881834104,1.5));
#3680=CARTESIAN_POINT('',(-8.45548452308964,-26.6525881834104,0.));
#3681=CARTESIAN_POINT('',(-9.33519118708029,-26.6525881834104,1.5));
#3682=CARTESIAN_POINT('Origin',(-8.45548452308964,-26.1525881834104,0.));
#3683=CARTESIAN_POINT('',(-8.95548452308965,-26.1525881834104,1.5));
#3684=CARTESIAN_POINT('',(-8.95548452308965,-26.1525881834104,0.));
#3685=CARTESIAN_POINT('Origin',(-8.45548452308964,-26.1525881834104,1.5));
#3686=CARTESIAN_POINT('Origin',(-8.95548452308965,-13.1525881834104,0.));
#3687=CARTESIAN_POINT('',(-8.95548452308963,-13.1525881834104,1.5));
#3688=CARTESIAN_POINT('',(-8.95548452308963,-13.1525881834104,0.));
#3689=CARTESIAN_POINT('',(-8.95548452308965,-6.82624966802922,1.5));
#3690=CARTESIAN_POINT('Origin',(-8.45548452308964,-13.1525881834104,0.));
#3691=CARTESIAN_POINT('Origin',(-8.45548452308964,-13.1525881834104,1.5));
#3692=CARTESIAN_POINT('Origin',(-33.5554845230896,6.39741181658954,0.));
#3693=CARTESIAN_POINT('',(-33.5554845230896,6.39741181658954,1.5));
#3694=CARTESIAN_POINT('',(-33.5554845230896,6.39741181658954,0.));
#3695=CARTESIAN_POINT('',(-46.5554845230895,6.39741181658954,1.5));
#3696=CARTESIAN_POINT('',(-21.8851911870803,6.39741181658954,1.5));
#3697=CARTESIAN_POINT('',(-46.5554845230895,6.39741181658954,0.));
#3698=CARTESIAN_POINT('Origin',(-33.5554845230896,5.89741181658954,0.));
#3699=CARTESIAN_POINT('',(-33.0554845230896,5.89741181658954,1.5));
#3700=CARTESIAN_POINT('',(-33.0554845230896,5.89741181658954,0.));
#3701=CARTESIAN_POINT('Origin',(-33.5554845230896,5.89741181658954,1.5));
#3702=CARTESIAN_POINT('Origin',(-33.0554845230896,-7.10258818341043,0.));
#3703=CARTESIAN_POINT('',(-33.0554845230896,-7.10258818341043,1.5));
#3704=CARTESIAN_POINT('',(-33.0554845230896,-7.10258818341043,0.));
#3705=CARTESIAN_POINT('',(-33.0554845230896,-3.80124966802923,1.5));
#3706=CARTESIAN_POINT('Origin',(-33.5554845230896,-7.10258818341043,0.));
#3707=CARTESIAN_POINT('',(-33.5554845230896,-7.60258818341042,1.5));
#3708=CARTESIAN_POINT('',(-33.5554845230896,-7.60258818341042,0.));
#3709=CARTESIAN_POINT('Origin',(-33.5554845230896,-7.10258818341043,1.5));
#3710=CARTESIAN_POINT('Origin',(-46.5554845230895,-7.60258818341042,0.));
#3711=CARTESIAN_POINT('',(-46.5554845230895,-7.60258818341042,1.5));
#3712=CARTESIAN_POINT('',(-46.5554845230895,-7.60258818341042,0.));
#3713=CARTESIAN_POINT('',(-28.3851911870802,-7.60258818341042,1.5));
#3714=CARTESIAN_POINT('Origin',(-46.5554845230895,-7.10258818341043,0.));
#3715=CARTESIAN_POINT('',(-47.0554845230895,-7.10258818341043,1.5));
#3716=CARTESIAN_POINT('',(-47.0554845230895,-7.10258818341043,0.));
#3717=CARTESIAN_POINT('Origin',(-46.5554845230895,-7.10258818341043,1.5));
#3718=CARTESIAN_POINT('Origin',(-47.0554845230895,5.89741181658954,0.));
#3719=CARTESIAN_POINT('',(-47.0554845230895,5.89741181658954,1.5));
#3720=CARTESIAN_POINT('',(-47.0554845230895,5.89741181658954,0.));
#3721=CARTESIAN_POINT('',(-47.0554845230895,2.69875033197075,1.5));
#3722=CARTESIAN_POINT('Origin',(-46.5554845230895,5.89741181658954,0.));
#3723=CARTESIAN_POINT('Origin',(-46.5554845230895,5.89741181658954,1.5));
#3724=CARTESIAN_POINT('Origin',(-33.5554845230896,25.4319118165895,0.));
#3725=CARTESIAN_POINT('',(-33.5554845230896,25.4319118165895,1.5));
#3726=CARTESIAN_POINT('',(-33.5554845230896,25.4319118165895,0.));
#3727=CARTESIAN_POINT('',(-46.5554845230895,25.4319118165895,1.5));
#3728=CARTESIAN_POINT('',(-21.8851911870803,25.4319118165895,1.5));
#3729=CARTESIAN_POINT('',(-46.5554845230895,25.4319118165895,0.));
#3730=CARTESIAN_POINT('Origin',(-33.5554845230896,24.9319118165895,0.));
#3731=CARTESIAN_POINT('',(-33.0554845230896,24.9319118165895,1.5));
#3732=CARTESIAN_POINT('',(-33.0554845230896,24.9319118165895,0.));
#3733=CARTESIAN_POINT('Origin',(-33.5554845230896,24.9319118165895,1.5));
#3734=CARTESIAN_POINT('Origin',(-33.0554845230896,11.9319118165895,0.));
#3735=CARTESIAN_POINT('',(-33.0554845230896,11.9319118165895,1.5));
#3736=CARTESIAN_POINT('',(-33.0554845230896,11.9319118165895,0.));
#3737=CARTESIAN_POINT('',(-33.0554845230896,5.71600033197074,1.5));
#3738=CARTESIAN_POINT('Origin',(-33.5554845230896,11.9319118165895,0.));
#3739=CARTESIAN_POINT('',(-33.5554845230896,11.4319118165895,1.5));
#3740=CARTESIAN_POINT('',(-33.5554845230896,11.4319118165895,0.));
#3741=CARTESIAN_POINT('Origin',(-33.5554845230896,11.9319118165895,1.5));
#3742=CARTESIAN_POINT('Origin',(-46.5554845230895,11.4319118165895,0.));
#3743=CARTESIAN_POINT('',(-46.5554845230895,11.4319118165895,1.5));
#3744=CARTESIAN_POINT('',(-46.5554845230895,11.4319118165895,0.));
#3745=CARTESIAN_POINT('',(-28.3851911870802,11.4319118165895,1.5));
#3746=CARTESIAN_POINT('Origin',(-46.5554845230895,11.9319118165895,0.));
#3747=CARTESIAN_POINT('',(-47.0554845230895,11.9319118165895,1.5));
#3748=CARTESIAN_POINT('',(-47.0554845230895,11.9319118165895,0.));
#3749=CARTESIAN_POINT('Origin',(-46.5554845230895,11.9319118165895,1.5));
#3750=CARTESIAN_POINT('Origin',(-47.0554845230895,24.9319118165895,0.));
#3751=CARTESIAN_POINT('',(-47.0554845230895,24.9319118165895,1.5));
#3752=CARTESIAN_POINT('',(-47.0554845230895,24.9319118165895,0.));
#3753=CARTESIAN_POINT('',(-47.0554845230895,12.2160003319707,1.5));
#3754=CARTESIAN_POINT('Origin',(-46.5554845230895,24.9319118165895,0.));
#3755=CARTESIAN_POINT('Origin',(-46.5554845230895,24.9319118165895,1.5));
#3756=CARTESIAN_POINT('Origin',(4.54451547691031,25.4474118165895,0.));
#3757=CARTESIAN_POINT('',(4.54451547691031,25.4474118165895,1.5));
#3758=CARTESIAN_POINT('',(4.54451547691031,25.4474118165895,0.));
#3759=CARTESIAN_POINT('',(-8.88627206161695,25.1857269001633,1.5));
#3760=CARTESIAN_POINT('',(-3.08507309810743,25.2987572240801,1.5));
#3761=CARTESIAN_POINT('',(-8.88627206161695,25.1857269001633,0.));
#3762=CARTESIAN_POINT('Origin',(4.54451547691031,24.9474118165895,0.));
#3763=CARTESIAN_POINT('',(5.04451547691032,24.9474118165895,1.5));
#3764=CARTESIAN_POINT('',(5.04451547691032,24.9474118165895,0.));
#3765=CARTESIAN_POINT('Origin',(4.54451547691031,24.9474118165895,1.5));
#3766=CARTESIAN_POINT('Origin',(5.04451547691032,11.9319118165895,0.));
#3767=CARTESIAN_POINT('',(5.04451547691033,11.9319118165895,1.5));
#3768=CARTESIAN_POINT('',(5.04451547691033,11.9319118165895,0.));
#3769=CARTESIAN_POINT('',(5.04451547691032,5.71600033197075,1.5));
#3770=CARTESIAN_POINT('Origin',(4.54451547691033,11.9319118165895,0.));
#3771=CARTESIAN_POINT('',(4.54451547691033,11.4319118165895,1.5));
#3772=CARTESIAN_POINT('',(4.54451547691033,11.4319118165895,0.));
#3773=CARTESIAN_POINT('Origin',(4.54451547691033,11.9319118165895,1.5));
#3774=CARTESIAN_POINT('Origin',(-8.45548452308964,11.4319118165895,0.));
#3775=CARTESIAN_POINT('',(-8.45548452308964,11.4319118165895,1.5));
#3776=CARTESIAN_POINT('',(-8.45548452308964,11.4319118165895,0.));
#3777=CARTESIAN_POINT('',(-9.33519118708029,11.4319118165895,1.5));
#3778=CARTESIAN_POINT('Origin',(-8.45548452308964,11.9319118165895,0.));
#3779=CARTESIAN_POINT('',(-8.95548452308965,11.9319118165895,1.5));
#3780=CARTESIAN_POINT('',(-8.95548452308965,11.9319118165895,0.));
#3781=CARTESIAN_POINT('Origin',(-8.45548452308964,11.9319118165895,1.5));
#3782=CARTESIAN_POINT('Origin',(-8.95548452308965,24.9319118165895,0.));
#3783=CARTESIAN_POINT('',(-8.95548452308967,24.9319118165895,1.5));
#3784=CARTESIAN_POINT('',(-8.95548452308967,24.9319118165895,0.));
#3785=CARTESIAN_POINT('',(-8.95548452308965,12.2160003319707,1.5));
#3786=CARTESIAN_POINT('Origin',(-8.45548452308966,24.9319118165895,0.));
#3787=CARTESIAN_POINT('Origin',(-8.45548452308966,24.9319118165895,1.5));
#3788=CARTESIAN_POINT('Origin',(-14.5054845230896,-12.6525881834104,0.));
#3789=CARTESIAN_POINT('',(-14.5054845230896,-12.6525881834104,1.5));
#3790=CARTESIAN_POINT('',(-14.5054845230896,-12.6525881834104,0.));
#3791=CARTESIAN_POINT('',(-27.5054845230896,-12.6525881834104,1.5));
#3792=CARTESIAN_POINT('',(-12.3601911870803,-12.6525881834104,1.5));
#3793=CARTESIAN_POINT('',(-27.5054845230896,-12.6525881834104,0.));
#3794=CARTESIAN_POINT('Origin',(-14.5054845230896,-13.1525881834104,0.));
#3795=CARTESIAN_POINT('',(-14.0054845230896,-13.1525881834104,1.5));
#3796=CARTESIAN_POINT('',(-14.0054845230896,-13.1525881834104,0.));
#3797=CARTESIAN_POINT('Origin',(-14.5054845230896,-13.1525881834104,1.5));
#3798=CARTESIAN_POINT('Origin',(-14.0054845230896,-26.1525881834104,0.));
#3799=CARTESIAN_POINT('',(-14.0054845230896,-26.1525881834104,1.5));
#3800=CARTESIAN_POINT('',(-14.0054845230896,-26.1525881834104,0.));
#3801=CARTESIAN_POINT('',(-14.0054845230896,-13.3262496680292,1.5));
#3802=CARTESIAN_POINT('Origin',(-14.5054845230896,-26.1525881834104,0.));
#3803=CARTESIAN_POINT('',(-14.5054845230896,-26.6525881834104,1.5));
#3804=CARTESIAN_POINT('',(-14.5054845230896,-26.6525881834104,0.));
#3805=CARTESIAN_POINT('Origin',(-14.5054845230896,-26.1525881834104,1.5));
#3806=CARTESIAN_POINT('Origin',(-27.5054845230896,-26.6525881834104,0.));
#3807=CARTESIAN_POINT('',(-27.5054845230896,-26.6525881834104,1.5));
#3808=CARTESIAN_POINT('',(-27.5054845230896,-26.6525881834104,0.));
#3809=CARTESIAN_POINT('',(-18.8601911870803,-26.6525881834104,1.5));
#3810=CARTESIAN_POINT('Origin',(-27.5054845230896,-26.1525881834104,0.));
#3811=CARTESIAN_POINT('',(-28.0054845230896,-26.1525881834104,1.5));
#3812=CARTESIAN_POINT('',(-28.0054845230896,-26.1525881834104,0.));
#3813=CARTESIAN_POINT('Origin',(-27.5054845230896,-26.1525881834104,1.5));
#3814=CARTESIAN_POINT('Origin',(-28.0054845230896,-13.1525881834104,0.));
#3815=CARTESIAN_POINT('',(-28.0054845230896,-13.1525881834104,1.5));
#3816=CARTESIAN_POINT('',(-28.0054845230896,-13.1525881834104,0.));
#3817=CARTESIAN_POINT('',(-28.0054845230896,-6.82624966802922,1.5));
#3818=CARTESIAN_POINT('Origin',(-27.5054845230896,-13.1525881834104,0.));
#3819=CARTESIAN_POINT('Origin',(-27.5054845230896,-13.1525881834104,1.5));
#3820=CARTESIAN_POINT('Origin',(-14.5054845230896,6.39741181658954,0.));
#3821=CARTESIAN_POINT('',(-14.5054845230896,6.39741181658954,1.5));
#3822=CARTESIAN_POINT('',(-14.5054845230896,6.39741181658954,0.));
#3823=CARTESIAN_POINT('',(-27.5054845230896,6.39741181658954,1.5));
#3824=CARTESIAN_POINT('',(-12.3601911870803,6.39741181658954,1.5));
#3825=CARTESIAN_POINT('',(-27.5054845230896,6.39741181658954,0.));
#3826=CARTESIAN_POINT('Origin',(-14.5054845230896,5.89741181658954,0.));
#3827=CARTESIAN_POINT('',(-14.0054845230896,5.89741181658954,1.5));
#3828=CARTESIAN_POINT('',(-14.0054845230896,5.89741181658954,0.));
#3829=CARTESIAN_POINT('Origin',(-14.5054845230896,5.89741181658954,1.5));
#3830=CARTESIAN_POINT('Origin',(-14.0054845230896,-7.10258818341043,0.));
#3831=CARTESIAN_POINT('',(-14.0054845230896,-7.10258818341043,1.5));
#3832=CARTESIAN_POINT('',(-14.0054845230896,-7.10258818341043,0.));
#3833=CARTESIAN_POINT('',(-14.0054845230896,-3.80124966802923,1.5));
#3834=CARTESIAN_POINT('Origin',(-14.5054845230896,-7.10258818341043,0.));
#3835=CARTESIAN_POINT('',(-14.5054845230896,-7.60258818341042,1.5));
#3836=CARTESIAN_POINT('',(-14.5054845230896,-7.60258818341042,0.));
#3837=CARTESIAN_POINT('Origin',(-14.5054845230896,-7.10258818341043,1.5));
#3838=CARTESIAN_POINT('Origin',(-27.5054845230896,-7.60258818341042,0.));
#3839=CARTESIAN_POINT('',(-27.5054845230896,-7.60258818341042,1.5));
#3840=CARTESIAN_POINT('',(-27.5054845230896,-7.60258818341042,0.));
#3841=CARTESIAN_POINT('',(-18.8601911870803,-7.60258818341042,1.5));
#3842=CARTESIAN_POINT('Origin',(-27.5054845230896,-7.10258818341043,0.));
#3843=CARTESIAN_POINT('',(-28.0054845230896,-7.10258818341043,1.5));
#3844=CARTESIAN_POINT('',(-28.0054845230896,-7.10258818341043,0.));
#3845=CARTESIAN_POINT('Origin',(-27.5054845230896,-7.10258818341043,1.5));
#3846=CARTESIAN_POINT('Origin',(-28.0054845230896,5.89741181658954,0.));
#3847=CARTESIAN_POINT('',(-28.0054845230896,5.89741181658954,1.5));
#3848=CARTESIAN_POINT('',(-28.0054845230896,5.89741181658954,0.));
#3849=CARTESIAN_POINT('',(-28.0054845230896,2.69875033197075,1.5));
#3850=CARTESIAN_POINT('Origin',(-27.5054845230896,5.89741181658954,0.));
#3851=CARTESIAN_POINT('Origin',(-27.5054845230896,5.89741181658954,1.5));
#3852=CARTESIAN_POINT('Origin',(-14.5054845230896,25.4319118165895,0.));
#3853=CARTESIAN_POINT('',(-14.5054845230896,25.4319118165895,1.5));
#3854=CARTESIAN_POINT('',(-14.5054845230896,25.4319118165895,0.));
#3855=CARTESIAN_POINT('',(-27.5054845230896,25.4319118165895,1.5));
#3856=CARTESIAN_POINT('',(-12.3601911870803,25.4319118165895,1.5));
#3857=CARTESIAN_POINT('',(-27.5054845230896,25.4319118165895,0.));
#3858=CARTESIAN_POINT('Origin',(-14.5054845230896,24.9319118165895,0.));
#3859=CARTESIAN_POINT('',(-14.0054845230896,24.9319118165895,1.5));
#3860=CARTESIAN_POINT('',(-14.0054845230896,24.9319118165895,0.));
#3861=CARTESIAN_POINT('Origin',(-14.5054845230896,24.9319118165895,1.5));
#3862=CARTESIAN_POINT('Origin',(-14.0054845230896,11.9319118165895,0.));
#3863=CARTESIAN_POINT('',(-14.0054845230896,11.9319118165895,1.5));
#3864=CARTESIAN_POINT('',(-14.0054845230896,11.9319118165895,0.));
#3865=CARTESIAN_POINT('',(-14.0054845230896,5.71600033197074,1.5));
#3866=CARTESIAN_POINT('Origin',(-14.5054845230896,11.9319118165895,0.));
#3867=CARTESIAN_POINT('',(-14.5054845230896,11.4319118165895,1.5));
#3868=CARTESIAN_POINT('',(-14.5054845230896,11.4319118165895,0.));
#3869=CARTESIAN_POINT('Origin',(-14.5054845230896,11.9319118165895,1.5));
#3870=CARTESIAN_POINT('Origin',(-27.5054845230896,11.4319118165895,0.));
#3871=CARTESIAN_POINT('',(-27.5054845230896,11.4319118165895,1.5));
#3872=CARTESIAN_POINT('',(-27.5054845230896,11.4319118165895,0.));
#3873=CARTESIAN_POINT('',(-18.8601911870803,11.4319118165895,1.5));
#3874=CARTESIAN_POINT('Origin',(-27.5054845230896,11.9319118165895,0.));
#3875=CARTESIAN_POINT('',(-28.0054845230896,11.9319118165895,1.5));
#3876=CARTESIAN_POINT('',(-28.0054845230896,11.9319118165895,0.));
#3877=CARTESIAN_POINT('Origin',(-27.5054845230896,11.9319118165895,1.5));
#3878=CARTESIAN_POINT('Origin',(-28.0054845230896,24.9319118165895,0.));
#3879=CARTESIAN_POINT('',(-28.0054845230896,24.9319118165895,1.5));
#3880=CARTESIAN_POINT('',(-28.0054845230896,24.9319118165895,0.));
#3881=CARTESIAN_POINT('',(-28.0054845230896,12.2160003319707,1.5));
#3882=CARTESIAN_POINT('Origin',(-27.5054845230896,24.9319118165895,0.));
#3883=CARTESIAN_POINT('Origin',(-27.5054845230896,24.9319118165895,1.5));
#3884=CARTESIAN_POINT('Origin',(4.54451547691033,6.39741181658954,0.));
#3885=CARTESIAN_POINT('',(4.54451547691033,6.39741181658953,1.5));
#3886=CARTESIAN_POINT('',(4.54451547691033,6.39741181658953,0.));
#3887=CARTESIAN_POINT('',(-8.45548452308964,6.39741181658954,1.5));
#3888=CARTESIAN_POINT('',(-2.83519118708031,6.39741181658954,1.5));
#3889=CARTESIAN_POINT('',(-8.45548452308964,6.39741181658954,0.));
#3890=CARTESIAN_POINT('Origin',(4.54451547691033,5.89741181658954,0.));
#3891=CARTESIAN_POINT('',(5.04451547691032,5.89741181658954,1.5));
#3892=CARTESIAN_POINT('',(5.04451547691032,5.89741181658954,0.));
#3893=CARTESIAN_POINT('Origin',(4.54451547691033,5.89741181658954,1.5));
#3894=CARTESIAN_POINT('Origin',(5.04451547691032,-7.10258818341043,0.));
#3895=CARTESIAN_POINT('',(5.04451547691033,-7.10258818341043,1.5));
#3896=CARTESIAN_POINT('',(5.04451547691033,-7.10258818341043,0.));
#3897=CARTESIAN_POINT('',(5.04451547691032,-3.80124966802923,1.5));
#3898=CARTESIAN_POINT('Origin',(4.54451547691033,-7.10258818341043,0.));
#3899=CARTESIAN_POINT('',(4.54451547691033,-7.60258818341042,1.5));
#3900=CARTESIAN_POINT('',(4.54451547691033,-7.60258818341042,0.));
#3901=CARTESIAN_POINT('Origin',(4.54451547691033,-7.10258818341043,1.5));
#3902=CARTESIAN_POINT('Origin',(-8.45548452308964,-7.60258818341042,0.));
#3903=CARTESIAN_POINT('',(-8.45548452308964,-7.60258818341043,1.5));
#3904=CARTESIAN_POINT('',(-8.45548452308964,-7.60258818341043,0.));
#3905=CARTESIAN_POINT('',(-9.33519118708029,-7.60258818341042,1.5));
#3906=CARTESIAN_POINT('Origin',(-8.45548452308964,-7.10258818341043,0.));
#3907=CARTESIAN_POINT('',(-8.95548452308965,-7.10258818341043,1.5));
#3908=CARTESIAN_POINT('',(-8.95548452308965,-7.10258818341043,0.));
#3909=CARTESIAN_POINT('Origin',(-8.45548452308964,-7.10258818341043,1.5));
#3910=CARTESIAN_POINT('Origin',(-8.95548452308965,5.89741181658954,0.));
#3911=CARTESIAN_POINT('',(-8.95548452308964,5.89741181658954,1.5));
#3912=CARTESIAN_POINT('',(-8.95548452308964,5.89741181658954,0.));
#3913=CARTESIAN_POINT('',(-8.95548452308965,2.69875033197075,1.5));
#3914=CARTESIAN_POINT('Origin',(-8.45548452308964,5.89741181658954,0.));
#3915=CARTESIAN_POINT('Origin',(-8.45548452308964,5.89741181658954,1.5));
#3916=CARTESIAN_POINT('Origin',(-33.5554845230896,-12.6525881834104,0.));
#3917=CARTESIAN_POINT('',(-33.5554845230896,-12.6525881834104,1.5));
#3918=CARTESIAN_POINT('',(-33.5554845230896,-12.6525881834104,0.));
#3919=CARTESIAN_POINT('',(-46.5554845230895,-12.6525881834104,1.5));
#3920=CARTESIAN_POINT('',(-21.8851911870803,-12.6525881834104,1.5));
#3921=CARTESIAN_POINT('',(-46.5554845230895,-12.6525881834104,0.));
#3922=CARTESIAN_POINT('Origin',(-33.5554845230896,-13.1525881834104,0.));
#3923=CARTESIAN_POINT('',(-33.0554845230896,-13.1525881834104,1.5));
#3924=CARTESIAN_POINT('',(-33.0554845230896,-13.1525881834104,0.));
#3925=CARTESIAN_POINT('Origin',(-33.5554845230896,-13.1525881834104,1.5));
#3926=CARTESIAN_POINT('Origin',(-33.0554845230896,-26.1525881834104,0.));
#3927=CARTESIAN_POINT('',(-33.0554845230896,-26.1525881834104,1.5));
#3928=CARTESIAN_POINT('',(-33.0554845230896,-26.1525881834104,0.));
#3929=CARTESIAN_POINT('',(-33.0554845230896,-13.3262496680292,1.5));
#3930=CARTESIAN_POINT('Origin',(-33.5554845230896,-26.1525881834104,0.));
#3931=CARTESIAN_POINT('',(-33.5554845230896,-26.6525881834104,1.5));
#3932=CARTESIAN_POINT('',(-33.5554845230896,-26.6525881834104,0.));
#3933=CARTESIAN_POINT('Origin',(-33.5554845230896,-26.1525881834104,1.5));
#3934=CARTESIAN_POINT('Origin',(-46.5554845230895,-26.6525881834104,0.));
#3935=CARTESIAN_POINT('',(-46.5554845230895,-26.6525881834104,1.5));
#3936=CARTESIAN_POINT('',(-46.5554845230895,-26.6525881834104,0.));
#3937=CARTESIAN_POINT('',(-28.3851911870802,-26.6525881834104,1.5));
#3938=CARTESIAN_POINT('Origin',(-46.5554845230895,-26.1525881834104,0.));
#3939=CARTESIAN_POINT('',(-47.0554845230895,-26.1525881834104,1.5));
#3940=CARTESIAN_POINT('',(-47.0554845230895,-26.1525881834104,0.));
#3941=CARTESIAN_POINT('Origin',(-46.5554845230895,-26.1525881834104,1.5));
#3942=CARTESIAN_POINT('Origin',(-47.0554845230895,-13.1525881834104,0.));
#3943=CARTESIAN_POINT('',(-47.0554845230895,-13.1525881834104,1.5));
#3944=CARTESIAN_POINT('',(-47.0554845230895,-13.1525881834104,0.));
#3945=CARTESIAN_POINT('',(-47.0554845230895,-6.82624966802922,1.5));
#3946=CARTESIAN_POINT('Origin',(-46.5554845230895,-13.1525881834104,0.));
#3947=CARTESIAN_POINT('Origin',(-46.5554845230895,-13.1525881834104,1.5));
#3948=CARTESIAN_POINT('Origin',(7.91000500045029,-28.4856731268099,0.));
#3949=CARTESIAN_POINT('',(7.91000500045029,-28.4856731268099,1.5));
#3950=CARTESIAN_POINT('Origin',(-55.4999330750658,-35.2200442147795,0.));
#3951=CARTESIAN_POINT('',(-57.1999330750658,-35.2200442147795,1.5));
#3952=CARTESIAN_POINT('Origin',(-55.4999330750658,-35.2200442147795,1.5));
#3953=CARTESIAN_POINT('',(-57.1999330750658,-35.2200442147795,0.));
#3954=CARTESIAN_POINT('Origin',(35.070175620787,-35.2199331769953,0.));
#3955=CARTESIAN_POINT('',(33.370175620787,-35.2199331769953,1.5));
#3956=CARTESIAN_POINT('Origin',(35.070175620787,-35.2199331769953,1.5));
#3957=CARTESIAN_POINT('',(33.370175620787,-35.2199331769953,0.));
#3958=CARTESIAN_POINT('Origin',(35.0705585170782,34.2193559228499,0.));
#3959=CARTESIAN_POINT('',(33.3705585170782,34.2193559228499,1.5));
#3960=CARTESIAN_POINT('Origin',(35.0705585170782,34.2193559228499,1.5));
#3961=CARTESIAN_POINT('',(33.3705585170782,34.2193559228499,0.));
#3962=CARTESIAN_POINT('Origin',(-55.4998978510709,34.220088847352,0.));
#3963=CARTESIAN_POINT('',(-57.1998978510709,34.220088847352,1.5));
#3964=CARTESIAN_POINT('Origin',(-55.4998978510709,34.220088847352,1.5));
#3965=CARTESIAN_POINT('',(-57.1998978510709,34.220088847352,0.));
#3966=CARTESIAN_POINT('Origin',(-55.4998978510709,-40.219911152648,0.));
#3967=CARTESIAN_POINT('',(35.0701021489291,-40.219911152648,1.5));
#3968=CARTESIAN_POINT('',(35.0701021489291,-40.219911152648,0.));
#3969=CARTESIAN_POINT('',(-55.4998978510709,-40.219911152648,1.5));
#3970=CARTESIAN_POINT('',(-55.4998978510709,-40.219911152648,1.5));
#3971=CARTESIAN_POINT('',(-55.4998978510709,-40.219911152648,0.));
#3972=CARTESIAN_POINT('Origin',(-55.4998978510709,-35.219911152648,0.));
#3973=CARTESIAN_POINT('',(-60.4998978510709,-35.219911152648,1.5));
#3974=CARTESIAN_POINT('Origin',(-55.4998978510709,-35.219911152648,1.5));
#3975=CARTESIAN_POINT('',(-60.4998978510709,-35.219911152648,0.));
#3976=CARTESIAN_POINT('Origin',(-60.4998978510709,34.220088847352,0.));
#3977=CARTESIAN_POINT('',(-60.4998978510709,34.220088847352,1.5));
#3978=CARTESIAN_POINT('',(-60.4998978510709,34.220088847352,1.5));
#3979=CARTESIAN_POINT('',(-60.4998978510709,34.220088847352,0.));
#3980=CARTESIAN_POINT('Origin',(-55.4998978510709,34.220088847352,0.));
#3981=CARTESIAN_POINT('',(-55.4998978510709,39.220088847352,1.5));
#3982=CARTESIAN_POINT('Origin',(-55.4998978510709,34.220088847352,1.5));
#3983=CARTESIAN_POINT('',(-55.4998978510709,39.220088847352,0.));
#3984=CARTESIAN_POINT('Origin',(35.0701021489291,39.220088847352,0.));
#3985=CARTESIAN_POINT('',(35.0701021489291,39.220088847352,1.5));
#3986=CARTESIAN_POINT('',(35.0701021489291,39.220088847352,1.5));
#3987=CARTESIAN_POINT('',(35.0701021489291,39.220088847352,0.));
#3988=CARTESIAN_POINT('Origin',(35.0701021489291,34.220088847352,0.));
#3989=CARTESIAN_POINT('',(40.0701021489291,34.220088847352,1.5));
#3990=CARTESIAN_POINT('Origin',(35.0701021489291,34.220088847352,1.5));
#3991=CARTESIAN_POINT('',(40.0701021489291,34.220088847352,0.));
#3992=CARTESIAN_POINT('Origin',(40.0701021489291,-35.219911152648,0.));
#3993=CARTESIAN_POINT('',(40.0701021489291,-35.219911152648,1.5));
#3994=CARTESIAN_POINT('',(40.0701021489291,-35.219911152648,1.5));
#3995=CARTESIAN_POINT('',(40.0701021489291,-35.219911152648,0.));
#3996=CARTESIAN_POINT('Origin',(35.0701021489291,-35.219911152648,0.));
#3997=CARTESIAN_POINT('Origin',(35.0701021489291,-35.219911152648,1.5));
#3998=CARTESIAN_POINT('Origin',(-10.2148978510709,-0.499911152648038,1.5));
#3999=UNCERTAINTY_MEASURE_WITH_UNIT(LENGTH_MEASURE(0.01),#4003,
'DISTANCE_ACCURACY_VALUE',
'Maximum model space distance between geometric entities at asserted c
onnectivities');
#4000=UNCERTAINTY_MEASURE_WITH_UNIT(LENGTH_MEASURE(0.01),#4003,
'DISTANCE_ACCURACY_VALUE',
'Maximum model space distance between geometric entities at asserted c
onnectivities');
#4001=(
GEOMETRIC_REPRESENTATION_CONTEXT(3)
GLOBAL_UNCERTAINTY_ASSIGNED_CONTEXT((#3999))
GLOBAL_UNIT_ASSIGNED_CONTEXT((#4003,#4005,#4006))
REPRESENTATION_CONTEXT('','3D')
);
#4002=(
GEOMETRIC_REPRESENTATION_CONTEXT(3)
GLOBAL_UNCERTAINTY_ASSIGNED_CONTEXT((#4000))
GLOBAL_UNIT_ASSIGNED_CONTEXT((#4003,#4005,#4006))
REPRESENTATION_CONTEXT('','3D')
);
#4003=(
LENGTH_UNIT()
NAMED_UNIT(*)
SI_UNIT(.MILLI.,.METRE.)
);
#4004=(
LENGTH_UNIT()
NAMED_UNIT(*)
SI_UNIT($,.METRE.)
);
#4005=(
NAMED_UNIT(*)
PLANE_ANGLE_UNIT()
SI_UNIT($,.RADIAN.)
);
#4006=(
NAMED_UNIT(*)
SI_UNIT($,.STERADIAN.)
SOLID_ANGLE_UNIT()
);
#4007=SHAPE_DEFINITION_REPRESENTATION(#4008,#4009);
#4008=PRODUCT_DEFINITION_SHAPE('',$,#4011);
#4009=SHAPE_REPRESENTATION('',(#2267),#4001);
#4010=PRODUCT_DEFINITION_CONTEXT('part definition',#4015,'design');
#4011=PRODUCT_DEFINITION('2025-12-04-21-28-01-334','sickhackpadf',#4012,
#4010);
#4012=PRODUCT_DEFINITION_FORMATION('',$,#4017);
#4013=PRODUCT_RELATED_PRODUCT_CATEGORY('sickhackpadf','sickhackpadf',(#4017));
#4014=APPLICATION_PROTOCOL_DEFINITION('international standard',
'automotive_design',2009,#4015);
#4015=APPLICATION_CONTEXT(
'Core Data for Automotive Mechanical Design Process');
#4016=PRODUCT_CONTEXT('part definition',#4015,'mechanical');
#4017=PRODUCT('2025-12-04-21-28-01-334','sickhackpadf',$,(#4016));
#4018=PRESENTATION_STYLE_ASSIGNMENT((#4019));
#4019=SURFACE_STYLE_USAGE(.BOTH.,#4020);
#4020=SURFACE_SIDE_STYLE('',(#4021));
#4021=SURFACE_STYLE_FILL_AREA(#4022);
#4022=FILL_AREA_STYLE('Steel - Satin',(#4023));
#4023=FILL_AREA_STYLE_COLOUR('Steel - Satin',#4024);
#4024=COLOUR_RGB('Steel - Satin',0.627450980392157,0.627450980392157,0.627450980392157);
ENDSEC;
END-ISO-10303-21;
